seq,timestamp_us,sample_count
51277,1678911280,512
51278,1678943405,512
51279,1678976841,512
51280,1679010947,512
51281,1679043188,512
51282,1679075291,512
51283,1679107711,512
51284,1679139958,512
51285,1679172175,512
51286,1679204242,512
51287,1679236550,512
51288,1679268677,512
51289,1679300742,512
51290,1679332788,512
51291,1679364842,512
51292,1679397090,512
51293,1679429170,512
51294,1679461505,512
51295,1679493841,512
51296,1679525870,512
51297,1679557936,512
51298,1679591589,512
51299,1679625794,512
51300,1679657824,512
51301,1679690148,512
51302,1679722307,512
51303,1679754691,512
51304,1679786860,512
51305,1679819018,512
51306,1679851219,512
51307,1679883275,512
51308,1679915492,512
51309,1679947607,512
51310,1679979727,512
51311,1680011850,512
51312,1680043895,512
51313,1680076101,512
51314,1680108268,512
51315,1680140455,512
51316,1680172613,512
51317,1680206937,512
51318,1680240293,512
51319,1680272472,512
51320,1680304812,512
51321,1680337087,512
51322,1680369350,512
51323,1680401400,512
51324,1680433592,512
51325,1680465849,512
51326,1680498260,512
51327,1680530351,512
51328,1680562429,512
51329,1680594482,512
51330,1680626519,512
51331,1680658646,512
51332,1680690733,512
51333,1680722827,512
51334,1680755274,512
51335,1680787330,512
51336,1680821424,512
51337,1680855304,512
51338,1680887721,512
51339,1680919912,512
51340,1680951946,512
51341,1680984244,512
51342,1681016292,512
51343,1681048487,512
51344,1681080577,512
51345,1681112761,512
51346,1681144797,512
51347,1681176955,512
51348,1681209126,512
51349,1681241165,512
51350,1681273576,512
51351,1681305686,512
51352,1681337765,512
51353,1681369934,512
51354,1681401975,512
51355,1681435741,512
51356,1681469856,512
51357,1681501990,512
51358,1681535816,512
51359,1681570186,512
51360,1681602400,512
51361,1681634703,512
51362,1681666834,512
51363,1681699100,512
51364,1681731362,512
51365,1681763396,512
51366,1681795675,512
51367,1681827718,512
51368,1681859920,512
51369,1681892222,512
51370,1681924293,512
51371,1681956395,512
51372,1681988490,512
51373,1682020693,512
51374,1682053508,512
51375,1682085610,512
51376,1682117755,512
51377,1682150485,512
51378,1682184825,512
51379,1682216986,512
51380,1682249327,512
51381,1682281367,512
51382,1682313858,512
51383,1682346098,512
51384,1682378166,512
51385,1682410334,512
51386,1682442463,512
51387,1682474702,512
51388,1682506810,512
51389,1682538894,512
51390,1682571113,512
51391,1682603305,512
51392,1682635314,512
51393,1682667939,512
51394,1682699956,512
51395,1682731976,512
51396,1682765282,512
51397,1682799640,512
51398,1682831766,512
51399,1682864144,512
51400,1682896166,512
51401,1682928170,512
51402,1682960348,512
51403,1682992361,512
51404,1683024647,512
51405,1683056673,512
51406,1683088891,512
51407,1683120917,512
51408,1683153154,512
51409,1683185698,512
51410,1683217832,512
51411,1683250156,512
51412,1683282343,512
51413,1683314473,512
51414,1683346485,512
51415,1683380235,512
51416,1683414307,512
51417,1683446374,512
51418,1683478826,512
51419,1683511171,512
51420,1683543226,512
51421,1683575524,512
51422,1683607677,512
51423,1683639841,512
51424,1683671935,512
51425,1683704063,512
51426,1683736305,512
51427,1683768495,512
51428,1683800662,512
51429,1683832857,512
51430,1683864905,512
51431,1683896968,512
51432,1683929012,512
51433,1683961226,512
51434,1683994821,512
51435,1684029163,512
51436,1684061586,512
51437,1684093988,512
51438,1684125994,512
51439,1684158109,512
51440,1684190372,512
51441,1684222475,512
51442,1684254524,512
51443,1684286532,512
51444,1684318671,512
51445,1684350937,512
51446,1684383126,512
51447,1684415264,512
51448,1684447361,512
51449,1684479459,512
51450,1684511583,512
51451,1684543715,512
51452,1684575883,512
51453,1684609746,512
51454,1684643694,512
51455,1684675961,512
51456,1684708040,512
51457,1684740595,512
51458,1684772758,512
51459,1684804788,512
51460,1684837147,512
51461,1684869205,512
51462,1684901419,512
51463,1684933573,512
51464,1684965669,512
51465,1684997861,512
51466,1685030226,512
51467,1685062385,512
51468,1685094495,512
51469,1685126584,512
51470,1685158613,512
51471,1685190944,512
51472,1685224920,512
51473,1685258306,512
51474,1685290650,512
51475,1685324173,512
51476,1685358826,512
51477,1685391059,512
51478,1685423295,512
51479,1685455691,512
51480,1685487782,512
51481,1685520039,512
51482,1685552147,512
51483,1685584205,512
51484,1685616297,512
51485,1685648600,512
51486,1685680745,512
51487,1685712762,512
51488,1685745113,512
51489,1685777279,512
51490,1685809564,512
51491,1685842309,512
51492,1685874317,512
51493,1685906441,512
51494,1685939174,512
51495,1685974058,512
51496,1686006084,512
51497,1686038271,512
51498,1686070353,512
51499,1686102367,512
51500,1686134788,512
51501,1686166978,512
51502,1686199121,512
51503,1686231196,512
51504,1686263382,512
51505,1686295500,512
51506,1686327659,512
51507,1686359895,512
51508,1686392040,512
51509,1686424125,512
51510,1686456571,512
51511,1686488596,512
51512,1686520803,512
51513,1686553949,512
51514,1686588157,512
51515,1686620661,512
51516,1686652780,512
51517,1686685127,512
51518,1686717327,512
51519,1686749424,512
51520,1686781550,512
51521,1686813570,512
51522,1686845811,512
51523,1686878021,512
51524,1686910075,512
51525,1686942310,512
51526,1686974655,512
51527,1687006717,512
51528,1687038831,512
51529,1687071220,512
51530,1687103273,512
51531,1687135358,512
51532,1687168145,512
51533,1687200172,512
51534,1687232364,512
51535,1687264441,512
51536,1687296602,512
51537,1687328686,512
51538,1687360715,512
51539,1687392752,512
51540,1687424874,512
51541,1687457061,512
51542,1687489141,512
51543,1687521192,512
51544,1687553274,512
51545,1687585317,512
51546,1687617323,512
51547,1687649345,512
51548,1687682378,512
51549,1687714379,512
51550,1687746557,512
51551,1687778715,512
51552,1687810804,512
51553,1687842967,512
51554,1687875147,512
51555,1687907175,512
51556,1687939316,512
51557,1687971422,512
51558,1688003454,512
51559,1688035633,512
51560,1688067700,512
51561,1688099790,512
51562,1688131943,512
51563,1688164031,512
51564,1688197191,512
51565,1688231414,512
51566,1688263582,512
51567,1688296888,512
51568,1688328936,512
51569,1688360981,512
51570,1688393139,512
51571,1688425174,512
51572,1688457254,512
51573,1688489393,512
51574,1688521588,512
51575,1688553759,512
51576,1688585833,512
51577,1688617923,512
51578,1688649950,512
51579,1688682079,512
51580,1688714237,512
51581,1688746355,512
51582,1688778442,512
51583,1688811659,512
51584,1688846180,512
51585,1688878724,512
51586,1688911260,512
51587,1688943456,512
51588,1688975521,512
51589,1689007664,512
51590,1689039739,512
51591,1689071848,512
51592,1689103966,512
51593,1689136150,512
51594,1689168344,512
51595,1689200540,512
51596,1689232608,512
51597,1689264757,512
51598,1689296862,512
51599,1689328887,512
51600,1689360950,512
51601,1689393131,512
51602,1689426200,512
51603,1689460854,512
51604,1689492876,512
51605,1689525933,512
51606,1689558105,512
51607,1689590245,512
51608,1689622288,512
51609,1689654317,512
51610,1689686359,512
51611,1689718449,512
51612,1689750639,512
51613,1689782756,512
51614,1689814883,512
51615,1689846920,512
51616,1689879196,512
51617,1689911408,512
51618,1689943442,512
51619,1689975563,512
51620,1690007720,512
51621,1690040723,512
51622,1690072846,512
51623,1690107554,512
51624,1690141334,512
51625,1690175492,512
51626,1690208006,512
51627,1690242459,512
51628,1690276054,512
51629,1690308538,512
51630,1690342768,512
51631,1690376557,512
51632,1690409043,512
51633,1690441306,512
51634,1690473493,512
51635,1690505781,512
51636,1690537962,512
51637,1690570135,512
51638,1690602234,512
51639,1690634464,512
51640,1690666700,512
51641,1690698712,512
51642,1690731070,512
51643,1690763184,512
51644,1690795371,512
51645,1690827486,512
51646,1690860038,512
51647,1690892226,512
51648,1690924304,512
51649,1690956747,512
51650,1690988863,512
51651,1691020953,512
51652,1691055890,512
51653,1691088067,512
51654,1691120558,512
51655,1691152620,512
51656,1691184877,512
51657,1691216955,512
51658,1691249254,512
51659,1691281358,512
51660,1691313493,512
51661,1691345564,512
51662,1691377779,512
51663,1691409985,512
51664,1691442076,512
51665,1691474181,512
51666,1691506380,512
51667,1691538500,512
51668,1691571403,512
51669,1691603592,512
51670,1691635638,512
51671,1691667683,512
51672,1691699826,512
51673,1691731833,512
51674,1691763896,512
51675,1691795950,512
51676,1691828131,512
51677,1691860241,512
51678,1691892258,512
51679,1691924351,512
51680,1691956509,512
51681,1691988555,512
51682,1692020693,512
51683,1692052750,512
51684,1692085537,512
51685,1692117614,512
51686,1692149616,512
51687,1692181727,512
51688,1692213762,512
51689,1692245938,512
51690,1692277984,512
51691,1692310116,512
51692,1692342271,512
51693,1692374272,512
51694,1692406355,512
51695,1692438558,512
51696,1692470648,512
51697,1692502855,512
51698,1692535014,512
51699,1692567110,512
51700,1692600253,512
51701,1692634685,512
51702,1692666879,512
51703,1692699954,512
51704,1692732056,512
51705,1692764056,512
51706,1692796187,512
51707,1692828279,512
51708,1692860427,512
51709,1692892501,512
51710,1692924545,512
51711,1692956602,512
51712,1692988695,512
51713,1693020863,512
51714,1693053082,512
51715,1693085293,512
51716,1693117478,512
51717,1693149632,512
51718,1693181702,512
51719,1693214916,512
51720,1693249654,512
51721,1693282119,512
51722,1693315130,512
51723,1693349797,512
51724,1693382097,512
51725,1693416193,512
51726,1693450321,512
51727,1693483465,512
51728,1693517221,512
51729,1693551927,512
51730,1693584034,512
51731,1693616054,512
51732,1693648186,512
51733,1693680305,512
51734,1693712483,512
51735,1693744628,512
51736,1693776763,512
51737,1693808816,512
51738,1693840880,512
51739,1693873068,512
51740,1693905195,512
51741,1693937273,512
51742,1693969363,512
51743,1694001495,512
51744,1694034272,512
51745,1694068920,512
51746,1694101084,512
51747,1694134317,512
51748,1694166332,512
51749,1694198357,512
51750,1694230524,512
51751,1694262735,512
51752,1694294892,512
51753,1694326893,512
51754,1694359146,512
51755,1694391399,512
51756,1694423467,512
51757,1694455589,512
51758,1694487782,512
51759,1694519830,512
51760,1694551851,512
51761,1694584027,512
51762,1694616132,512
51763,1694648540,512
51764,1694680686,512
51765,1694712885,512
51766,1694745994,512
51767,1694780174,512
51768,1694812177,512
51769,1694844656,512
51770,1694876998,512
51771,1694909162,512
51772,1694941402,512
51773,1694973557,512
51774,1695005626,512
51775,1695037802,512
51776,1695069810,512
51777,1695102029,512
51778,1695134069,512
51779,1695166499,512
51780,1695198598,512
51781,1695230660,512
51782,1695262896,512
51783,1695295021,512
51784,1695327361,512
51785,1695360388,512
51786,1695394816,512
51787,1695426961,512
51788,1695459351,512
51789,1695491774,512
51790,1695523979,512
51791,1695556067,512
51792,1695588145,512
51793,1695620150,512
51794,1695652544,512
51795,1695684647,512
51796,1695716775,512
51797,1695749004,512
51798,1695781184,512
51799,1695813217,512
51800,1695845378,512
51801,1695877645,512
51802,1695909709,512
51803,1695941888,512
51804,1695975417,512
51805,1696009465,512
51806,1696041644,512
51807,1696074035,512
51808,1696106451,512
51809,1696138548,512
51810,1696170721,512
51811,1696202815,512
51812,1696235038,512
51813,1696267310,512
51814,1696299535,512
51815,1696331695,512
51816,1696363830,512
51817,1696395853,512
51818,1696428045,512
51819,1696460171,512
51820,1696492591,512
51821,1696524711,512
51822,1696556715,512
51823,1696590814,512
51824,1696624162,512
51825,1696656401,512
51826,1696688690,512
51827,1696720939,512
51828,1696753219,512
51829,1696785244,512
51830,1696817555,512
51831,1696849777,512
51832,1696881906,512
51833,1696913981,512
51834,1696945991,512
51835,1696978125,512
51836,1697010397,512
51837,1697042540,512
51838,1697074557,512
51839,1697106888,512
51840,1697139110,512
51841,1697171192,512
51842,1697204886,512
51843,1697238881,512
51844,1697271101,512
51845,1697303367,512
51846,1697335471,512
51847,1697367879,512
51848,1697400234,512
51849,1697432334,512
51850,1697464492,512
51851,1697496686,512
51852,1697528883,512
51853,1697561061,512
51854,1697593258,512
51855,1697625311,512
51856,1697657470,512
51857,1697689532,512
51858,1697721590,512
51859,1697753649,512
51860,1697785758,512
51861,1697819823,512
51862,1697853372,512
51863,1697885790,512
51864,1697919819,512
51865,1697954005,512
51866,1697986147,512
51867,1698018401,512
51868,1698050656,512
51869,1698083092,512
51870,1698115388,512
51871,1698147460,512
51872,1698179545,512
51873,1698211602,512
51874,1698243835,512
51875,1698275980,512
51876,1698308069,512
51877,1698340233,512
51878,1698372305,512
51879,1698404537,512
51880,1698437926,512
51881,1698472296,512
51882,1698504517,512
51883,1698538409,512
51884,1698572673,512
51885,1698604977,512
51886,1698639055,512
51887,1698673223,512
51888,1698705273,512
51889,1698739043,512
51890,1698773282,512
51891,1698805751,512
51892,1698838009,512
51893,1698870018,512
51894,1698902404,512
51895,1698934870,512
51896,1698967001,512
51897,1698999182,512
51898,1699031501,512
51899,1699063587,512
51900,1699095739,512
51901,1699127792,512
51902,1699159878,512
51903,1699191943,512
51904,1699224047,512
51905,1699256983,512
51906,1699289136,512
51907,1699321221,512
51908,1699354265,512
51909,1699388452,512
51910,1699420580,512
51911,1699452701,512
51912,1699484742,512
51913,1699516969,512
51914,1699549010,512
51915,1699581157,512
51916,1699613223,512
51917,1699645251,512
51918,1699677555,512
51919,1699709763,512
51920,1699741900,512
51921,1699773930,512
51922,1699806294,512
51923,1699838807,512
51924,1699871453,512
51925,1699903521,512
51926,1699935692,512
51927,1699968446,512
51928,1700002538,512
51929,1700035145,512
51930,1700067545,512
51931,1700099646,512
51932,1700131665,512
51933,1700163764,512
51934,1700195974,512
51935,1700228246,512
51936,1700260591,512
51937,1700292774,512
51938,1700324791,512
51939,1700356928,512
51940,1700389268,512
51941,1700421287,512
51942,1700453398,512
51943,1700485829,512
51944,1700517963,512
51945,1700550036,512
51946,1700583675,512
51947,1700617924,512
51948,1700650402,512
51949,1700682725,512
51950,1700714868,512
51951,1700746918,512
51952,1700779014,512
51953,1700811039,512
51954,1700843248,512
51955,1700875474,512
51956,1700907849,512
51957,1700939987,512
51958,1700971992,512
51959,1701004358,512
51960,1701036421,512
51961,1701068481,512
51962,1701100583,512
51963,1701132647,512
51964,1701164690,512
51965,1701198938,512
51966,1701232606,512
51967,1701265093,512
51968,1701297463,512
51969,1701329643,512
51970,1701361761,512
51971,1701393944,512
51972,1701425968,512
51973,1701458128,512
51974,1701490272,512
51975,1701522438,512
51976,1701554527,512
51977,1701586689,512
51978,1701618760,512
51979,1701650794,512
51980,1701682974,512
51981,1701715391,512
51982,1701747580,512
51983,1701779663,512
51984,1701813200,512
51985,1701847140,512
51986,1701879283,512
51987,1701911349,512
51988,1701943390,512
51989,1701975567,512
51990,1702007794,512
51991,1702040040,512
51992,1702072116,512
51993,1702104261,512
51994,1702136364,512
51995,1702168591,512
51996,1702200585,512
51997,1702232760,512
51998,1702265029,512
51999,1702297194,512
52000,1702329310,512
52001,1702361418,512
52002,1702393559,512
52003,1702427826,512
52004,1702461537,512
52005,1702493908,512
52006,1702528233,512
52007,1702561810,512
52008,1702594448,512
52009,1702626698,512
52010,1702659059,512
52011,1702691260,512
52012,1702723394,512
52013,1702755483,512
52014,1702787848,512
52015,1702819967,512
52016,1702852131,512
52017,1702884166,512
52018,1702916226,512
52019,1702948602,512
52020,1702981001,512
52021,1703013107,512
52022,1703045665,512
52023,1703077812,512
52024,1703109869,512
52025,1703141920,512
52026,1703173983,512
52027,1703206063,512
52028,1703238141,512
52029,1703270165,512
52030,1703302351,512
52031,1703334416,512
52032,1703366592,512
52033,1703398841,512
52034,1703430955,512
52035,1703462969,512
52036,1703495007,512
52037,1703527083,512
52038,1703559427,512
52039,1703591423,512
52040,1703623537,512
52041,1703657249,512
52042,1703690974,512
52043,1703723292,512
52044,1703757700,512
52045,1703791751,512
52046,1703823908,512
52047,1703856010,512
52048,1703888306,512
52049,1703920779,512
52050,1703953000,512
52051,1703985008,512
52052,1704017178,512
52053,1704049387,512
52054,1704081505,512
52055,1704113629,512
52056,1704145767,512
52057,1704177783,512
52058,1704210017,512
52059,1704242254,512
52060,1704274259,512
52061,1704306272,512
52062,1704338450,512
52063,1704372641,512
52064,1704406324,512
52065,1704438499,512
52066,1704470701,512
52067,1704502766,512
52068,1704534904,512
52069,1704566982,512
52070,1704599223,512
52071,1704631273,512
52072,1704663483,512
52073,1704695875,512
52074,1704728367,512
52075,1704760431,512
52076,1704792542,512
52077,1704824735,512
52078,1704856853,512
52079,1704888912,512
52080,1704920948,512
52081,1704953377,512
52082,1704986640,512
52083,1705020576,512
52084,1705053137,512
52085,1705085485,512
52086,1705117823,512
52087,1705149930,512
52088,1705182278,512
52089,1705214284,512
52090,1705246494,512
52091,1705278826,512
52092,1705311234,512
52093,1705343261,512
52094,1705375334,512
52095,1705407423,512
52096,1705439533,512
52097,1705471620,512
52098,1705503673,512
52099,1705535703,512
52100,1705567776,512
52101,1705602026,512
52102,1705635388,512
52103,1705667850,512
52104,1705700056,512
52105,1705732252,512
52106,1705764615,512
52107,1705796762,512
52108,1705829133,512
52109,1705861166,512
52110,1705893446,512
52111,1705925478,512
52112,1705957755,512
52113,1705989829,512
52114,1706021854,512
52115,1706053877,512
52116,1706086086,512
52117,1706118461,512
52118,1706150595,512
52119,1706182759,512
52120,1706216604,512
52121,1706250036,512
52122,1706282544,512
52123,1706316737,512
52124,1706350916,512
52125,1706382985,512
52126,1706415376,512
52127,1706447526,512
52128,1706479896,512
52129,1706512017,512
52130,1706544504,512
52131,1706576559,512
52132,1706608705,512
52133,1706640716,512
52134,1706672734,512
52135,1706704969,512
52136,1706737198,512
52137,1706769253,512
52138,1706801362,512
52139,1706833780,512
52140,1706865842,512
52141,1706897916,512
52142,1706931191,512
52143,1706965832,512
52144,1706998187,512
52145,1707030302,512
52146,1707062453,512
52147,1707094669,512
52148,1707126814,512
52149,1707158848,512
52150,1707191226,512
52151,1707223286,512
52152,1707255416,512
52153,1707287583,512
52154,1707319692,512
52155,1707351898,512
52156,1707384033,512
52157,1707416244,512
52158,1707448381,512
52159,1707480529,512
52160,1707512642,512
52161,1707545957,512
52162,1707580197,512
52163,1707612379,512
52164,1707644598,512
52165,1707676723,512
52166,1707708752,512
52167,1707740940,512
52168,1707773083,512
52169,1707805307,512
52170,1707837321,512
52171,1707869793,512
52172,1707902065,512
52173,1707934278,512
52174,1707966472,512
52175,1707998587,512
52176,1708030812,512
52177,1708062919,512
52178,1708095295,512
52179,1708127504,512
52180,1708160465,512
52181,1708194569,512
52182,1708227105,512
52183,1708259148,512
52184,1708291190,512
52185,1708323491,512
52186,1708355573,512
52187,1708387756,512
52188,1708419892,512
52189,1708452150,512
52190,1708484217,512
52191,1708516694,512
52192,1708548981,512
52193,1708581287,512
52194,1708613375,512
52195,1708645413,512
52196,1708677539,512
52197,1708709611,512
52198,1708741931,512
52199,1708775750,512
52200,1708809827,512
52201,1708841847,512
52202,1708874181,512
52203,1708906487,512
52204,1708938728,512
52205,1708970872,512
52206,1709002881,512
52207,1709035230,512
52208,1709067292,512
52209,1709099358,512
52210,1709131575,512
52211,1709163843,512
52212,1709195910,512
52213,1709228109,512
52214,1709260222,512
52215,1709292414,512
52216,1709324605,512
52217,1709356900,512
52218,1709390847,512
52219,1709424458,512
52220,1709456828,512
52221,1709489033,512
52222,1709521125,512
52223,1709553366,512
52224,1709585614,512
52225,1709617759,512
52226,1709649943,512
52227,1709682061,512
52228,1709714244,512
52229,1709746323,512
52230,1709778809,512
52231,1709810981,512
52232,1709843083,512
52233,1709875090,512
52234,1709907200,512
52235,1709939363,512
52236,1709971474,512
52237,1710005556,512
52238,1710038986,512
52239,1710071218,512
52240,1710103302,512
52241,1710135479,512
52242,1710167651,512
52243,1710199871,512
52244,1710232321,512
52245,1710264483,512
52246,1710296713,512
52247,1710328767,512
52248,1710360956,512
52249,1710393133,512
52250,1710425344,512
52251,1710457382,512
52252,1710489505,512
52253,1710521961,512
52254,1710554104,512
52255,1710586230,512
52256,1710619839,512
52257,1710653718,512
52258,1710685799,512
52259,1710719909,512
52260,1710754201,512
52261,1710786318,512
52262,1710818735,512
52263,1710850987,512
52264,1710883341,512
52265,1710915472,512
52266,1710947665,512
52267,1710979745,512
52268,1711011819,512
52269,1711043964,512
52270,1711076065,512
52271,1711108327,512
52272,1711140567,512
52273,1711172577,512
52274,1711204696,512
52275,1711237350,512
52276,1711269403,512
52277,1711301475,512
52278,1711333649,512
52279,1711365838,512
52280,1711397953,512
52281,1711430054,512
52282,1711462234,512
52283,1711494302,512
52284,1711526381,512
52285,1711558537,512
52286,1711590533,512
52287,1711622692,512
52288,1711654752,512
52289,1711686834,512
52290,1711719133,512
52291,1711751523,512
52292,1711783583,512
52293,1711815719,512
52294,1711849004,512
52295,1711883145,512
52296,1711915334,512
52297,1711949090,512
52298,1711983531,512
52299,1712015949,512
52300,1712048029,512
52301,1712080124,512
52302,1712112326,512
52303,1712144377,512
52304,1712176572,512
52305,1712208853,512
52306,1712241060,512
52307,1712273197,512
52308,1712305364,512
52309,1712337622,512
52310,1712369819,512
52311,1712401942,512
52312,1712434090,512
52313,1712466602,512
52314,1712498736,512
52315,1712530904,512
52316,1712564693,512
52317,1712598352,512
52318,1712630393,512
52319,1712662747,512
52320,1712695038,512
52321,1712727349,512
52322,1712759386,512
52323,1712791552,512
52324,1712823816,512
52325,1712855928,512
52326,1712888137,512
52327,1712920337,512
52328,1712952382,512
52329,1712984769,512
52330,1713017024,512
52331,1713049052,512
52332,1713081205,512
52333,1713113221,512
52334,1713145357,512
52335,1713179523,512
52336,1713212923,512
52337,1713245072,512
52338,1713277358,512
52339,1713309400,512
52340,1713341568,512
52341,1713373711,512
52342,1713405822,512
52343,1713438269,512
52344,1713470626,512
52345,1713502703,512
52346,1713534790,512
52347,1713566974,512
52348,1713599259,512
52349,1713631362,512
52350,1713663509,512
52351,1713695585,512
52352,1713727701,512
52353,1713759889,512
52354,1713794066,512
52355,1713827763,512
52356,1713859778,512
52357,1713892014,512
52358,1713924150,512
52359,1713956326,512
52360,1713988359,512
52361,1714020607,512
52362,1714052686,512
52363,1714084772,512
52364,1714116887,512
52365,1714149137,512
52366,1714181199,512
52367,1714213455,512
52368,1714245728,512
52369,1714278109,512
52370,1714310636,512
52371,1714342793,512
52372,1714374880,512
52373,1714408591,512
52374,1714442094,512
52375,1714474491,512
52376,1714508532,512
52377,1714542739,512
52378,1714575011,512
52379,1714607188,512
52380,1714639554,512
52381,1714671624,512
52382,1714703935,512
52383,1714736001,512
52384,1714768271,512
52385,1714800496,512
52386,1714832521,512
52387,1714864658,512
52388,1714896854,512
52390,1714961239,512
52391,1714993405,512
52392,1715026603,512
52393,1715061169,512
52394,1715093272,512
52395,1715126865,512
52396,1715158888,512
52397,1715190969,512
52398,1715223078,512
52399,1715255088,512
52400,1715287226,512
52401,1715319403,512
52402,1715351483,512
52403,1715383638,512
52404,1715415762,512
52405,1715447832,512
52406,1715479905,512
52407,1715511975,512
52408,1715544083,512
52409,1715576217,512
52410,1715608295,512
52411,1715640769,512
52412,1715672832,512
52413,1715704966,512
52414,1715737190,512
52415,1715769300,512
52416,1715801425,512
52417,1715833601,512
52418,1715865690,512
52419,1715897739,512
52420,1715929761,512
52421,1715961935,512
52422,1715993986,512
52423,1716026148,512
52424,1716058285,512
52425,1716090474,512
52426,1716122552,512
52427,1716154715,512
52428,1716186888,512
52429,1716218989,512
52430,1716251264,512
52431,1716283353,512
52432,1716315530,512
52433,1716347547,512
52434,1716379702,512
52435,1716411839,512
52436,1716443933,512
52437,1716475992,512
52438,1716508015,512
52439,1716540198,512
52440,1716572306,512
52441,1716604494,512
52442,1716636556,512
52443,1716668647,512
52444,1716700655,512
52445,1716732813,512
52446,1716766074,512
52447,1716800722,512
52448,1716832870,512
52449,1716865869,512
52450,1716897968,512
52451,1716930175,512
52452,1716962545,512
52453,1716994664,512
52454,1717026751,512
52455,1717058779,512
52456,1717090796,512
52457,1717122810,512
52458,1717154991,512
52459,1717187116,512
52460,1717219315,512
52461,1717251415,512
52462,1717283503,512
52463,1717315691,512
52464,1717347845,512
52465,1717380513,512
52466,1717412646,512
52467,1717444804,512
52468,1717477005,512
52469,1717509019,512
52470,1717541177,512
52471,1717573346,512
52472,1717605516,512
52473,1717637613,512
52474,1717669777,512
52475,1717701931,512
52476,1717734001,512
52477,1717766087,512
52478,1717798239,512
52479,1717830351,512
52480,1717862365,512
52481,1717894398,512
52482,1717926542,512
52483,1717958717,512
52484,1717992852,512
52485,1718025850,512
52486,1718058165,512
52487,1718090358,512
52488,1718122590,512
52489,1718155068,512
52490,1718187293,512
52491,1718219357,512
52492,1718251557,512
52493,1718283706,512
52494,1718315851,512
52495,1718347959,512
52496,1718380259,512
52497,1718412375,512
52498,1718444605,512
52499,1718476746,512
52500,1718509091,512
52501,1718541135,512
52502,1718573290,512
52503,1718607139,512
52504,1718640711,512
52505,1718673102,512
52506,1718705345,512
52507,1718737713,512
52508,1718769828,512
52509,1718801858,512
52510,1718833995,512
52511,1718866278,512
52512,1718898527,512
52513,1718930682,512
52514,1718962809,512
52515,1718994911,512
52516,1719027009,512
52517,1719059087,512
52518,1719091323,512
52519,1719123728,512
52520,1719155759,512
52521,1719187845,512
52522,1719221399,512
52523,1719255660,512
52524,1719288011,512
52525,1719321087,512
52526,1719353272,512
52527,1719385378,512
52528,1719417381,512
52529,1719449550,512
52530,1719481664,512
52531,1719513722,512
52532,1719545924,512
52533,1719577953,512
52534,1719610025,512
52535,1719642176,512
52536,1719674178,512
52537,1719706272,512
52538,1719738698,512
52539,1719770826,512
52540,1719802846,512
52541,1719836361,512
52542,1719870147,512
52543,1719902285,512
52544,1719936355,512
52545,1719970588,512
52546,1720002678,512
52547,1720035145,512
52548,1720067306,512
52549,1720099811,512
52550,1720131860,512
52551,1720164087,512
52552,1720196118,512
52553,1720228321,512
52554,1720260453,512
52555,1720292649,512
52556,1720324670,512
52557,1720356953,512
52558,1720388945,512
52559,1720420974,512
52560,1720453367,512
52561,1720485486,512
52562,1720517697,512
52563,1720551220,512
52564,1720585271,512
52565,1720617456,512
52566,1720649815,512
52567,1720682143,512
52568,1720714292,512
52569,1720746618,512
52570,1720778786,512
52571,1720810885,512
52572,1720843030,512
52573,1720875070,512
52574,1720907092,512
52575,1720939322,512
52576,1720971469,512
52577,1721003636,512
52578,1721035772,512
52579,1721067880,512
52580,1721099892,512
52581,1721131933,512
52582,1721164785,512
52583,1721196930,512
52584,1721228921,512
52585,1721261231,512
52586,1721293298,512
52587,1721325383,512
52588,1721357555,512
52589,1721389638,512
52590,1721421639,512
52591,1721453676,512
52592,1721485798,512
52593,1721517846,512
52594,1721550075,512
52595,1721582223,512
52596,1721614323,512
52597,1721646697,512
52598,1721678823,512
52599,1721710974,512
52600,1721743098,512
52601,1721775193,512
52602,1721807384,512
52603,1721839393,512
52604,1721871795,512
52605,1721903795,512
52606,1721935824,512
52607,1721967867,512
52608,1721999875,512
52609,1722032197,512
52610,1722064226,512
52611,1722096558,512
52612,1722128733,512
52613,1722160846,512
52614,1722194260,512
52615,1722228318,512
52617,1722293783,512
52618,1722325803,512
52619,1722357984,512
52620,1722390031,512
52621,1722422140,512
52622,1722454319,512
52623,1722486395,512
52624,1722518483,512
52625,1722550486,512
52626,1722582651,512
52627,1722614676,512
52628,1722646840,512
52629,1722679058,512
52630,1722711076,512
52631,1722743274,512
52632,1722775368,512
52633,1722808367,512
52634,1722840525,512
52635,1722872722,512
52636,1722904843,512
52637,1722936983,512
52638,1722969168,512
52639,1723001287,512
52640,1723033318,512
52641,1723065411,512
52642,1723097538,512
52643,1723129669,512
52644,1723161797,512
52645,1723193917,512
52646,1723226086,512
52647,1723258111,512
52648,1723290115,512
52649,1723322188,512
52650,1723354377,512
52651,1723386476,512
52652,1723419379,512
52653,1723454139,512
52654,1723486363,512
52655,1723520161,512
52656,1723554417,512
52657,1723586556,512
52658,1723618799,512
52659,1723650840,512
52660,1723683364,512
52661,1723715440,512
52662,1723747496,512
52663,1723779887,512
52664,1723811979,512
52665,1723844313,512
52666,1723876478,512
52667,1723908490,512
52668,1723940617,512
52669,1723972716,512
52670,1724004716,512
52671,1724037510,512
52672,1724069688,512
52673,1724101796,512
52674,1724134901,512
52675,1724169023,512
52676,1724201080,512
52677,1724233492,512
52678,1724265756,512
52679,1724297924,512
52680,1724330177,512
52681,1724362430,512
52682,1724394522,512
52683,1724426740,512
52684,1724459047,512
52685,1724491080,512
52686,1724523229,512
52687,1724555355,512
52688,1724587447,512
52689,1724619716,512
52690,1724652323,512
52691,1724684434,512
52692,1724716442,512
52693,1724749630,512
52694,1724783688,512
52695,1724815881,512
52696,1724848067,512
52697,1724880073,512
52698,1724912261,512
52699,1724944487,512
52700,1724976801,512
52701,1725009268,512
52702,1725041409,512
52703,1725073445,512
52704,1725105586,512
52705,1725137920,512
52706,1725170105,512
52707,1725202134,512
52708,1725234187,512
52709,1725266746,512
52710,1725298850,512
52711,1725330865,512
52712,1725364488,512
52713,1725398929,512
52714,1725431151,512
52715,1725463226,512
52716,1725495309,512
52717,1725527405,512
52718,1725559668,512
52719,1725591834,512
52720,1725623939,512
52721,1725656113,512
52722,1725688376,512
52723,1725720521,512
52724,1725752707,512
52725,1725784879,512
52726,1725817026,512
52727,1725849093,512
52728,1725881348,512
52729,1725913431,512
52730,1725945534,512
52731,1725979569,512
52732,1726013218,512
52733,1726045219,512
52734,1726077444,512
52735,1726109624,512
52736,1726142054,512
52737,1726174338,512
52738,1726206492,512
52739,1726238612,512
52740,1726270764,512
52741,1726302786,512
52742,1726335044,512
52743,1726367226,512
52744,1726399311,512
52745,1726431433,512
52746,1726463456,512
52747,1726495770,512
52748,1726527863,512
52749,1726560089,512
52750,1726594449,512
52751,1726627795,512
52752,1726660006,512
52753,1726694002,512
52754,1726728270,512
52755,1726760360,512
52756,1726792755,512
52757,1726825204,512
52758,1726857235,512
52759,1726889480,512
52760,1726921596,512
52761,1726953709,512
52762,1726985942,512
52763,1727018221,512
52764,1727050376,512
52765,1727082487,512
52766,1727114612,512
52767,1727146987,512
52768,1727179105,512
52769,1727211535,512
52770,1727243736,512
52771,1727275756,512
52772,1727308869,512
52773,1727343015,512
52774,1727375191,512
52775,1727407384,512
52776,1727439422,512
52777,1727471526,512
52778,1727503615,512
52779,1727535738,512
52780,1727567989,512
52781,1727600307,512
52782,1727632802,512
52783,1727664924,512
52784,1727697097,512
52785,1727729125,512
52786,1727761217,512
52787,1727793489,512
52788,1727825557,512
52789,1727857856,512
52790,1727890007,512
52791,1727923593,512
52792,1727957734,512
52793,1727990156,512
52794,1728022168,512
52795,1728054476,512
52796,1728086607,512
52797,1728118810,512
52798,1728151073,512
52799,1728183217,512
52800,1728215400,512
52801,1728247545,512
52802,1728279709,512
52803,1728311742,512
52804,1728343870,512
52805,1728376059,512
52806,1728408138,512
52807,1728440201,512
52808,1728472491,512
52809,1728504489,512
52810,1728538182,512
52811,1728572096,512
52812,1728604962,512
52813,1728637252,512
52814,1728669430,512
52815,1728701597,512
52816,1728733708,512
52817,1728765830,512
52818,1728798002,512
52819,1728830034,512
52820,1728862383,512
52821,1728894386,512
52822,1728926521,512
52823,1728958638,512
52824,1728991004,512
52825,1729023186,512
52826,1729055329,512
52827,1729087404,512
52828,1729119435,512
52829,1729153080,512
52830,1729186594,512
52831,1729219274,512
52832,1729251445,512
52833,1729283457,512
52834,1729315533,512
52835,1729347769,512
52836,1729379961,512
52837,1729411985,512
52838,1729444259,512
52839,1729476277,512
52840,1729508496,512
52841,1729540649,512
52842,1729572795,512
52843,1729604887,512
52844,1729637116,512
52845,1729669331,512
52846,1729701460,512
52847,1729733462,512
52848,1729767774,512
52849,1729802162,512
52850,1729834515,512
52851,1729866637,512
52852,1729898752,512
52853,1729930844,512
52854,1729962875,512
52855,1729995072,512
52856,1730027152,512
52857,1730059426,512
52858,1730091636,512
52859,1730123777,512
52860,1730155894,512
52861,1730188038,512
52862,1730220051,512
52863,1730252317,512
52864,1730284602,512
52865,1730316649,512
52866,1730348861,512
52867,1730382851,512
52868,1730416071,512
52869,1730448631,512
52870,1730480794,512
52871,1730512844,512
52872,1730544916,512
52873,1730577203,512
52874,1730609260,512
52875,1730641359,512
52876,1730673684,512
52877,1730706123,512
52878,1730738307,512
52879,1730770586,512
52880,1730802610,512
52881,1730834821,512
52882,1730866880,512
52883,1730899246,512
52884,1730931292,512
52885,1730963317,512
52886,1730997593,512
52887,1731030793,512
52888,1731063386,512
52889,1731095849,512
52890,1731127957,512
52891,1731160098,512
52892,1731192381,512
52893,1731224460,512
52894,1731256494,512
52895,1731288642,512
52896,1731320794,512
52897,1731353054,512
52898,1731385193,512
52899,1731417515,512
52900,1731449580,512
52901,1731481692,512
52902,1731514074,512
52903,1731546174,512
52904,1731578238,512
52905,1731611460,512
52906,1731645899,512
52907,1731677959,512
52908,1731711693,512
52909,1731746304,512
52910,1731778390,512
52911,1731810769,512
52912,1731842944,512
52913,1731875262,512
52914,1731907620,512
52915,1731939814,512
52916,1731971993,512
52917,1732003995,512
52918,1732036023,512
52919,1732068219,512
52920,1732100379,512
52921,1732132447,512
52922,1732164524,512
52923,1732196848,512
52924,1732228947,512
52925,1732261061,512
52926,1732293169,512
52927,1732326807,512
52928,1732360830,512
52929,1732393076,512
52930,1732425495,512
52931,1732457542,512
52932,1732489553,512
52933,1732521628,512
52934,1732553862,512
52935,1732586133,512
52936,1732618564,512
52937,1732650823,512
52938,1732683045,512
52939,1732715182,512
52940,1732747228,512
52941,1732779251,512
52942,1732811384,512
52943,1732843681,512
52944,1732875745,512
52945,1732907801,512
52946,1732941422,512
52947,1732975223,512
52948,1733007783,512
52949,1733040006,512
52950,1733072362,512
52951,1733104663,512
52952,1733136906,512
52953,1733169023,512
52954,1733201054,512
52955,1733233249,512
52956,1733265331,512
52957,1733297611,512
52958,1733329849,512
52959,1733362047,512
52960,1733394451,512
52961,1733426527,512
52962,1733458616,512
52963,1733490649,512
52964,1733522768,512
52965,1733556919,512
52966,1733589933,512
52967,1733622512,512
52968,1733654829,512
52969,1733686860,512
52970,1733719011,512
52971,1733751027,512
52972,1733783231,512
52973,1733815359,512
52974,1733847471,512
52975,1733879563,512
52976,1733911908,512
52977,1733944089,512
52978,1733976552,512
52979,1734008578,512
52980,1734040861,512
52981,1734073078,512
52982,1734105132,512
52983,1734137252,512
52984,1734171618,512
52985,1734204569,512
52986,1734237183,512
52987,1734269372,512
52988,1734301517,512
52989,1734333647,512
52990,1734365828,512
52991,1734397928,512
52992,1734429957,512
52993,1734462109,512
52994,1734494341,512
52995,1734526399,512
52996,1734558511,512
52997,1734590653,512
52998,1734622850,512
52999,1734654987,512
53000,1734687166,512
53001,1734719374,512
53002,1734751394,512
53003,1734786151,512
53004,1734819540,512
53005,1734851894,512
53006,1734885582,512
53007,1734920596,512
53008,1734952729,512
53009,1734985041,512
53010,1735017089,512
53011,1735049192,512
53012,1735081338,512
53013,1735113501,512
53014,1735145844,512
53015,1735177900,512
53016,1735210176,512
53017,1735242335,512
53018,1735274370,512
53019,1735306588,512
53020,1735338655,512
53021,1735370834,512
53022,1735403678,512
53023,1735435694,512
53024,1735467880,512
53025,1735500539,512
53026,1735534990,512
53027,1735566994,512
53028,1735599343,512
53029,1735631752,512
53030,1735663931,512
53031,1735696007,512
53032,1735728157,512
53033,1735760476,512
53034,1735792665,512
53035,1735824784,512
53036,1735856918,512
53037,1735888924,512
53038,1735921182,512
53039,1735953274,512
53040,1735985324,512
53041,1736018452,512
53042,1736050475,512
53043,1736082645,512
53044,1736115449,512
53045,1736149672,512
53046,1736181816,512
53047,1736214099,512
53048,1736246403,512
53049,1736278582,512
53050,1736310937,512
53051,1736343002,512
53052,1736375149,512
53053,1736407170,512
53054,1736439332,512
53055,1736471527,512
53056,1736503765,512
53057,1736535835,512
53058,1736567832,512
53059,1736600172,512
53060,1736632223,512
53061,1736664301,512
53062,1736696436,512
53063,1736729792,512
53064,1736764369,512
53065,1736796768,512
53066,1736829141,512
53067,1736861341,512
53068,1736893423,512
53069,1736925460,512
53070,1736957545,512
53071,1736989716,512
53072,1737021814,512
53073,1737054033,512
53074,1737086115,512
53075,1737118507,512
53076,1737150645,512
53077,1737182791,512
53078,1737214976,512
53079,1737247264,512
53080,1737279284,512
53081,1737311464,512
53082,1737344800,512
53083,1737378833,512
53084,1737411093,512
53085,1737443345,512
53086,1737475565,512
53087,1737507934,512
53088,1737540312,512
53089,1737572474,512
53090,1737604513,512
53091,1737636575,512
53092,1737668771,512
53093,1737700970,512
53094,1737733047,512
53095,1737765070,512
53096,1737797170,512
53097,1737829533,512
53098,1737861774,512
53099,1737893920,512
53100,1737926031,512
53101,1737960245,512
53102,1737993752,512
53103,1738025821,512
53104,1738057973,512
53105,1738090140,512
53106,1738122304,512
53107,1738154437,512
53108,1738186573,512
53109,1738218611,512
53110,1738250854,512
53111,1738282911,512
53112,1738315460,512
53113,1738347802,512
53114,1738379878,512
53115,1738411906,512
53116,1738444225,512
53117,1738476274,512
53118,1738508403,512
53119,1738540508,512
53120,1738575320,512
53121,1738607955,512
53122,1738640570,512
53123,1738672681,512
53124,1738704795,512
53125,1738737153,512
53126,1738769164,512
53127,1738801223,512
53128,1738833427,512
53129,1738865521,512
53130,1738897675,512
53131,1738929904,512
53132,1738961995,512
53133,1738994090,512
53134,1739026195,512
53135,1739058632,512
53136,1739091218,512
53137,1739123220,512
53138,1739155376,512
53139,1739189458,512
53140,1739223335,512
53141,1739255767,512
53142,1739289326,512
53143,1739323503,512
53144,1739355694,512
53145,1739388063,512
53146,1739420147,512
53147,1739452672,512
53148,1739484736,512
53149,1739516809,512
53150,1739548936,512
53151,1739581074,512
53152,1739613086,512
53153,1739645360,512
53154,1739677487,512
53155,1739709692,512
53156,1739741830,512
53157,1739773974,512
53158,1739806952,512
53159,1739839101,512
53160,1739871242,512
53161,1739904101,512
53162,1739938173,512
53163,1739970284,512
53164,1740002779,512
53165,1740035153,512
53166,1740067322,512
53167,1740099393,512
53168,1740131605,512
53169,1740163805,512
53170,1740195847,512
53171,1740227939,512
53172,1740260204,512
53173,1740292409,512
53174,1740324464,512
53175,1740356499,512
53176,1740388757,512
53177,1740421133,512
53178,1740453265,512
53179,1740485428,512
53180,1740518667,512
53181,1740552952,512
53182,1740585064,512
53183,1740617311,512
53184,1740649389,512
53185,1740681406,512
53186,1740713632,512
53187,1740745788,512
53188,1740777819,512
53189,1740810047,512
53190,1740842113,512
53191,1740874242,512
53192,1740906401,512
53193,1740938655,512
53194,1740970888,512
53195,1741002969,512
53196,1741035798,512
53197,1741067863,512
53198,1741099999,512
53199,1741133419,512
53200,1741167595,512
53201,1741199817,512
53202,1741232156,512
53203,1741264496,512
53204,1741296828,512
53205,1741328938,512
53206,1741361155,512
53207,1741393508,512
53208,1741425665,512
53209,1741457770,512
53210,1741489794,512
53211,1741521916,512
53212,1741554096,512
53213,1741586138,512
53214,1741618192,512
53215,1741650487,512
53216,1741682643,512
53217,1741714749,512
53218,1741748162,512
53219,1741782390,512
53220,1741814465,512
53221,1741846697,512
53222,1741879119,512
53223,1741911507,512
53224,1741943564,512
53225,1741975636,512
53226,1742007703,512
53227,1742039838,512
53228,1742071853,512
53229,1742103945,512
53230,1742136405,512
53231,1742168588,512
53232,1742200727,512
53233,1742232873,512
53234,1742265333,512
53235,1742297350,512
53236,1742329388,512
53237,1742363514,512
53238,1742396892,512
53239,1742429173,512
53240,1742461387,512
53241,1742493478,512
53242,1742525764,512
53243,1742558134,512
53244,1742590472,512
53245,1742622535,512
53246,1742654790,512
53247,1742686810,512
53248,1742718907,512
53249,1742751175,512
53250,1742783436,512
53251,1742815485,512
53252,1742847628,512
53253,1742879847,512
53254,1742911889,512
53255,1742944064,512
53256,1742977996,512
53257,1743011620,512
53258,1743043837,512
53259,1743075940,512
53260,1743108044,512
53261,1743140175,512
53262,1743172330,512
53263,1743204648,512
53264,1743236805,512
53265,1743269199,512
53266,1743301391,512
53267,1743333650,512
53268,1743365660,512
53269,1743397893,512
53270,1743430099,512
53271,1743462197,512
53272,1743494783,512
53273,1743526792,512
53274,1743558988,512
53275,1743592308,512
53276,1743626316,512
53277,1743658483,512
53278,1743690669,512
53279,1743722733,512
53280,1743755424,512
53281,1743787654,512
53282,1743819795,512
53283,1743851940,512
53284,1743884203,512
53285,1743916221,512
53286,1743948300,512
53287,1743980521,512
53288,1744012664,512
53289,1744044824,512
53290,1744076905,512
53291,1744108971,512
53292,1744141317,512
53293,1744173492,512
53294,1744206088,512
53295,1744238140,512
53296,1744270282,512
53297,1744302631,512
53298,1744334645,512
53299,1744366768,512
53300,1744398875,512
53301,1744431031,512
53302,1744463248,512
53303,1744495436,512
53304,1744527486,512
53305,1744559624,512
53306,1744591805,512
53307,1744623954,512
53308,1744656000,512
53309,1744688161,512
53310,1744720788,512
53311,1744755404,512
53312,1744787442,512
53313,1744821350,512
53314,1744855456,512
53315,1744887995,512
53316,1744921455,512
53317,1744953578,512
53318,1744985668,512
53319,1745017839,512
53320,1745049863,512
53321,1745081954,512
53322,1745114069,512
53323,1745146163,512
53324,1745178342,512
53325,1745210392,512
53326,1745242588,512
53327,1745274727,512
53328,1745306838,512
53329,1745339028,512
53330,1745371162,512
53331,1745403194,512
53332,1745435862,512
53333,1745470408,512
53334,1745502576,512
53335,1745536720,512
53336,1745570869,512
53337,1745603073,512
53338,1745635270,512
53339,1745667465,512
53340,1745699811,512
53341,1745732192,512
53342,1745764230,512
53343,1745796348,512
53344,1745828668,512
53345,1745860821,512
53346,1745892917,512
53347,1745925012,512
53348,1745957203,512
53349,1745989394,512
53350,1746021567,512
53351,1746053664,512
53352,1746085840,512
53353,1746117936,512
53354,1746151802,512
53355,1746185595,512
53356,1746217944,512
53357,1746250038,512
53358,1746282527,512
53359,1746314693,512
53360,1746346768,512
53361,1746378868,512
53362,1746410985,512
53363,1746443340,512
53364,1746475465,512
53365,1746507548,512
53366,1746539591,512
53367,1746571696,512
53368,1746603763,512
53369,1746636102,512
53370,1746668488,512
53371,1746700529,512
53372,1746732698,512
53373,1746766617,512
53374,1746800403,512
53375,1746832408,512
53376,1746864662,512
53377,1746896850,512
53378,1746928941,512
53379,1746961240,512
53380,1746993475,512
53381,1747025810,512
53382,1747057998,512
53383,1747090021,512
53384,1747122259,512
53385,1747154274,512
53386,1747186535,512
53387,1747218729,512
53388,1747250741,512
53389,1747283306,512
53390,1747315330,512
53391,1747347526,512
53392,1747381476,512
53393,1747415155,512
53394,1747447246,512
53395,1747480683,512
53396,1747515373,512
53397,1747547586,512
53398,1747579931,512
53399,1747611965,512
53400,1747644048,512
53401,1747676294,512
53402,1747708305,512
53403,1747740454,512
53404,1747772615,512
53405,1747804817,512
53406,1747836887,512
53407,1747869084,512
53408,1747901280,512
53409,1747933332,512
53410,1747965351,512
53411,1747998858,512
53412,1748030988,512
53413,1748063023,512
53414,1748095401,512
53415,1748127537,512
53416,1748159661,512
53417,1748194490,512
53418,1748226662,512
53419,1748258731,512
53420,1748290966,512
53421,1748323034,512
53422,1748355068,512
53423,1748387350,512
53424,1748419398,512
53425,1748451655,512
53426,1748483817,512
53427,1748515863,512
53428,1748547963,512
53429,1748580195,512
53430,1748613125,512
53431,1748645269,512
53432,1748677426,512
53433,1748710669,512
53434,1748744853,512
53435,1748777003,512
53436,1748809273,512
53437,1748841767,512
53438,1748873947,512
53439,1748906084,512
53440,1748938294,512
53441,1748970304,512
53442,1749002472,512
53443,1749034798,512
53444,1749066962,512
53445,1749099177,512
53446,1749131326,512
53447,1749163385,512
53448,1749195484,512
53449,1749227661,512
53450,1749259820,512
53451,1749291830,512
53452,1749325435,512
53453,1749359519,512
53454,1749391712,512
53455,1749423890,512
53456,1749456072,512
53457,1749488162,512
53458,1749520260,512
53459,1749552350,512
53460,1749584624,512
53461,1749616811,512
53462,1749649048,512
53463,1749681312,512
53464,1749713540,512
53466,1749777824,512
53467,1749809880,512
53468,1749842588,512
53469,1749874779,512
53470,1749906906,512
53471,1749940097,512
53472,1749973907,512
53473,1750006445,512
53474,1750038594,512
53475,1750070616,512
53476,1750102752,512
53477,1750134982,512
53478,1750167103,512
53479,1750199262,512
53480,1750231307,512
53481,1750263855,512
53482,1750296190,512
53483,1750328411,512
53484,1750360456,512
53485,1750392784,512
53486,1750424840,512
53487,1750457095,512
53488,1750489178,512
53489,1750521240,512
53490,1750555354,512
53491,1750589326,512
53492,1750621661,512
53493,1750653867,512
53494,1750686066,512
53495,1750718117,512
53496,1750750140,512
53497,1750782264,512
53498,1750814353,512
53499,1750846671,512
53500,1750878844,512
53501,1750910908,512
53502,1750943068,512
53503,1750975243,512
53504,1751007261,512
53505,1751039358,512
53506,1751071521,512
53507,1751103618,512
53508,1751135950,512
53509,1751169876,512
53510,1751203579,512
53511,1751235924,512
53512,1751268445,512
53513,1751300666,512
53514,1751332733,512
53515,1751364825,512
53516,1751396899,512
53517,1751429219,512
53518,1751461308,512
53519,1751493397,512
53520,1751525561,512
53521,1751557801,512
53522,1751590117,512
53523,1751622499,512
53524,1751654600,512
53525,1751686650,512
53526,1751718778,512
53527,1751750962,512
53528,1751784422,512
53529,1751818317,512
53530,1751850566,512
53531,1751882813,512
53532,1751915155,512
53533,1751947444,512
53534,1751979565,512
53535,1752011624,512
53536,1752043637,512
53537,1752075933,512
53538,1752108353,512
53539,1752140492,512
53540,1752172607,512
53541,1752204679,512
53542,1752236840,512
53543,1752269020,512
53544,1752301093,512
53545,1752333244,512
53546,1752365284,512
53547,1752398938,512
53548,1752432682,512
53549,1752465242,512
53550,1752499237,512
53551,1752533176,512
53552,1752565646,512
53553,1752597955,512
53554,1752630303,512
53555,1752662480,512
53556,1752694835,512
53557,1752727067,512
53558,1752759160,512
53559,1752791367,512
53560,1752823456,512
53561,1752855538,512
53562,1752887627,512
53563,1752919864,512
53564,1752951916,512
53565,1752984091,512
53566,1753016360,512
53567,1753048490,512
53568,1753080645,512
53569,1753113696,512
53570,1753148144,512
53571,1753180354,512
53572,1753212708,512
53573,1753245133,512
53574,1753277399,512
53575,1753309525,512
53576,1753341645,512
53577,1753373703,512
53578,1753405798,512
53579,1753437984,512
53580,1753469991,512
53581,1753502221,512
53582,1753534372,512
53583,1753566491,512
53584,1753598642,512
53585,1753631014,512
53586,1753663170,512
53587,1753695360,512
53588,1753728908,512
53589,1753762873,512
53590,1753795624,512
53591,1753827762,512
53592,1753859803,512
53593,1753891922,512
53594,1753923981,512
53595,1753956037,512
53596,1753988456,512
53597,1754020478,512
53598,1754052603,512
53599,1754084626,512
53600,1754117059,512
53601,1754149187,512
53602,1754181349,512
53603,1754213524,512
53604,1754245630,512
53605,1754277662,512
53606,1754309713,512
53607,1754344296,512
53608,1754377438,512
53609,1754409644,512
53610,1754441726,512
53611,1754473801,512
53612,1754505960,512
53613,1754538068,512
53614,1754570674,512
53615,1754602931,512
53616,1754635262,512
53617,1754667435,512
53618,1754699485,512
53619,1754731725,512
53620,1754763842,512
53621,1754795893,512
53622,1754827978,512
53623,1754860134,512
53624,1754892178,512
53625,1754924223,512
53626,1754958740,512
53627,1754991966,512
53628,1755024476,512
53629,1755056758,512
53630,1755088782,512
53631,1755120811,512
53632,1755152931,512
53633,1755185040,512
53634,1755217358,512
53635,1755249405,512
53636,1755281437,512
53637,1755313661,512
53638,1755345823,512
53639,1755377973,512
53640,1755410157,512
53641,1755442177,512
53642,1755474871,512
53643,1755506914,512
53644,1755539005,512
53645,1755573590,512
53646,1755606597,512
53647,1755639162,512
53648,1755673185,512
53649,1755707726,512
53650,1755740014,512
53651,1755772328,512
53652,1755804528,512
53653,1755836618,512
53654,1755868743,512
53655,1755900750,512
53656,1755932885,512
53657,1755964913,512
53658,1755997284,512
53659,1756029491,512
53660,1756061493,512
53661,1756093784,512
53662,1756125975,512
53663,1756158161,512
53664,1756190795,512
53665,1756222977,512
53666,1756254978,512
53667,1756288035,512
53668,1756321989,512
53669,1756354350,512
53670,1756386433,512
53671,1756418627,512
53672,1756450715,512
53673,1756482800,512
53674,1756515060,512
53675,1756547120,512
53676,1756579306,512
53677,1756611445,512
53678,1756643464,512
53679,1756675674,512
53680,1756707804,512
53681,1756739977,512
53682,1756772019,512
53683,1756805167,512
53684,1756837269,512
53685,1756869411,512
53686,1756902478,512
53687,1756936841,512
53688,1756968982,512
53689,1757001164,512
53690,1757033664,512
53691,1757065827,512
53692,1757097873,512
53693,1757130195,512
53694,1757162244,512
53695,1757194407,512
53696,1757226528,512
53697,1757258672,512
53698,1757290867,512
53699,1757323116,512
53700,1757355233,512
53701,1757387254,512
53702,1757419603,512
53703,1757451646,512
53704,1757483767,512
53705,1757517247,512
53706,1757551628,512
53707,1757583638,512
53708,1757615972,512
53709,1757648206,512
53710,1757680730,512
53711,1757712877,512
53712,1757745052,512
53713,1757777092,512
53714,1757809245,512
53715,1757841349,512
53716,1757873483,512
53717,1757905631,512
53718,1757937742,512
53719,1757970093,512
53720,1758002271,512
53721,1758034495,512
53722,1758066694,512
53723,1758098889,512
53724,1758132403,512
53725,1758166144,512
53726,1758198268,512
53727,1758230621,512
53728,1758262711,512
53729,1758294847,512
53730,1758327130,512
53731,1758359435,512
53732,1758391725,512
53733,1758423889,512
53734,1758455909,512
53735,1758488136,512
53736,1758520218,512
53737,1758552428,512
53738,1758584464,512
53739,1758616613,512
53740,1758648858,512
53741,1758681116,512
53742,1758713136,512
53743,1758746925,512
53744,1758780901,512
53745,1758813023,512
53746,1758845077,512
53747,1758877091,512
53748,1758909511,512
53749,1758941585,512
53750,1758973787,512
53751,1759005883,512
53752,1759038374,512
53753,1759070558,512
53754,1759102565,512
53755,1759134930,512
53756,1759167109,512
53757,1759199258,512
53758,1759231477,512
53759,1759263576,512
53760,1759295628,512
53761,1759327822,512
53762,1759361963,512
53763,1759395504,512
53764,1759428045,512
53765,1759460440,512
53766,1759492533,512
53767,1759524715,512
53768,1759556737,512
53769,1759588931,512
53770,1759621097,512
53771,1759653191,512
53772,1759685392,512
53773,1759717422,512
53774,1759749475,512
53775,1759781659,512
53776,1759813828,512
53777,1759846140,512
53778,1759878334,512
53779,1759910494,512
53780,1759942583,512
53781,1759975893,512
53782,1760010366,512
53783,1760042624,512
53784,1760074811,512
53785,1760106858,512
53786,1760139069,512
53787,1760171218,512
53788,1760203514,512
53789,1760235743,512
53790,1760267843,512
53791,1760300020,512
53792,1760332219,512
53793,1760364383,512
53794,1760396431,512
53795,1760428536,512
53796,1760460639,512
53797,1760493042,512
53798,1760525081,512
53799,1760557147,512
53800,1760590951,512
53801,1760624986,512
53802,1760657045,512
53803,1760690520,512
53804,1760722716,512
53805,1760754827,512
53806,1760786893,512
53807,1760818970,512
53808,1760850997,512
53809,1760883159,512
53810,1760915185,512
53811,1760947279,512
53812,1760979368,512
53813,1761011465,512
53814,1761043656,512
53815,1761075821,512
53816,1761107923,512
53817,1761140046,512
53818,1761172112,512
53819,1761205240,512
53820,1761239767,512
53821,1761271816,512
53822,1761306015,512
53823,1761340590,512
53824,1761372799,512
53825,1761404869,512
53826,1761437036,512
53827,1761469191,512
53828,1761501406,512
53829,1761533611,512
53830,1761565814,512
53831,1761598003,512
53832,1761630142,512
53833,1761662191,512
53834,1761694354,512
53835,1761726429,512
53836,1761758647,512
53837,1761790798,512
53838,1761823004,512
53839,1761855151,512
53840,1761887222,512
53841,1761920583,512
53842,1761954898,512
53843,1761986904,512
53844,1762019492,512
53845,1762051565,512
53846,1762083816,512
53847,1762116109,512
53848,1762148264,512
53849,1762180454,512
53850,1762212651,512
53851,1762244752,512
53852,1762277056,512
53853,1762309123,512
53854,1762341166,512
53855,1762373239,512
53856,1762405292,512
53857,1762437321,512
53858,1762469669,512
53859,1762501690,512
53860,1762536571,512
53861,1762569589,512
53862,1762603295,512
53863,1762638968,512
53864,1762672282,512
53865,1762706536,512
53866,1762739805,512
53867,1762774356,512
53868,1762806459,512
53869,1762838847,512
53870,1762871200,512
53871,1762903306,512
53872,1762935508,512
53873,1762967823,512
53874,1762999905,512
53875,1763031953,512
53876,1763064358,512
53877,1763096427,512
53878,1763128559,512
53879,1763160752,512
53880,1763192907,512
53881,1763225106,512
53882,1763257196,512
53883,1763289359,512
53884,1763321492,512
53885,1763355763,512
53886,1763389025,512
53887,1763421223,512
53888,1763453509,512
53889,1763485555,512
53890,1763517759,512
53891,1763549795,512
53892,1763582095,512
53893,1763614309,512
53894,1763646529,512
53895,1763678903,512
53896,1763710977,512
53897,1763743029,512
53898,1763775332,512
53899,1763807589,512
53900,1763839710,512
53901,1763871898,512
53902,1763903944,512
53903,1763936097,512
53904,1763969994,512
53905,1764003998,512
53906,1764036366,512
53907,1764070006,512
53908,1764104097,512
53909,1764136346,512
53910,1764168631,512
53911,1764200755,512
53912,1764232992,512
53913,1764265406,512
53914,1764297447,512
53915,1764329758,512
53916,1764362025,512
53917,1764394028,512
53918,1764426270,512
53919,1764458327,512
53920,1764490616,512
53921,1764522776,512
53922,1764554815,512
53923,1764587839,512
53924,1764619856,512
53925,1764652017,512
53926,1764684301,512
53927,1764719246,512
53928,1764751616,512
53929,1764783771,512
53930,1764815855,512
53931,1764847970,512
53932,1764880074,512
53933,1764912075,512
53934,1764944491,512
53935,1764976741,512
53936,1765008749,512
53937,1765040868,512
53938,1765073110,512
53939,1765105278,512
53940,1765137351,512
53941,1765169440,512
53942,1765201739,512
53943,1765233757,512
53944,1765266007,512
53945,1765298665,512
53946,1765330863,512
53947,1765362880,512
53948,1765394921,512
53949,1765427012,512
53950,1765459118,512
53951,1765491262,512
53952,1765523328,512
53953,1765555424,512
53954,1765587494,512
53955,1765619660,512
53956,1765651795,512
53957,1765683828,512
53958,1765715932,512
53959,1765748078,512
53960,1765780090,512
53961,1765813382,512
53962,1765847915,512
53963,1765880092,512
53964,1765913954,512
53965,1765948341,512
53966,1765980446,512
53967,1766012698,512
53968,1766044795,512
53969,1766077223,512
53970,1766109389,512
53971,1766141662,512
53972,1766173726,512
53973,1766205944,512
53974,1766238148,512
53975,1766270182,512
53976,1766302405,512
53977,1766334691,512
53978,1766366756,512
53979,1766398838,512
53980,1766431000,512
53981,1766463041,512
53982,1766495292,512
53983,1766528904,512
53984,1766563313,512
53985,1766595762,512
53986,1766627847,512
53987,1766660040,512
53988,1766692043,512
53989,1766724172,512
53990,1766756380,512
53991,1766788537,512
53992,1766820712,512
53993,1766852759,512
53994,1766884933,512
53995,1766917102,512
53996,1766949309,512
53997,1766981439,512
53998,1767013612,512
53999,1767045633,512
54000,1767077643,512
54001,1767110005,512
54002,1767144104,512
54003,1767177585,512
54004,1767209930,512
54005,1767242184,512
54006,1767274221,512
54007,1767306392,512
54008,1767338457,512
54009,1767370566,512
54010,1767402743,512
54011,1767434764,512
54012,1767467019,512
54013,1767499195,512
54014,1767531356,512
54015,1767563458,512
54016,1767595578,512
54017,1767628017,512
54018,1767660039,512
54019,1767692390,512
54020,1767724569,512
54021,1767758451,512
54022,1767792376,512
54023,1767824637,512
54024,1767856814,512
54025,1767888825,512
54026,1767921060,512
54027,1767953060,512
54028,1767985218,512
54029,1768017611,512
54030,1768049954,512
54031,1768082217,512
54032,1768114386,512
54033,1768146406,512
54034,1768178691,512
54035,1768210773,512
54036,1768242950,512
54037,1768275330,512
54038,1768307433,512
54039,1768339456,512
54040,1768373265,512
54041,1768406699,512
54042,1768439339,512
54043,1768473220,512
54044,1768507203,512
54045,1768540096,512
54046,1768572459,512
54047,1768604510,512
54048,1768636521,512
54049,1768668843,512
54050,1768700859,512
54051,1768733027,512
54052,1768765280,512
54053,1768797332,512
54054,1768829593,512
54055,1768861732,512
54056,1768893951,512
54057,1768925991,512
54058,1768958131,512
54059,1768990793,512
54060,1769022832,512
54061,1769054966,512
54062,1769087589,512
54063,1769119635,512
54064,1769151713,512
54065,1769183754,512
54066,1769215827,512
54067,1769247951,512
54068,1769279970,512
54069,1769312090,512
54070,1769344154,512
54071,1769376265,512
54072,1769408376,512
54073,1769440478,512
54074,1769472586,512
54075,1769504738,512
54076,1769536782,512
54077,1769568866,512
54078,1769602193,512
54079,1769636221,512
54080,1769668572,512
54081,1769702889,512
54082,1769736498,512
54083,1769769134,512
54084,1769801179,512
54085,1769833410,512
54086,1769865470,512
54087,1769897651,512
54088,1769929768,512
54089,1769961841,512
54090,1769994004,512
54091,1770026300,512
54092,1770058706,512
54093,1770091031,512
54094,1770123193,512
54095,1770155682,512
54096,1770187843,512
54097,1770220224,512
54098,1770252404,512
54099,1770284427,512
54100,1770317942,512
54101,1770351562,512
54102,1770383818,512
54103,1770416003,512
54104,1770448294,512
54105,1770480319,512
54106,1770512422,512
54107,1770544940,512
54108,1770577085,512
54109,1770609154,512
54110,1770641381,512
54111,1770673502,512
54112,1770705700,512
54113,1770737863,512
54114,1770769898,512
54115,1770801976,512
54116,1770834088,512
54117,1770866089,512
54118,1770898095,512
54119,1770932794,512
54120,1770965921,512
54121,1770998403,512
54122,1771030996,512
54123,1771063321,512
54124,1771095493,512
54125,1771127683,512
54126,1771159696,512
54127,1771191896,512
54128,1771224031,512
54129,1771256257,512
54130,1771288515,512
54131,1771320693,512
54132,1771352716,512
54133,1771384741,512
54134,1771416883,512
54135,1771449217,512
54136,1771481384,512
54137,1771513404,512
54138,1771547540,512
54139,1771580973,512
54140,1771613296,512
54141,1771645401,512
54142,1771677418,512
54143,1771709560,512
54144,1771741786,512
54145,1771773949,512
54146,1771806044,512
54147,1771838138,512
54148,1771870246,512
54149,1771902417,512
54150,1771934512,512
54151,1771967043,512
54152,1771999429,512
54153,1772031716,512
54154,1772063809,512
54155,1772095826,512
54156,1772128019,512
54157,1772162048,512
54158,1772195699,512
54159,1772227883,512
54160,1772261994,512
54161,1772296293,512
54162,1772328818,512
54163,1772361097,512
54164,1772393194,512
54165,1772425220,512
54166,1772457396,512
54167,1772489565,512
54168,1772521596,512
54169,1772553867,512
54170,1772585925,512
54171,1772618079,512
54172,1772650168,512
54173,1772682353,512
54174,1772714368,512
54175,1772746594,512
54176,1772779780,512
54177,1772811863,512
54178,1772844017,512
54179,1772876556,512
54180,1772911048,512
54181,1772943162,512
54182,1772975674,512
54183,1773007919,512
54184,1773040019,512
54185,1773072095,512
54186,1773104313,512
54187,1773136458,512
54188,1773168583,512
54189,1773200679,512
54190,1773232943,512
54191,1773265155,512
54192,1773297283,512
54193,1773329417,512
54194,1773361455,512
54195,1773393907,512
54196,1773426068,512
54197,1773458173,512
54198,1773491261,512
54199,1773525800,512
54200,1773558314,512
54201,1773590523,512
54202,1773622605,512
54203,1773654896,512
54204,1773687079,512
54205,1773719249,512
54206,1773751310,512
54207,1773783456,512
54208,1773815475,512
54209,1773847651,512
54210,1773879959,512
54211,1773912099,512
54212,1773944300,512
54213,1773976470,512
54214,1774009127,512
54215,1774041133,512
54216,1774073263,512
54217,1774109385,512
54218,1774141464,512
54219,1774173663,512
54220,1774205879,512
54221,1774238048,512
54222,1774270165,512
54223,1774302341,512
54224,1774334464,512
54225,1774366643,512
54226,1774398784,512
54227,1774430907,512
54228,1774462986,512
54229,1774495044,512
54230,1774527080,512
54231,1774559140,512
54232,1774591316,512
54233,1774623364,512
54234,1774655513,512
54235,1774687627,512
54236,1774721623,512
54237,1774755125,512
54238,1774787360,512
54239,1774819722,512
54240,1774851921,512
54241,1774884051,512
54242,1774916171,512
54243,1774948298,512
54244,1774980446,512
54245,1775012499,512
54246,1775044725,512
54247,1775076939,512
54248,1775109016,512
54249,1775141149,512
54250,1775173314,512
54251,1775205476,512
54252,1775237515,512
54253,1775269651,512
54254,1775301809,512
54255,1775336147,512
54256,1775370072,512
54257,1775402514,512
54258,1775434626,512
54259,1775466815,512
54260,1775498870,512
54261,1775531023,512
54262,1775563115,512
54263,1775595317,512
54264,1775627392,512
54265,1775659477,512
54266,1775691633,512
54267,1775723750,512
54268,1775755941,512
54269,1775787954,512
54270,1775820173,512
54271,1775852317,512
54272,1775884414,512
54273,1775916565,512
54274,1775950747,512
54275,1775984440,512
54276,1776016615,512
54277,1776048707,512
54278,1776080855,512
54279,1776113006,512
54280,1776145328,512
54281,1776177353,512
54282,1776209392,512
54283,1776241470,512
54284,1776273909,512
54285,1776306119,512
54286,1776338307,512
54287,1776370493,512
54288,1776402670,512
54289,1776435030,512
54290,1776467035,512
54291,1776499193,512
54292,1776531396,512
54293,1776565520,512
54294,1776599137,512
54295,1776631265,512
54296,1776665147,512
54297,1776699411,512
54298,1776731595,512
54299,1776764005,512
54300,1776796505,512
54301,1776828656,512
54302,1776860781,512
54303,1776892974,512
54304,1776925071,512
54305,1776957229,512
54306,1776989305,512
54307,1777021397,512
54308,1777053562,512
54309,1777085657,512
54310,1777117832,512
54311,1777150006,512
54312,1777182347,512
54313,1777214482,512
54314,1777246624,512
54315,1777280065,512
54316,1777314151,512
54317,1777346431,512
54318,1777378694,512
54319,1777410906,512
54320,1777443341,512
54321,1777475493,512
54322,1777507721,512
54323,1777539771,512
54324,1777571955,512
54325,1777603973,512
54326,1777636145,512
54327,1777668261,512
54328,1777700306,512
54329,1777732447,512
54330,1777764808,512
54331,1777797080,512
54332,1777829134,512
54333,1777861300,512
54334,1777894137,512
54335,1777926301,512
54336,1777958314,512
54337,1777990506,512
54338,1778022597,512
54339,1778054680,512
54340,1778086689,512
54341,1778118704,512
54342,1778150846,512
54343,1778182935,512
54344,1778215089,512
54345,1778247097,512
54346,1778279101,512
54347,1778311345,512
54348,1778343552,512
54349,1778375684,512
54350,1778408460,512
54351,1778440503,512
54352,1778472624,512
54353,1778504779,512
54354,1778536827,512
54355,1778568985,512
54356,1778601094,512
54357,1778633172,512
54358,1778665203,512
54359,1778697353,512
54360,1778729388,512
54361,1778761567,512
54362,1778793763,512
54363,1778825878,512
54364,1778858071,512
54365,1778890095,512
54366,1778922762,512
54367,1778957468,512
54368,1778989606,512
54369,1779022809,512
54370,1779054950,512
54371,1779086969,512
54372,1779119166,512
54373,1779151265,512
54374,1779183276,512
54375,1779215426,512
54376,1779247550,512
54377,1779279669,512
54378,1779311699,512
54379,1779343809,512
54380,1779375891,512
54381,1779408003,512
54382,1779440320,512
54383,1779472429,512
54384,1779504473,512
54385,1779538159,512
54386,1779572096,512
54387,1779604296,512
54388,1779637520,512
54389,1779669678,512
54390,1779701685,512
54391,1779733710,512
54392,1779765825,512
54393,1779797986,512
54394,1779830170,512
54395,1779862323,512
54396,1779894340,512
54397,1779926491,512
54398,1779958491,512
54399,1779990550,512
54400,1780022633,512
54401,1780054828,512
54402,1780086816,512
54403,1780118881,512
54404,1780152002,512
54405,1780184067,512
54406,1780216221,512
54407,1780248276,512
54408,1780280393,512
54409,1780312443,512
54410,1780344516,512
54411,1780376585,512
54412,1780408736,512
54413,1780440827,512
54414,1780472862,512
54415,1780504888,512
54416,1780537005,512
54417,1780569032,512
54418,1780601187,512
54419,1780633254,512
54420,1780665466,512
54421,1780697541,512
54422,1780729628,512
54423,1780763677,512
54424,1780797530,512
54425,1780829585,512
54426,1780863822,512
54427,1780897893,512
54428,1780930157,512
54429,1780962405,512
54430,1780994490,512
54431,1781026889,512
54432,1781058988,512
54433,1781091251,512
54434,1781123302,512
54435,1781155448,512
54436,1781187687,512
54437,1781219978,512
54438,1781252024,512
54439,1781284182,512
54440,1781316276,512
54441,1781348454,512
54442,1781381197,512
54443,1781413279,512
54444,1781445314,512
54445,1781478405,512
54446,1781512734,512
54447,1781544748,512
54448,1781577010,512
54449,1781609417,512
54450,1781641545,512
54451,1781673778,512
54452,1781706099,512
54453,1781738187,512
54454,1781770272,512
54455,1781802382,512
54456,1781834592,512
54457,1781866680,512
54458,1781898832,512
54459,1781931023,512
54460,1781963095,512
54461,1781996276,512
54462,1782031493,512
54463,1782063687,512
54464,1782096566,512
54465,1782128726,512
54466,1782160861,512
54467,1782192867,512
54468,1782224932,512
54469,1782256967,512
54470,1782289034,512
54471,1782321133,512
54472,1782353283,512
54473,1782385324,512
54474,1782417358,512
54475,1782449509,512
54476,1782481672,512
54477,1782514021,512
54478,1782546121,512
54479,1782578265,512
54480,1782610334,512
54481,1782642339,512
54482,1782674418,512
54483,1782708019,512
54484,1782742014,512
54485,1782774225,512
54486,1782806408,512
54487,1782838515,512
54488,1782870521,512
54489,1782902646,512
54490,1782934817,512
54491,1782966939,512
54492,1782999220,512
54493,1783031402,512
54494,1783063507,512
54495,1783095775,512
54496,1783127894,512
54497,1783159899,512
54498,1783191951,512
54499,1783224642,512
54500,1783256683,512
54501,1783288976,512
54502,1783323318,512
54503,1783356846,512
54504,1783388948,512
54505,1783421127,512
54506,1783453511,512
54507,1783485577,512
54508,1783517970,512
54509,1783549975,512
54510,1783582292,512
54511,1783614416,512
54512,1783646576,512
54513,1783678666,512
54514,1783710816,512
54515,1783743095,512
54516,1783775107,512
54517,1783807183,512
54518,1783839292,512
54519,1783871380,512
54520,1783903621,512
54521,1783937328,512
54522,1783971418,512
54523,1784003512,512
54524,1784035765,512
54525,1784067984,512
54526,1784100181,512
54527,1784132642,512
54528,1784164970,512
54529,1784197027,512
54530,1784229097,512
54531,1784261289,512
54532,1784293349,512
54533,1784325554,512
54534,1784357592,512
54535,1784389639,512
54536,1784421796,512
54537,1784454190,512
54538,1784486553,512
54539,1784518694,512
54540,1784552386,512
54541,1784585813,512
54542,1784618200,512
54543,1784651824,512
54544,1784683863,512
54545,1784715986,512
54546,1784748067,512
54547,1784780265,512
54548,1784812409,512
54549,1784844498,512
54550,1784876501,512
54551,1784908592,512
54552,1784940710,512
54553,1784972758,512
54554,1785004846,512
54555,1785036926,512
54556,1785069036,512
54557,1785101092,512
54558,1785133145,512
54559,1785166774,512
54560,1785200911,512
54561,1785233080,512
54562,1785267198,512
54563,1785301149,512
54564,1785333440,512
54565,1785365611,512
54566,1785397807,512
54567,1785430046,512
54568,1785462085,512
54569,1785494140,512
54570,1785526483,512
54571,1785558904,512
54572,1785591185,512
54573,1785623280,512
54574,1785655404,512
54575,1785687539,512
54576,1785719702,512
54577,1785751884,512
54578,1785784218,512
54579,1785816355,512
54580,1785848454,512
54581,1785880773,512
54582,1785912899,512
54583,1785944985,512
54584,1785977184,512
54585,1786009239,512
54586,1786041369,512
54587,1786073558,512
54588,1786105718,512
54589,1786137845,512
54590,1786169944,512
54591,1786201972,512
54592,1786234178,512
54593,1786266394,512
54594,1786298664,512
54595,1786330768,512
54596,1786362800,512
54597,1786395189,512
54598,1786427259,512
54599,1786459430,512
54600,1786491555,512
54601,1786523695,512
54602,1786555881,512
54603,1786587967,512
54604,1786620063,512
54605,1786652242,512
54606,1786684356,512
54607,1786716474,512
54608,1786748528,512
54609,1786780567,512
54610,1786812757,512
54611,1786844802,512
54612,1786876966,512
54613,1786909750,512
54614,1786941842,512
54615,1786976568,512
54616,1787010476,512
54617,1787045006,512
54618,1787077076,512
54619,1787111235,512
54620,1787145397,512
54621,1787177550,512
54622,1787209751,512
54623,1787242089,512
54624,1787274633,512
54625,1787306663,512
54626,1787338744,512
54627,1787370880,512
54628,1787403070,512
54629,1787435134,512
54630,1787467333,512
54631,1787499605,512
54632,1787531733,512
54633,1787564052,512
54634,1787596258,512
54635,1787628434,512
54636,1787660590,512
54637,1787692786,512
54638,1787726680,512
54639,1787760096,512
54640,1787792172,512
54641,1787824442,512
54642,1787856907,512
54643,1787889099,512
54644,1787921229,512
54645,1787953246,512
54646,1787985527,512
54647,1788017752,512
54648,1788049938,512
54649,1788082083,512
54650,1788114121,512
54651,1788146252,512
54652,1788178359,512
54653,1788210675,512
54654,1788242727,512
54655,1788274897,512
54656,1788306959,512
54657,1788341118,512
54658,1788374807,512
54659,1788406969,512
54660,1788439076,512
54661,1788471149,512
54662,1788503561,512
54663,1788535957,512
54664,1788568056,512
54665,1788600164,512
54666,1788632551,512
54667,1788664675,512
54668,1788696840,512
54669,1788728915,512
54670,1788761046,512
54671,1788793255,512
54672,1788825293,512
54673,1788857465,512
54674,1788889598,512
54675,1788921743,512
54676,1788955602,512
54677,1788989719,512
54678,1789022217,512
54679,1789055642,512
54680,1789089885,512
54681,1789121998,512
54682,1789154404,512
54683,1789186408,512
54684,1789218469,512
54685,1789250576,512
54686,1789282743,512
54687,1789314908,512
54688,1789346979,512
54689,1789379150,512
54690,1789411270,512
54691,1789443459,512
54692,1789475949,512
54693,1789508197,512
54694,1789540497,512
54695,1789573158,512
54696,1789605226,512
54697,1789637226,512
54698,1789670415,512
54699,1789704584,512
54700,1789736771,512
54701,1789769115,512
54702,1789801380,512
54703,1789833424,512
54704,1789865749,512
54705,1789897816,512
54706,1789929890,512
54707,1789962187,512
54708,1789994397,512
54709,1790026494,512
54710,1790058535,512
54711,1790090600,512
54712,1790122957,512
54713,1790155127,512
54714,1790187398,512
54715,1790219523,512
54716,1790251621,512
54717,1790284877,512
54718,1790319236,512
54719,1790351358,512
54720,1790383731,512
54721,1790416097,512
54722,1790448423,512
54723,1790480499,512
54724,1790512651,512
54725,1790544861,512
54726,1790576935,512
54727,1790609085,512
54728,1790641251,512
54729,1790673334,512
54730,1790705432,512
54731,1790737634,512
54732,1790769904,512
54733,1790802224,512
54734,1790834336,512
54735,1790866525,512
54736,1790899867,512
54737,1790933974,512
54738,1790966155,512
54739,1790998400,512
54740,1791030478,512
54741,1791062567,512
54742,1791094674,512
54743,1791126864,512
54744,1791159085,512
54745,1791191121,512
54746,1791223219,512
54747,1791255591,512
54748,1791288092,512
54749,1791320143,512
54750,1791352217,512
54751,1791384277,512
54752,1791416928,512
54753,1791449096,512
54754,1791481277,512
54755,1791514776,512
54756,1791548615,512
54757,1791580923,512
54758,1791613128,512
54759,1791645353,512
54760,1791677435,512
54761,1791709905,512
54762,1791741976,512
54763,1791774348,512
54764,1791806419,512
54765,1791838457,512
54766,1791870540,512
54767,1791902650,512
54768,1791935050,512
54769,1791967231,512
54770,1791999417,512
54771,1792031561,512
54772,1792063701,512
54773,1792095735,512
54774,1792129779,512
54775,1792163507,512
54776,1792195532,512
54777,1792227707,512
54778,1792259954,512
54779,1792292441,512
54780,1792324694,512
54781,1792356850,512
54782,1792388957,512
54783,1792421075,512
54784,1792453172,512
54785,1792485242,512
54786,1792517331,512
54787,1792549635,512
54788,1792581776,512
54789,1792613974,512
54790,1792646274,512
54791,1792678392,512
54792,1792710394,512
54793,1792744374,512
54794,1792778100,512
54795,1792810301,512
54796,1792842881,512
54797,1792875003,512
54798,1792907156,512
54799,1792939363,512
54800,1792971518,512
54801,1793003522,512
54802,1793035728,512
54803,1793067770,512
54804,1793100086,512
54805,1793132265,512
54806,1793164371,512
54807,1793196396,512
54808,1793228537,512
54809,1793260855,512
54810,1793292973,512
54811,1793325133,512
54812,1793358924,512
54813,1793392839,512
54814,1793424850,512
54815,1793459089,512
54816,1793493194,512
54817,1793525718,512
54818,1793557719,512
54819,1793589990,512
54820,1793622400,512
54821,1793654576,512
54822,1793686729,512
54823,1793718928,512
54824,1793751049,512
54825,1793783217,512
54826,1793815284,512
54827,1793847429,512
54828,1793879539,512
54829,1793911688,512
54830,1793943712,512
54831,1793976431,512
54832,1794008491,512
54833,1794040584,512
54834,1794073709,512
54836,1794140520,512
54837,1794172537,512
54838,1794204707,512
54839,1794236751,512
54840,1794269119,512
54841,1794301171,512
54842,1794333435,512
54843,1794365625,512
54844,1794397686,512
54845,1794429768,512
54846,1794462166,512
54847,1794494226,512
54848,1794526404,512
54849,1794558480,512
54850,1794590595,512
54851,1794622685,512
54852,1794654796,512
54853,1794688387,512
54854,1794722706,512
54855,1794754715,512
54856,1794787060,512
54857,1794819473,512
54858,1794851753,512
54859,1794883791,512
54860,1794915815,512
54861,1794948186,512
54862,1794980378,512
54863,1795012483,512
54864,1795044648,512
54865,1795076815,512
54866,1795108865,512
54867,1795140984,512
54868,1795173009,512
54869,1795205308,512
54870,1795237477,512
54871,1795269731,512
54872,1795303915,512
54873,1795337397,512
54874,1795369580,512
54875,1795401643,512
54876,1795433903,512
54877,1795466430,512
54878,1795498522,512
54879,1795530718,512
54880,1795562883,512
54881,1795595031,512
54882,1795627162,512
54883,1795659325,512
54884,1795691358,512
54885,1795723546,512
54886,1795755631,512
54887,1795787837,512
54888,1795820054,512
54889,1795852312,512
54890,1795884472,512
54891,1795918516,512
54892,1795952237,512
54893,1795984563,512
54894,1796016937,512
54895,1796049016,512
54896,1796081076,512
54897,1796113375,512
54898,1796145398,512
54899,1796177602,512
54900,1796209773,512
54901,1796241975,512
54902,1796274217,512
54903,1796306226,512
54904,1796338358,512
54905,1796370415,512
54906,1796402454,512
54907,1796434674,512
54908,1796466850,512
54909,1796498983,512
54910,1796533081,512
54911,1796566363,512
54912,1796598850,512
54913,1796631019,512
54914,1796663219,512
54915,1796695356,512
54916,1796727479,512
54917,1796759560,512
54918,1796791683,512
54919,1796823854,512
54920,1796855945,512
54921,1796888179,512
54922,1796920284,512
54923,1796952531,512
54924,1796984642,512
54925,1797017033,512
54926,1797049837,512
54927,1797081960,512
54928,1797114173,512
54929,1797147639,512
54930,1797181514,512
54931,1797213665,512
54932,1797245928,512
54933,1797278155,512
54934,1797310583,512
54935,1797342764,512
54936,1797374809,512
54937,1797406931,512
54938,1797439126,512
54939,1797471185,512
54940,1797503477,512
54941,1797535520,512
54942,1797567607,512
54943,1797599647,512
54944,1797631871,512
54945,1797664242,512
54946,1797696428,512
54947,1797728559,512
54948,1797761934,512
54949,1797796714,512
54950,1797828866,512
54951,1797861911,512
54952,1797896588,512
54953,1797928686,512
54954,1797960883,512
54955,1797993064,512
54956,1798026032,512
54957,1798062112,512
54958,1798094857,512
54959,1798126914,512
54960,1798159071,512
54961,1798191116,512
54962,1798223168,512
54963,1798255314,512
54964,1798287357,512
54965,1798319553,512
54966,1798351606,512
54967,1798383739,512
54968,1798415896,512
54969,1798447909,512
54970,1798481132,512
54971,1798515198,512
54972,1798547289,512
54973,1798580802,512
54974,1798612978,512
54975,1798645002,512
54976,1798677176,512
54977,1798709261,512
54978,1798741329,512
54979,1798773485,512
54980,1798805612,512
54981,1798837754,512
54982,1798869919,512
54983,1798902056,512
54984,1798934157,512
54985,1798966173,512
54986,1798998301,512
54987,1799030364,512
54988,1799062483,512
54989,1799095117,512
54990,1799127176,512
54991,1799159297,512
54992,1799191368,512
54993,1799223420,512
54994,1799255524,512
54995,1799287694,512
54996,1799319778,512
54997,1799351784,512
54998,1799383880,512
54999,1799416025,512
55000,1799448176,512
55001,1799480226,512
55002,1799512230,512
55003,1799544390,512
55004,1799576568,512
55005,1799608627,512
55006,1799640768,512
55007,1799672892,512
55008,1799706454,512
55009,1799740668,512
55010,1799772684,512
55011,1799805051,512
55012,1799837349,512
55013,1799869720,512
55014,1799901741,512
55015,1799933917,512
55016,1799966033,512
55017,1799998183,512
55018,1800030189,512
55019,1800062255,512
55020,1800094817,512
55021,1800126919,512
55022,1800158992,512
55023,1800191030,512
55024,1800223234,512
55025,1800255288,512
55026,1800287322,512
55027,1800321730,512
55028,1800355394,512
55029,1800387930,512
55030,1800420086,512
55031,1800452096,512
55032,1800484310,512
55033,1800516463,512
55034,1800548523,512
55035,1800580728,512
55036,1800613066,512
55037,1800645170,512
55038,1800677279,512
55039,1800709292,512
55040,1800741540,512
55041,1800773664,512
55042,1800805865,512
55043,1800838100,512
55044,1800870226,512
55045,1800902363,512
55046,1800936340,512
55047,1800970092,512
55048,1801002119,512
55049,1801036188,512
55050,1801070048,512
55051,1801102869,512
55052,1801134944,512
55053,1801167261,512
55054,1801199650,512
55055,1801231671,512
55056,1801263756,512
55057,1801295923,512
55058,1801327965,512
55059,1801360220,512
55060,1801392337,512
55061,1801424367,512
55062,1801456570,512
55063,1801488783,512
55064,1801521000,512
55065,1801553684,512
55066,1801585863,512
55067,1801618022,512
55068,1801650796,512
55069,1801685179,512
55070,1801717263,512
55071,1801749599,512
55072,1801781760,512
55073,1801813778,512
55074,1801845974,512
55075,1801878011,512
55076,1801910060,512
55077,1801942312,512
55078,1801974379,512
55079,1802006495,512
55080,1802038795,512
55081,1802070860,512
55082,1802103097,512
55083,1802135470,512
55084,1802168162,512
55085,1802200225,512
55086,1802232291,512
55087,1802265036,512
55088,1802297129,512
55089,1802329267,512
55090,1802361430,512
55091,1802393628,512
55092,1802425663,512
55093,1802457783,512
55094,1802489917,512
55095,1802522059,512
55096,1802554089,512
55097,1802586271,512
55098,1802618472,512
55099,1802650468,512
55100,1802682605,512
55101,1802714647,512
55102,1802746655,512
55103,1802779569,512
55104,1802813654,512
55105,1802846673,512
55106,1802880401,512
55107,1802914686,512
55108,1802946705,512
55109,1802979056,512
55110,1803011072,512
55111,1803043601,512
55112,1803075772,512
55113,1803108199,512
55114,1803140300,512
55115,1803172431,512
55116,1803204448,512
55117,1803236552,512
55118,1803268673,512
55119,1803300825,512
55120,1803332958,512
55121,1803365079,512
55122,1803397349,512
55123,1803429527,512
55124,1803461667,512
55125,1803495696,512
55126,1803529202,512
55127,1803561296,512
55128,1803593715,512
55129,1803625720,512
55130,1803657746,512
55131,1803690029,512
55132,1803722402,512
55133,1803754727,512
55134,1803786814,512
55135,1803819182,512
55136,1803851281,512
55137,1803883372,512
55138,1803915461,512
55139,1803947506,512
55140,1803979749,512
55141,1804012018,512
55142,1804044128,512
55143,1804076134,512
55144,1804110029,512
55145,1804143970,512
55146,1804176150,512
55147,1804208526,512
55148,1804240843,512
55149,1804273067,512
55150,1804305151,512
55151,1804337226,512
55152,1804369302,512
55153,1804401599,512
55154,1804433776,512
55155,1804465811,512
55156,1804497967,512
55157,1804530203,512
55158,1804562384,512
55159,1804594629,512
55160,1804626964,512
55161,1804659100,512
55162,1804691132,512
55163,1804725147,512
55164,1804758915,512
55165,1804791230,512
55166,1804823475,512
55167,1804855523,512
55168,1804887772,512
55169,1804919884,512
55170,1804951999,512
55171,1804984232,512
55172,1805016362,512
55173,1805048586,512
55174,1805080625,512
55175,1805112669,512
55176,1805144942,512
55177,1805177073,512
55178,1805209228,512
55179,1805241391,512
55180,1805273719,512
55181,1805305739,512
55182,1805339472,512
55183,1805373372,512
55184,1805405567,512
55185,1805439524,512
55186,1805473305,512
55187,1805505998,512
55188,1805538164,512
55189,1805570567,512
55190,1805602602,512
55191,1805635122,512
55192,1805667270,512
55193,1805699373,512
55194,1805731511,512
55195,1805763650,512
55196,1805795730,512
55197,1805827825,512
55198,1805860007,512
55199,1805892174,512
55200,1805924360,512
55201,1805957162,512
55202,1805989300,512
55203,1806021414,512
55204,1806053992,512
55205,1806088539,512
55206,1806120979,512
55207,1806153297,512
55208,1806185415,512
55209,1806217729,512
55210,1806249901,512
55211,1806281926,512
55212,1806314178,512
55213,1806346262,512
55214,1806378373,512
55215,1806410448,512
55216,1806442581,512
55217,1806474933,512
55218,1806507064,512
55219,1806539249,512
55220,1806571341,512
55221,1806603475,512
55222,1806635484,512
55223,1806668974,512
55224,1806703974,512
55225,1806735999,512
55226,1806768092,512
55227,1806800277,512
55228,1806832450,512
55229,1806864533,512
55230,1806896595,512
55231,1806928689,512
55232,1806960832,512
55233,1806993012,512
55234,1807025015,512
55235,1807057219,512
55236,1807089435,512
55237,1807121526,512
55238,1807153616,512
55239,1807185804,512
55240,1807218109,512
55241,1807250142,512
55242,1807283841,512
55243,1807318026,512
55244,1807350174,512
55245,1807382454,512
55246,1807414876,512
55247,1807446902,512
55248,1807479056,512
55249,1807511179,512
55250,1807543404,512
55251,1807575567,512
55252,1807607794,512
55253,1807639812,512
55254,1807672042,512
55255,1807704193,512
55256,1807736473,512
55257,1807768676,512
55258,1807801006,512
55259,1807833081,512
55260,1807865240,512
55261,1807898611,512
55262,1807933152,512
55263,1807965545,512
55264,1807997719,512
55265,1808029731,512
55266,1808061898,512
55267,1808094008,512
55268,1808126103,512
55269,1808158126,512
55270,1808190315,512
55271,1808222442,512
55272,1808254450,512
55273,1808286758,512
55274,1808318768,512
55275,1808350932,512
55276,1808383002,512
55277,1808415538,512
55278,1808447578,512
55279,1808479789,512
55280,1808513693,512
55281,1808546964,512
55282,1808579390,512
55283,1808611690,512
55284,1808643990,512
55285,1808676348,512
55286,1808708470,512
55287,1808740545,512
55288,1808772650,512
55289,1808804828,512
55290,1808836969,512
55291,1808869218,512
55292,1808901372,512
55293,1808933481,512
55294,1808965580,512
55295,1808997577,512
55296,1809030444,512
55297,1809062487,512
55298,1809094577,512
55299,1809128388,512
55300,1809161465,512
55301,1809194113,512
55302,1809228257,512
55303,1809262428,512
55304,1809294611,512
55305,1809326778,512
55306,1809358914,512
55307,1809391072,512
55308,1809423149,512
55309,1809455449,512
55310,1809487710,512
55311,1809520219,512
55312,1809552335,512
55313,1809584331,512
55314,1809616362,512
55315,1809648380,512
55316,1809680521,512
55317,1809712622,512
55318,1809745948,512
55319,1809778027,512
55320,1809810041,512
55321,1809842157,512
55322,1809874202,512
55323,1809906265,512
55324,1809938358,512
55325,1809970552,512
55326,1810002741,512
55327,1810034770,512
55328,1810066955,512
55329,1810098969,512
55330,1810131036,512
55331,1810163182,512
55332,1810195254,512
55333,1810227312,512
55334,1810259433,512
55335,1810291681,512
55336,1810323681,512
55337,1810357197,512
55338,1810391299,512
55339,1810423531,512
55340,1810457198,512
55341,1810492018,512
55342,1810524384,512
55343,1810556580,512
55344,1810588694,512
55345,1810620820,512
55346,1810653115,512
55347,1810685285,512
55348,1810717286,512
55349,1810749540,512
55350,1810781564,512
55351,1810813805,512
55352,1810845977,512
55353,1810878031,512
55354,1810910054,512
55355,1810942347,512
55356,1810974811,512
55357,1811006827,512
55358,1811038957,512
55359,1811072295,512
55360,1811106494,512
55361,1811138585,512
55362,1811170960,512
55363,1811202967,512
55364,1811235109,512
55365,1811267256,512
55366,1811299321,512
55367,1811331556,512
55368,1811364262,512
55369,1811396292,512
55370,1811428478,512
55371,1811460810,512
55372,1811493118,512
55373,1811525218,512
55374,1811557380,512
55375,1811589489,512
55376,1811621643,512
55377,1811653818,512
55378,1811687694,512
55379,1811721202,512
55380,1811753308,512
55381,1811785461,512
55382,1811817795,512
55383,1811849804,512
55384,1811881953,512
55385,1811914112,512
55386,1811946126,512
55387,1811978356,512
55388,1812010455,512
55389,1812042723,512
55390,1812074863,512
55391,1812106899,512
55392,1812139328,512
55393,1812171700,512
55394,1812204066,512
55395,1812236257,512
55396,1812268447,512
55397,1812302479,512
55398,1812335945,512
55399,1812368135,512
55400,1812400203,512
55401,1812432380,512
55402,1812464407,512
55403,1812496554,512
55404,1812528701,512
55405,1812560786,512
55406,1812592911,512
55407,1812625217,512
55408,1812657757,512
55409,1812689905,512
55410,1812722100,512
55411,1812754315,512
55412,1812786747,512
55413,1812818822,512
55414,1812850831,512
55415,1812882855,512
55416,1812917397,512
55417,1812950619,512
55418,1812982774,512
55419,1813016835,512
55420,1813050661,512
55421,1813083684,512
55422,1813116024,512
55423,1813148057,512
55424,1813180110,512
55425,1813212145,512
55426,1813244203,512
55427,1813276542,512
55428,1813308626,512
55429,1813340728,512
55430,1813372891,512
55431,1813405096,512
55432,1813437296,512
55433,1813469444,512
55434,1813501488,512
55435,1813534523,512
55436,1813566539,512
55437,1813598612,512
55438,1813631486,512
55439,1813665896,512
55440,1813698317,512
55441,1813730507,512
55442,1813762573,512
55443,1813794740,512
55444,1813826917,512
55445,1813859117,512
55446,1813891126,512
55447,1813923345,512
55448,1813955368,512
55449,1813987456,512
55450,1814019804,512
55451,1814051911,512
55452,1814084102,512
55453,1814116279,512
55454,1814149155,512
55455,1814181337,512
55456,1814213501,512
55457,1814246121,512
55458,1814280394,512
55459,1814312610,512
55460,1814345270,512
55461,1814377419,512
55462,1814409579,512
55463,1814441736,512
55464,1814474093,512
55465,1814506274,512
55466,1814538283,512
55467,1814570476,512
55468,1814602603,512
55469,1814634709,512
55470,1814666904,512
55471,1814699042,512
55472,1814731061,512
55473,1814763936,512
55474,1814795945,512
55475,1814827991,512
55476,1814860454,512
55477,1814895148,512
55478,1814927278,512
55479,1814959632,512
55480,1814991650,512
55481,1815023660,512
55482,1815055838,512
55483,1815088076,512
55484,1815120487,512
55485,1815152763,512
55486,1815184964,512
55487,1815217152,512
55488,1815249259,512
55489,1815281356,512
55490,1815313549,512
55491,1815345799,512
55492,1815377879,512
55493,1815410042,512
55494,1815442245,512
55495,1815476417,512
55496,1815509894,512
55497,1815542239,512
55498,1815574258,512
55499,1815606480,512
55500,1815638779,512
55501,1815671015,512
55502,1815703115,512
55503,1815735243,512
55504,1815767626,512
55505,1815799704,512
55506,1815831831,512
55507,1815863934,512
55508,1815895984,512
55509,1815928085,512
55510,1815960443,512
55511,1815992884,512
55512,1816024981,512
55513,1816057048,512
55514,1816090336,512
55515,1816124178,512
55516,1816156811,512
55517,1816189052,512
55518,1816221434,512
55519,1816253679,512
55520,1816285696,512
55521,1816317836,512
55522,1816350006,512
55523,1816382023,512
55524,1816414283,512
55525,1816446416,512
55526,1816478521,512
55527,1816510692,512
55528,1816542695,512
55529,1816575086,512
55530,1816607417,512
55531,1816639466,512
55532,1816671626,512
55533,1816705368,512
55534,1816738864,512
55535,1816771482,512
55536,1816803663,512
55537,1816835769,512
55538,1816867790,512
55539,1816899935,512
55540,1816932088,512
55541,1816964241,512
55542,1816996398,512
55543,1817028549,512
55544,1817060714,512
55545,1817092885,512
55546,1817125063,512
55547,1817157361,512
55548,1817189497,512
55549,1817221719,512
55550,1817253861,512
55551,1817286041,512
55552,1817320258,512
55553,1817354418,512
55554,1817386465,512
55555,1817418479,512
55556,1817450628,512
55557,1817482744,512
55558,1817515113,512
55559,1817547278,512
55560,1817579508,512
55561,1817611611,512
55562,1817643631,512
55563,1817675825,512
55564,1817707841,512
55565,1817740122,512
55566,1817772266,512
55567,1817804561,512
55568,1817836742,512
55569,1817868785,512
55570,1817900831,512
55571,1817934814,512
55572,1817968430,512
55573,1818000772,512
55574,1818034949,512
55575,1818069070,512
55576,1818101335,512
55577,1818133515,512
55578,1818165686,512
55579,1818198048,512
55580,1818230242,512
55581,1818262252,512
55582,1818294312,512
55583,1818326532,512
55584,1818358873,512
55585,1818391278,512
55586,1818423415,512
55587,1818455515,512
55588,1818487593,512
55589,1818519712,512
55590,1818552066,512
55591,1818584137,512
55592,1818616263,512
55593,1818648979,512
55594,1818681089,512
55595,1818713143,512
55596,1818745156,512
55597,1818777288,512
55598,1818809355,512
55599,1818841485,512
55600,1818873591,512
55601,1818905727,512
55602,1818937837,512
55603,1818969913,512
55604,1819001914,512
55605,1819033991,512
55606,1819066488,512
55607,1819098569,512
55608,1819130628,512
55609,1819163448,512
55610,1819197806,512
55611,1819230127,512
55612,1819263944,512
55613,1819298078,512
55614,1819330526,512
55615,1819362760,512
55616,1819395012,512
55617,1819427068,512
55618,1819459611,512
55619,1819491628,512
55620,1819523870,512
55621,1819556082,512
55622,1819588141,512
55623,1819620370,512
55624,1819652593,512
55625,1819684962,512
55626,1819717033,512
55627,1819749147,512
55628,1819781384,512
55629,1819813489,512
55630,1819845545,512
55631,1819879333,512
55632,1819913074,512
55633,1819945278,512
55634,1819977549,512
55635,1820009850,512
55636,1820042108,512
55637,1820074473,512
55638,1820106579,512
55639,1820138612,512
55640,1820170707,512
55641,1820203057,512
55642,1820235217,512
55643,1820267337,512
55644,1820299398,512
55645,1820331708,512
55646,1820363775,512
55647,1820395841,512
55648,1820427850,512
55649,1820459868,512
55650,1820493787,512
55651,1820527960,512
55652,1820559973,512
55653,1820592236,512
55654,1820624376,512
55655,1820656504,512
55656,1820688505,512
55657,1820720752,512
55658,1820752782,512
55659,1820784929,512
55660,1820817103,512
55661,1820849866,512
55662,1820881884,512
55663,1820914076,512
55664,1820946266,512
55665,1820978635,512
55666,1821010798,512
55667,1821042991,512
55668,1821075189,512
55669,1821109053,512
55670,1821142559,512
55671,1821174951,512
55672,1821208823,512
55673,1821243009,512
55674,1821275241,512
55675,1821307413,512
55676,1821339562,512
55677,1821371624,512
55678,1821403782,512
55679,1821436095,512
55680,1821468452,512
55681,1821500720,512
55682,1821532774,512
55683,1821564932,512
55684,1821597061,512
55685,1821629162,512
55686,1821661455,512
55687,1821693540,512
55688,1821726536,512
55689,1821758581,512
55690,1821790583,512
55691,1821822683,512
55692,1821854693,512
55693,1821886832,512
55694,1821919031,512
55695,1821951235,512
55696,1821983333,512
55697,1822015465,512
55698,1822047471,512
55699,1822079601,512
55700,1822111667,512
55701,1822143678,512
55702,1822175810,512
55703,1822208057,512
55704,1822240091,512
55705,1822272221,512
55706,1822304233,512
55707,1822337930,512
55708,1822371977,512
55709,1822404171,512
55710,1822438262,512
55711,1822472364,512
55712,1822504630,512
55713,1822536751,512
55714,1822568787,512
55715,1822601072,512
55716,1822633629,512
55717,1822665683,512
55718,1822697922,512
55719,1822729995,512
55720,1822762188,512
55721,1822794217,512
55722,1822826268,512
55723,1822858662,512
55724,1822890846,512
55725,1822922991,512
55726,1822955527,512
55727,1822987664,512
55728,1823019736,512
55729,1823052403,512
55730,1823084459,512
55731,1823119443,512
55732,1823151798,512
55733,1823184060,512
55734,1823216067,512
55735,1823248296,512
55736,1823280535,512
55737,1823312707,512
55738,1823344752,512
55739,1823376768,512
55740,1823409025,512
55741,1823441034,512
55742,1823473264,512
55743,1823505521,512
55744,1823537733,512
55745,1823569854,512
55746,1823602001,512
55747,1823634027,512
55748,1823667756,512
55749,1823701363,512
55750,1823734003,512
55751,1823766193,512
55752,1823798601,512
55753,1823830858,512
55754,1823862894,512
55755,1823895248,512
55756,1823927435,512
55757,1823959508,512
55758,1823991558,512
55759,1824023608,512
55760,1824055628,512
55761,1824087914,512
55762,1824120084,512
55763,1824152191,512
55764,1824184558,512
55765,1824216629,512
55766,1824248804,512
55767,1824283129,512
55768,1824316585,512
55769,1824348607,512
55770,1824381124,512
55771,1824413388,512
55772,1824445691,512
55773,1824477794,512
55774,1824509817,512
55775,1824542005,512
55776,1824574019,512
55777,1824606350,512
55778,1824638478,512
55779,1824670516,512
55780,1824702725,512
55781,1824734830,512
55782,1824766905,512
55783,1824799150,512
55784,1824831245,512
55785,1824863397,512
55786,1824897296,512
55787,1824930856,512
55788,1824963342,512
55789,1824995686,512
55790,1825028030,512
55791,1825060349,512
55792,1825092545,512
55793,1825124703,512
55794,1825156818,512
55795,1825188841,512
55796,1825221012,512
55797,1825253007,512
55798,1825285187,512
55799,1825317512,512
55800,1825349579,512
55801,1825381595,512
55802,1825413949,512
55803,1825446049,512
55804,1825478242,512
55805,1825512222,512
55806,1825545812,512
55807,1825578015,512
55808,1825610217,512
55809,1825642433,512
55810,1825674579,512
55811,1825706843,512
55812,1825739353,512
55813,1825771487,512
55814,1825803585,512
55815,1825835794,512
55816,1825867968,512
55817,1825900042,512
55818,1825932059,512
55819,1825964196,512
55820,1825996465,512
55821,1826028750,512
55822,1826060847,512
55823,1826093037,512
55824,1826126447,512
55825,1826160662,512
55826,1826192686,512
55827,1826226649,512
55828,1826260874,512
55829,1826293082,512
55830,1826325478,512
55831,1826357525,512
55832,1826389874,512
55833,1826422301,512
55834,1826454380,512
55835,1826486430,512
55836,1826518699,512
55837,1826550842,512
55838,1826583004,512
55839,1826615155,512
55840,1826647299,512
55841,1826679376,512
55842,1826711494,512
55843,1826744162,512
55844,1826776201,512
55845,1826808267,512
55846,1826840672,512
55847,1826872808,512
55848,1826904941,512
55849,1826936989,512
55850,1826969053,512
55851,1827001217,512
55852,1827033379,512
55853,1827065430,512
55854,1827097443,512
55855,1827129618,512
55856,1827161747,512
55857,1827193855,512
55858,1827225968,512
55859,1827258064,512
55860,1827290134,512
55861,1827322262,512
55862,1827356396,512
55863,1827389685,512
55864,1827422153,512
55865,1827456236,512
55866,1827490546,512
55867,1827522767,512
55868,1827554853,512
55869,1827587100,512
55870,1827619481,512
55871,1827651682,512
55872,1827683841,512
55873,1827716021,512
55874,1827748133,512
55875,1827780173,512
55876,1827812221,512
55877,1827844449,512
55878,1827876639,512
55879,1827908779,512
55880,1827940926,512
55881,1827972994,512
55882,1828005187,512
55883,1828037272,512
55884,1828071000,512
55885,1828105317,512
55886,1828137743,512
55887,1828170033,512
55888,1828202186,512
55889,1828234380,512
55890,1828266386,512
55891,1828298520,512
55892,1828330543,512
55893,1828362593,512
55894,1828394805,512
55895,1828427070,512
55896,1828459196,512
55897,1828491368,512
55898,1828523409,512
55899,1828555604,512
55900,1828587943,512
55901,1828619979,512
55902,1828651994,512
55903,1828685851,512
55904,1828719870,512
55905,1828751896,512
55906,1828784258,512
55907,1828816577,512
55908,1828848802,512
55909,1828880987,512
55910,1828913166,512
55911,1828945166,512
55912,1828977437,512
55913,1829009554,512
55914,1829041612,512
55915,1829073713,512
55916,1829105778,512
55917,1829138003,512
55918,1829170235,512
55919,1829202499,512
55920,1829234551,512
55921,1829266796,512
55922,1829300976,512
55923,1829334424,512
55924,1829366715,512
55925,1829398846,512
55926,1829430949,512
55927,1829463138,512
55928,1829495203,512
55929,1829527411,512
55930,1829559437,512
55931,1829591557,512
55932,1829623869,512
55933,1829656154,512
55934,1829688169,512
55935,1829720333,512
55936,1829752820,512
55937,1829784987,512
55938,1829817367,512
55939,1829849381,512
55940,1829881515,512
55941,1829915441,512
55942,1829949293,512
55943,1829981584,512
55944,1830013600,512
55945,1830045691,512
55946,1830077743,512
55947,1830110149,512
55948,1830142505,512
55949,1830174564,512
55950,1830206749,512
55951,1830239099,512
55952,1830271219,512
55953,1830303327,512
55954,1830335466,512
55955,1830367663,512
55956,1830399745,512
55957,1830431782,512
55958,1830464056,512
55959,1830496397,512
55960,1830530723,512
55961,1830564011,512
55962,1830596536,512
55963,1830630256,512
55964,1830664431,512
55965,1830696659,512
55966,1830728707,512
55967,1830760986,512
55968,1830793444,512
55969,1830825530,512
55970,1830857828,512
55971,1830889854,512
55972,1830922012,512
55973,1830954176,512
55974,1830986360,512
55975,1831018534,512
55976,1831050560,512
55977,1831082657,512
55978,1831114778,512
55979,1831147566,512
55980,1831179663,512
55981,1831211755,512
55982,1831244791,512
55983,1831279202,512
55984,1831311392,512
55985,1831343478,512
55986,1831375839,512
55987,1831408087,512
55988,1831440262,512
55989,1831472521,512
55990,1831504635,512
55991,1831536742,512
55992,1831568842,512
55993,1831600908,512
55994,1831633061,512
55995,1831665329,512
55996,1831697447,512
55997,1831729586,512
55998,1831761722,512
55999,1831793882,512
56000,1831826119,512
56001,1831859221,512
56002,1831893706,512
56003,1831925982,512
56004,1831958108,512
56005,1831990252,512
56006,1832022304,512
56007,1832054564,512
56008,1832087062,512
56009,1832119191,512
56010,1832151329,512
56011,1832183447,512
56012,1832215592,512
56013,1832247746,512
56014,1832279988,512
56015,1832312118,512
56016,1832344202,512
56017,1832376471,512
56018,1832408796,512
56019,1832440981,512
56020,1832475217,512
56021,1832508636,512
56022,1832541000,512
56023,1832573318,512
56024,1832605487,512
56025,1832637647,512
56026,1832669837,512
56027,1832701917,512
56028,1832734003,512
56029,1832766167,512
56030,1832798179,512
56031,1832830294,512
56032,1832862372,512
56033,1832894531,512
56034,1832926780,512
56035,1832958913,512
56036,1832991305,512
56037,1833023426,512
56038,1833055482,512
56039,1833089689,512
56040,1833123156,512
56041,1833155270,512
56042,1833187628,512
56043,1833219941,512
56044,1833252197,512
56045,1833284943,512
56046,1833317046,512
56047,1833349068,512
56048,1833381141,512
56049,1833413221,512
56050,1833445280,512
56051,1833477493,512
56052,1833509522,512
56053,1833541571,512
56054,1833573583,512
56055,1833605774,512
56056,1833638001,512
56057,1833670053,512
56058,1833704359,512
56059,1833737886,512
56060,1833770088,512
56061,1833802422,512
56062,1833834681,512
56063,1833866813,512
56064,1833898920,512
56065,1833931260,512
56066,1833963384,512
56067,1833995502,512
56068,1834027792,512
56069,1834059945,512
56070,1834091967,512
56071,1834124273,512
56072,1834156418,512
56073,1834188464,512
56074,1834220942,512
56075,1834252947,512
56076,1834285039,512
56077,1834318636,512
56078,1834352462,512
56079,1834384659,512
56080,1834418744,512
56081,1834452952,512
56082,1834485133,512
56083,1834517397,512
56084,1834549399,512
56085,1834581603,512
56086,1834613723,512
56087,1834645779,512
56088,1834678006,512
56089,1834710087,512
56090,1834742359,512
56091,1834774420,512
56092,1834806458,512
56093,1834838686,512
56094,1834870786,512
56095,1834902933,512
56096,1834935854,512
56097,1834967912,512
56098,1835000112,512
56099,1835033448,512
56100,1835067590,512
56101,1835099847,512
56102,1835131902,512
56103,1835164239,512
56104,1835196667,512
56105,1835228975,512
56106,1835261051,512
56107,1835293251,512
56108,1835325285,512
56109,1835357450,512
56110,1835389473,512
56111,1835421699,512
56112,1835453750,512
56113,1835486120,512
56114,1835518192,512
56115,1835550487,512
56116,1835582694,512
56117,1835614802,512
56118,1835647613,512
56119,1835679679,512
56120,1835711846,512
56122,1835776024,512
56123,1835808200,512
56124,1835840377,512
56125,1835872387,512
56126,1835904474,512
56127,1835936521,512
56128,1835968541,512
56129,1836000709,512
56130,1836032781,512
56131,1836065300,512
56132,1836097464,512
56133,1836129584,512
56134,1836161803,512
56135,1836193967,512
56136,1836226116,512
56137,1836258299,512
56138,1836290340,512
56139,1836322474,512
56140,1836354645,512
56141,1836386641,512
56142,1836418694,512
56143,1836450720,512
56144,1836482758,512
56145,1836514776,512
56146,1836546897,512
56147,1836579066,512
56148,1836611205,512
56149,1836643234,512
56150,1836675589,512
56151,1836707673,512
56152,1836739683,512
56153,1836771735,512
56154,1836803917,512
56155,1836836034,512
56156,1836868075,512
56157,1836900234,512
56158,1836932398,512
56159,1836964823,512
56160,1836996836,512
56161,1837028883,512
56162,1837060927,512
56163,1837092997,512
56164,1837125190,512
56165,1837157440,512
56166,1837189694,512
56167,1837221765,512
56168,1837253803,512
56169,1837288069,512
56170,1837321642,512
56171,1837354110,512
56172,1837386531,512
56173,1837418723,512
56174,1837450906,512
56175,1837482956,512
56176,1837515020,512
56177,1837547087,512
56178,1837579301,512
56179,1837611328,512
56180,1837643623,512
56181,1837675673,512
56182,1837707804,512
56183,1837739863,512
56184,1837771972,512
56185,1837804144,512
56186,1837836262,512
56187,1837868563,512
56188,1837902755,512
56189,1837936357,512
56190,1837968426,512
56191,1838002520,512
56192,1838036719,512
56193,1838068879,512
56194,1838101092,512
56195,1838133583,512
56196,1838165655,512
56197,1838197945,512
56198,1838230132,512
56199,1838262332,512
56200,1838294501,512
56201,1838326510,512
56202,1838358776,512
56203,1838390864,512
56204,1838423005,512
56205,1838455185,512
56206,1838487253,512
56207,1838519905,512
56208,1838552080,512
56209,1838584155,512
56210,1838617177,512
56211,1838651498,512
56212,1838683628,512
56213,1838715960,512
56214,1838747988,512
56215,1838780537,512
56216,1838812656,512
56217,1838844828,512
56218,1838876967,512
56219,1838909042,512
56220,1838941296,512
56221,1838973395,512
56222,1839005506,512
56223,1839037593,512
56224,1839069682,512
56225,1839101938,512
56226,1839134536,512
56227,1839166643,512
56228,1839198760,512
56229,1839231835,512
56230,1839266162,512
56231,1839298406,512
56232,1839330719,512
56233,1839363011,512
56234,1839395113,512
56235,1839427299,512
56236,1839459507,512
56237,1839491649,512
56238,1839523797,512
56239,1839555965,512
56240,1839588118,512
56241,1839620187,512
56242,1839652324,512
56243,1839684357,512
56244,1839716542,512
56245,1839748854,512
56246,1839780988,512
56247,1839813111,512
56248,1839846190,512
56249,1839880775,512
56250,1839912881,512
56251,1839945183,512
56252,1839977318,512
56253,1840009656,512
56254,1840041954,512
56255,1840073974,512
56256,1840106411,512
56257,1840138475,512
56258,1840170537,512
56259,1840202613,512
56260,1840234674,512
56261,1840267165,512
56262,1840299262,512
56263,1840331425,512
56264,1840364000,512
56265,1840396155,512
56266,1840428252,512
56267,1840461844,512
56268,1840495417,512
56269,1840527768,512
56270,1840559960,512
56271,1840592292,512
56272,1840624371,512
56273,1840656690,512
56274,1840688916,512
56275,1840720933,512
56276,1840753106,512
56277,1840785438,512
56278,1840817528,512
56279,1840849602,512
56280,1840881693,512
56281,1840913879,512
56282,1840946284,512
56283,1840978363,512
56284,1841010550,512
56285,1841042606,512
56286,1841076638,512
56287,1841110235,512
56288,1841142325,512
56289,1841174607,512
56290,1841207032,512
56291,1841239221,512
56292,1841271388,512
56293,1841303583,512
56294,1841335801,512
56295,1841368011,512
56296,1841400184,512
56297,1841432283,512
56298,1841464351,512
56299,1841496576,512
56300,1841528760,512
56301,1841560864,512
56302,1841593200,512
56303,1841625194,512
56304,1841657233,512
56305,1841691217,512
56306,1841724888,512
56307,1841756995,512
56308,1841789056,512
56309,1841821406,512
56310,1841853426,512
56311,1841885476,512
56312,1841917765,512
56313,1841949808,512
56314,1841982036,512
56315,1842014273,512
56316,1842046285,512
56317,1842078421,512
56318,1842110744,512
56319,1842142807,512
56320,1842174882,512
56321,1842207540,512
56322,1842239773,512
56323,1842271879,512
56324,1842305939,512
56325,1842339694,512
56326,1842371862,512
56327,1842405269,512
56328,1842437411,512
56329,1842469551,512
56330,1842504395,512
56331,1842536404,512
56332,1842568711,512
56333,1842600736,512
56334,1842632933,512
56335,1842665084,512
56336,1842697183,512
56337,1842729358,512
56338,1842761700,512
56339,1842794047,512
56340,1842826101,512
56341,1842858248,512
56342,1842890519,512
56343,1842923186,512
56344,1842955294,512
56345,1842987354,512
56346,1843020516,512
56347,1843054776,512
56348,1843086854,512
56349,1843119217,512
56350,1843151649,512
56351,1843184059,512
56352,1843216169,512
56353,1843248326,512
56354,1843280368,512
56355,1843312405,512
56356,1843344540,512
56357,1843376632,512
56358,1843408891,512
56359,1843441063,512
56360,1843473259,512
56361,1843505313,512
56362,1843537511,512
56363,1843569575,512
56364,1843601592,512
56365,1843635256,512
56366,1843669542,512
56367,1843701822,512
56368,1843733964,512
56369,1843766290,512
56370,1843798627,512
56371,1843830799,512
56372,1843863042,512
56373,1843895107,512
56374,1843927135,512
56375,1843959278,512
56376,1843991341,512
56377,1844023471,512
56378,1844055883,512
56379,1844088011,512
56380,1844120078,512
56381,1844152076,512
56382,1844184193,512
56383,1844216407,512
56384,1844249985,512
56385,1844284009,512
56386,1844316351,512
56387,1844348585,512
56388,1844380891,512
56389,1844413153,512
56390,1844445339,512
56391,1844477341,512
56392,1844509671,512
56393,1844542042,512
56394,1844574277,512
56395,1844606367,512
56396,1844638427,512
56397,1844670427,512
56398,1844702535,512
56399,1844734743,512
56400,1844766861,512
56401,1844798999,512
56402,1844831039,512
56403,1844864676,512
56404,1844898915,512
56405,1844931072,512
56406,1844963141,512
56407,1844995365,512
56408,1845027370,512
56409,1845059576,512
56410,1845091806,512
56411,1845123937,512
56412,1845155949,512
56413,1845188513,512
56414,1845220607,512
56415,1845252860,512
56416,1845285293,512
56417,1845317483,512
56418,1845349537,512
56419,1845381570,512
56420,1845413734,512
56421,1845445912,512
56422,1845479078,512
56423,1845513804,512
56424,1845546105,512
56425,1845578389,512
56426,1845610413,512
56427,1845642618,512
56428,1845674619,512
56429,1845706909,512
56430,1845739155,512
56431,1845771185,512
56432,1845803387,512
56433,1845835431,512
56434,1845867485,512
56435,1845899648,512
56436,1845931687,512
56437,1845964020,512
56438,1845996030,512
56439,1846028315,512
56440,1846060457,512
56441,1846094440,512
56442,1846128551,512
56443,1846160589,512
56444,1846192800,512
56445,1846225130,512
56446,1846257292,512
56447,1846289398,512
56448,1846321521,512
56449,1846353644,512
56450,1846385795,512
56451,1846417932,512
56452,1846450180,512
56453,1846482312,512
56454,1846514468,512
56456,1846578599,512
56457,1846610711,512
56458,1846643010,512
56459,1846675143,512
56460,1846709197,512
56461,1846743100,512
56462,1846775398,512
56463,1846808645,512
56464,1846840646,512
56465,1846872828,512
56466,1846904894,512
56467,1846936983,512
56468,1846969094,512
56469,1847001111,512
56470,1847033293,512
56471,1847065427,512
56472,1847097440,512
56473,1847129441,512
56474,1847161585,512
56475,1847193759,512
56476,1847225801,512
56477,1847257993,512
56478,1847290109,512
56479,1847323442,512
56480,1847357610,512
56481,1847389672,512
56482,1847423720,512
56483,1847458063,512
56484,1847490159,512
56485,1847522520,512
56486,1847554581,512
56487,1847587063,512
56488,1847619418,512
56489,1847651519,512
56490,1847683695,512
56491,1847715791,512
56492,1847747891,512
56493,1847780143,512
56494,1847812182,512
56495,1847844487,512
56496,1847876478,512
56497,1847908636,512
56498,1847940727,512
56499,1847972895,512
56500,1848004956,512
56501,1848038256,512
56502,1848072960,512
56503,1848105133,512
56504,1848137139,512
56505,1848169306,512
56506,1848201402,512
56507,1848233417,512
56508,1848265523,512
56509,1848297932,512
56510,1848330312,512
56511,1848362652,512
56512,1848394774,512
56513,1848426970,512
56514,1848459003,512
56515,1848491130,512
56516,1848523320,512
56517,1848555395,512
56518,1848587556,512
56519,1848619739,512
56520,1848653264,512
56521,1848687222,512
56522,1848719688,512
56523,1848752004,512
56524,1848784198,512
56525,1848816283,512
56526,1848848591,512
56527,1848880857,512
56528,1848913226,512
56529,1848945243,512
56531,1849009329,512
56532,1849041598,512
56533,1849073703,512
56534,1849105761,512
56536,1849170263,512
56537,1849202362,512
56538,1849234503,512
56539,1849268654,512
56540,1849302133,512
56541,1849334377,512
56542,1849366520,512
56543,1849398778,512
56544,1849430807,512
56545,1849463335,512
56546,1849495476,512
56547,1849527675,512
56548,1849559912,512
56549,1849592072,512
56550,1849624182,512
56551,1849656256,512
56552,1849688438,512
56553,1849720505,512
56554,1849752577,512
56555,1849784826,512
56556,1849816883,512
56557,1849849181,512
56558,1849883258,512
56559,1849916867,512
56560,1849949489,512
56561,1849981802,512
56562,1850013828,512
56563,1850046045,512
56564,1850078232,512
56565,1850110272,512
56566,1850142468,512
56567,1850174552,512
56568,1850206626,512
56569,1850238716,512
56570,1850270768,512
56571,1850302999,512
56572,1850335359,512
56573,1850367363,512
56574,1850399523,512
56575,1850431561,512
56576,1850463693,512
56577,1850497714,512
56578,1850531689,512
56579,1850564092,512
56580,1850597224,512
56581,1850629290,512
56582,1850661420,512
56583,1850693568,512
56584,1850725760,512
56585,1850757952,512
56586,1850790014,512
56587,1850822192,512
56588,1850856891,512
56589,1850889160,512
56590,1850921276,512
56591,1850953373,512
56592,1850985558,512
56593,1851017754,512
56594,1851050142,512
56595,1851082414,512
56596,1851115176,512
56597,1851147233,512
56598,1851179390,512
56599,1851211401,512
56600,1851243524,512
56601,1851275687,512
56602,1851307824,512
56603,1851339944,512
56604,1851372060,512
56605,1851404196,512
56606,1851436313,512
56607,1851468357,512
56608,1851500472,512
56609,1851532638,512
56610,1851564702,512
56611,1851596713,512
56612,1851628997,512
56613,1851661013,512
56614,1851693274,512
56615,1851726450,512
56616,1851761051,512
56617,1851793391,512
56618,1851826728,512
56619,1851858740,512
56620,1851890937,512
56621,1851922982,512
56622,1851955077,512
56623,1851987272,512
56624,1852019339,512
56625,1852051400,512
56626,1852083468,512
56627,1852115662,512
56628,1852147876,512
56629,1852179916,512
56630,1852211926,512
56631,1852244179,512
56632,1852276185,512
56633,1852308360,512
56634,1852341079,512
56635,1852375554,512
56636,1852407883,512
56637,1852442897,512
56638,1852476191,512
56639,1852508277,512
56640,1852540478,512
56641,1852572566,512
56642,1852604695,512
56643,1852636913,512
56644,1852669108,512
56645,1852701203,512
56646,1852733343,512
56647,1852765743,512
56648,1852797883,512
56649,1852830020,512
56650,1852862234,512
56651,1852894459,512
56652,1852926543,512
56653,1852958832,512
56654,1852990990,512
56655,1853023037,512
56656,1853056758,512
56657,1853090850,512
56658,1853123015,512
56659,1853155185,512
56660,1853187285,512
56661,1853219363,512
56662,1853251520,512
56663,1853283520,512
56664,1853315898,512
56665,1853348351,512
56666,1853380500,512
56667,1853412776,512
56668,1853444963,512
56669,1853477098,512
56670,1853509266,512
56671,1853541267,512
56672,1853573364,512
56673,1853605439,512
56674,1853637625,512
56675,1853672054,512
56676,1853705402,512
56677,1853737609,512
56678,1853769914,512
56679,1853802418,512
56680,1853834600,512
56681,1853866765,512
56682,1853898768,512
56683,1853930939,512
56684,1853963114,512
56685,1853995185,512
56686,1854027348,512
56687,1854059679,512
56688,1854091750,512
56689,1854123867,512
56690,1854156060,512
56691,1854188408,512
56692,1854220425,512
56693,1854252462,512
56694,1854286115,512
56695,1854320303,512
56696,1854352410,512
56697,1854384455,512
56698,1854416561,512
56699,1854448722,512
56700,1854480924,512
56701,1854512952,512
56702,1854545177,512
56703,1854577303,512
56704,1854609509,512
56705,1854641618,512
56706,1854673697,512
56707,1854706002,512
56708,1854738006,512
56709,1854770236,512
56710,1854802747,512
56711,1854834832,512
56712,1854867181,512
56713,1854900888,512
56714,1854934871,512
56715,1854966927,512
56716,1854999113,512
56717,1855031564,512
56718,1855064008,512
56719,1855096085,512
56720,1855128170,512
56721,1855160275,512
56722,1855192470,512
56723,1855224585,512
56724,1855256685,512
56725,1855288935,512
56726,1855321165,512
56727,1855353265,512
56728,1855385532,512
56729,1855417577,512
56730,1855449738,512
56731,1855481806,512
56732,1855515365,512
56733,1855549603,512
56734,1855581815,512
56735,1855615881,512
56736,1855650120,512
56737,1855682250,512
56738,1855714445,512
56739,1855746769,512
56740,1855779072,512
56741,1855811326,512
56742,1855843473,512
56743,1855875658,512
56744,1855907726,512
56745,1855939850,512
56746,1855971931,512
56747,1856004113,512
56748,1856036155,512
56749,1856068302,512
56750,1856100347,512
56751,1856132911,512
56752,1856164913,512
56753,1856197057,512
56754,1856230129,512
56755,1856265017,512
56756,1856297345,512
56757,1856329633,512
56758,1856361793,512
56759,1856393999,512
56760,1856426136,512
56761,1856458272,512
56762,1856490465,512
56763,1856522536,512
56764,1856554688,512
56765,1856586809,512
56766,1856618923,512
56767,1856650973,512
56768,1856683358,512
56769,1856715477,512
56770,1856747808,512
56771,1856779967,512
56772,1856812029,512
56773,1856845328,512
56774,1856879676,512
56775,1856912062,512
56776,1856944183,512
56777,1856976376,512
56778,1857008662,512
56779,1857040875,512
56780,1857072912,512
56781,1857105063,512
56782,1857137255,512
56783,1857169285,512
56784,1857201369,512
56785,1857233629,512
56786,1857265726,512
56787,1857297784,512
56788,1857329966,512
56789,1857362460,512
56790,1857394456,512
56791,1857426578,512
56792,1857460721,512
56793,1857493778,512
56794,1857526130,512
56795,1857558453,512
56796,1857590559,512
56797,1857622691,512
56798,1857654735,512
56799,1857687064,512
56800,1857719312,512
56801,1857751411,512
56802,1857783692,512
56803,1857815941,512
56804,1857848122,512
56805,1857880292,512
56806,1857912568,512
56807,1857944591,512
56808,1857976833,512
56809,1858009010,512
56810,1858041087,512
56811,1858075217,512
56812,1858108989,512
56813,1858141457,512
56814,1858173634,512
56815,1858205700,512
56816,1858237891,512
56817,1858270134,512
56818,1858302199,512
56819,1858334250,512
56820,1858366578,512
56821,1858398650,512
56822,1858430755,512
56823,1858463001,512
56824,1858495130,512
56825,1858527168,512
56826,1858559491,512
56827,1858591635,512
56828,1858623813,512
56829,1858655886,512
56830,1858689682,512
56831,1858723456,512
56832,1858755660,512
56833,1858789729,512
56834,1858823964,512
56835,1858856062,512
56836,1858888498,512
56837,1858920523,512
56838,1858952556,512
56839,1858984725,512
56840,1859016907,512
56841,1859049040,512
56842,1859081121,512
56843,1859113195,512
56844,1859145366,512
56845,1859177531,512
56846,1859209659,512
56847,1859242264,512
56848,1859274606,512
56849,1859307287,512
56850,1859339481,512
56851,1859371578,512
56852,1859404381,512
56853,1859438408,512
56854,1859470783,512
56855,1859503045,512
56856,1859535218,512
56857,1859567219,512
56858,1859599247,512
56859,1859631570,512
56860,1859663719,512
56861,1859695761,512
56862,1859728236,512
56863,1859760246,512
56864,1859792635,512
56865,1859824757,512
56866,1859856874,512
56867,1859889170,512
56868,1859921623,512
56869,1859953804,512
56870,1859985935,512
56871,1860019050,512
56872,1860052985,512
56873,1860085539,512
56874,1860117849,512
56875,1860149915,512
56876,1860181986,512
56877,1860214125,512
56878,1860246223,512
56879,1860278507,512
56880,1860310857,512
56881,1860343027,512
56882,1860375218,512
56883,1860407517,512
56884,1860439584,512
56885,1860471607,512
56886,1860503732,512
56887,1860536252,512
56888,1860568335,512
56889,1860600379,512
56890,1860632959,512
56891,1860665127,512
56892,1860697315,512
56893,1860729349,512
56894,1860761400,512
56895,1860793412,512
56896,1860825553,512
56897,1860857744,512
56898,1860889888,512
56899,1860921889,512
56900,1860953951,512
56901,1860986103,512
56902,1861018217,512
56903,1861050292,512
56904,1861082363,512
56905,1861114639,512
56906,1861147338,512
56907,1861179450,512
56908,1861211479,512
56909,1861243665,512
56910,1861275694,512
56911,1861307848,512
56912,1861339907,512
56913,1861372046,512
56914,1861404099,512
56915,1861436205,512
56916,1861468294,512
56917,1861500488,512
56918,1861532489,512
56919,1861564566,512
56920,1861596911,512
56921,1861628957,512
56922,1861662178,512
56923,1861696339,512
56924,1861728715,512
56925,1861761872,512
56926,1861793902,512
56927,1861826013,512
56928,1861858068,512
56929,1861890226,512
56930,1861922315,512
56931,1861954460,512
56932,1861986608,512
56933,1862018689,512
56934,1862050782,512
56935,1862082910,512
56936,1862115012,512
56937,1862147267,512
56938,1862179266,512
56939,1862211456,512
56940,1862243649,512
56941,1862277018,512
56942,1862311261,512
56943,1862343369,512
56944,1862377355,512
56945,1862411631,512
56946,1862443945,512
56947,1862478058,512
56948,1862512178,512
56949,1862544358,512
56950,1862578352,512
56951,1862612585,512
56952,1862644759,512
56953,1862677026,512
56954,1862709060,512
56955,1862741354,512
56956,1862773641,512
56957,1862805845,512
56958,1862838242,512
56959,1862870376,512
56960,1862902579,512
56961,1862934601,512
56962,1862966677,512
56963,1862998821,512
56964,1863031221,512
56965,1863063303,512
56966,1863096182,512
56967,1863130424,512
56968,1863163056,512
56969,1863196241,512
56970,1863228277,512
56971,1863260442,512
56972,1863292553,512
56973,1863324576,512
56974,1863356667,512
56975,1863388782,512
56976,1863420898,512
56977,1863453006,512
56978,1863485030,512
56979,1863517067,512
56980,1863549205,512
56981,1863581561,512
56982,1863613747,512
56983,1863645764,512
56984,1863677898,512
56985,1863710579,512
56986,1863742642,512
56987,1863774780,512
56988,1863807704,512
56989,1863841969,512
56990,1863874404,512
56991,1863906512,512
56992,1863938703,512
56993,1863971226,512
56994,1864003253,512
56995,1864035400,512
56996,1864067544,512
56997,1864099677,512
56998,1864131868,512
56999,1864163963,512
57000,1864195987,512
57001,1864228194,512
57002,1864260278,512
57003,1864292575,512
57004,1864325072,512
57005,1864357161,512
57006,1864389352,512
57007,1864421782,512
57008,1864453940,512
57009,1864485982,512
57010,1864518193,512
57011,1864550255,512
57012,1864582367,512
57013,1864614496,512
57014,1864646604,512
57015,1864678803,512
57016,1864710855,512
57017,1864742911,512
57018,1864774938,512
57019,1864806963,512
57020,1864839004,512
57021,1864871088,512
57022,1864903266,512
57023,1864936115,512
57024,1864968255,512
57025,1865000327,512
57026,1865032497,512
57027,1865064618,512
57028,1865096784,512
57029,1865128921,512
57030,1865161045,512
57031,1865193180,512
57032,1865225242,512
57033,1865257386,512
57034,1865289395,512
57035,1865321477,512
57036,1865353477,512
57037,1865385521,512
57038,1865417711,512
57039,1865450747,512
57040,1865484982,512
57041,1865517407,512
57042,1865550631,512
57043,1865582646,512
57044,1865614836,512
57045,1865646841,512
57046,1865678967,512
57047,1865710996,512
57048,1865743044,512
57049,1865775103,512
57050,1865807121,512
57051,1865839158,512
57052,1865871287,512
57053,1865903678,512
57054,1865935741,512
57055,1865967938,512
57056,1866000108,512
57057,1866032345,512
57058,1866065240,512
57059,1866099504,512
57060,1866132101,512
57061,1866165313,512
57062,1866197318,512
57063,1866229370,512
57064,1866261444,512
57065,1866293466,512
57066,1866325644,512
57067,1866357684,512
57068,1866389791,512
57069,1866421821,512
57070,1866454024,512
57071,1866486095,512
57072,1866518429,512
57073,1866550637,512
57074,1866582688,512
57075,1866614777,512
57076,1866646792,512
57077,1866679682,512
57078,1866711727,512
57079,1866743777,512
57080,1866776830,512
57081,1866811112,512
57082,1866843224,512
57083,1866875495,512
57084,1866907573,512
57085,1866939643,512
57086,1866971691,512
57087,1867003858,512
57088,1867036084,512
57089,1867068158,512
57090,1867100318,512
57091,1867132891,512
57092,1867165043,512
57093,1867197315,512
57094,1867229373,512
57095,1867261550,512
57096,1867294296,512
57097,1867326351,512
57098,1867358384,512
57099,1867391475,512
57100,1867425565,512
57101,1867457774,512
57102,1867490193,512
57103,1867522465,512
57104,1867554840,512
57105,1867586913,512
57106,1867619031,512
57107,1867651226,512
57108,1867683387,512
57109,1867715521,512
57110,1867747734,512
57111,1867779820,512
57112,1867811992,512
57113,1867844192,512
57114,1867876342,512
57115,1867908837,512
57116,1867940882,512
57117,1867972932,512
57118,1868005742,512
57119,1868037785,512
57120,1868069844,512
57121,1868101946,512
57122,1868134093,512
57123,1868166094,512
57124,1868198252,512
57125,1868230265,512
57126,1868262304,512
57127,1868294426,512
57128,1868326459,512
57129,1868358529,512
57130,1868390738,512
57131,1868422769,512
57132,1868454803,512
57133,1868486846,512
57134,1868519725,512
57135,1868551836,512
57136,1868583986,512
57137,1868616145,512
57138,1868648156,512
57139,1868680165,512
57140,1868712354,512
57141,1868744549,512
57142,1868776584,512
57143,1868808625,512
57144,1868840822,512
57145,1868872937,512
57146,1868905137,512
57147,1868937174,512
57148,1868969316,512
57149,1869001416,512
57150,1869033550,512
57151,1869065592,512
57152,1869097664,512
57153,1869129680,512
57154,1869161740,512
57155,1869194029,512
57156,1869226175,512
57157,1869258443,512
57158,1869290563,512
57159,1869322897,512
57160,1869355043,512
57161,1869387142,512
57162,1869419194,512
57164,1869483306,512
57165,1869515477,512
57166,1869547746,512
57167,1869579881,512
57168,1869611985,512
57169,1869646307,512
57170,1869679266,512
57171,1869711762,512
57172,1869743912,512
57173,1869775915,512
57174,1869808100,512
57175,1869840223,512
57176,1869872549,512
57177,1869904570,512
57178,1869936725,512
57179,1869968990,512
57180,1870001364,512
57181,1870033591,512
57182,1870065784,512
57183,1870097846,512
57184,1870130082,512
57185,1870162353,512
57186,1870194427,512
57187,1870226430,512
57188,1870260833,512
57189,1870294386,512
57190,1870326799,512
57191,1870359250,512
57192,1870391366,512
57193,1870423502,512
57194,1870455686,512
57195,1870487928,512
57196,1870520009,512
57197,1870552201,512
57198,1870584486,512
57199,1870616598,512
57200,1870648710,512
57201,1870680723,512
57202,1870712844,512
57203,1870745074,512
57204,1870777520,512
57205,1870809521,512
57206,1870841524,512
57207,1870875230,512
57208,1870908662,512
57209,1870941041,512
57210,1870973274,512
57211,1871005406,512
57212,1871037779,512
57213,1871070252,512
57214,1871102512,512
57215,1871134642,512
57216,1871166780,512
57217,1871198802,512
57218,1871231000,512
57219,1871263059,512
57220,1871295221,512
57221,1871327274,512
57222,1871359327,512
57223,1871391790,512
57224,1871423926,512
57225,1871455988,512
57226,1871490047,512
57227,1871523759,512
57228,1871555817,512
57229,1871589994,512
57230,1871624029,512
57231,1871656400,512
57232,1871688478,512
57233,1871720889,512
57234,1871753217,512
57235,1871785241,512
57236,1871817474,512
57237,1871849466,512
57238,1871881687,512
57239,1871913943,512
57240,1871945973,512
57241,1871978038,512
57242,1872010188,512
57243,1872042247,512
57244,1872074274,512
57245,1872107113,512
57246,1872139221,512
57247,1872171366,512
57248,1872204597,512
57249,1872238896,512
57250,1872271054,512
57251,1872303273,512
57252,1872335439,512
57253,1872367790,512
57254,1872400006,512
57255,1872432137,512
57256,1872464320,512
57257,1872496506,512
57258,1872528600,512
57259,1872560798,512
57260,1872592910,512
57261,1872625060,512
57262,1872657286,512
57263,1872689402,512
57264,1872722156,512
57265,1872754324,512
57266,1872786377,512
57267,1872819305,512
57268,1872853267,512
57269,1872885773,512
57270,1872917956,512
57271,1872950111,512
57272,1872982160,512
57273,1873014175,512
57274,1873046427,512
57275,1873078729,512
57276,1873111191,512
57277,1873143485,512
57278,1873175559,512
57279,1873207618,512
57280,1873239820,512
57281,1873272341,512
57282,1873304453,512
57283,1873336897,512
57284,1873368902,512
57285,1873401070,512
57286,1873434219,512
57287,1873467973,512
57288,1873500291,512
57289,1873532515,512
57290,1873564642,512
57291,1873596762,512
57292,1873628882,512
57293,1873661034,512
57294,1873693157,512
57295,1873725536,512
57296,1873757919,512
57297,1873789976,512
57298,1873822350,512
57299,1873854522,512
57300,1873886568,512
57301,1873918710,512
57302,1873951114,512
57303,1873983126,512
57304,1874015277,512
57305,1874049262,512
57306,1874082646,512
57307,1874115166,512
57308,1874147354,512
57309,1874179449,512
57310,1874211602,512
57311,1874243668,512
57312,1874275793,512
57313,1874307895,512
57314,1874340178,512
57315,1874372594,512
57316,1874404944,512
57317,1874437020,512
57318,1874469256,512
57319,1874501272,512
57320,1874533353,512
57321,1874565692,512
57322,1874597721,512
57323,1874629763,512
57324,1874664017,512
57325,1874697191,512
57326,1874729836,512
57327,1874761942,512
57328,1874794276,512
57329,1874826723,512
57330,1874858847,512
57331,1874891095,512
57332,1874923288,512
57333,1874955316,512
57334,1874987409,512
57335,1875019653,512
57336,1875051765,512
57337,1875083873,512
57338,1875116297,512
57339,1875148472,512
57340,1875180683,512
57341,1875212780,512
57342,1875244935,512
57343,1875278767,512
57344,1875311888,512
57345,1875344425,512
57346,1875378493,512
57347,1875412393,512
57348,1875445289,512
57349,1875477330,512
57350,1875509353,512
57351,1875541386,512
57352,1875573556,512
57353,1875605941,512
57354,1875638062,512
57355,1875670331,512
57356,1875702443,512
57357,1875734623,512
57358,1875766916,512
57359,1875799028,512
57360,1875831178,512
57361,1875863368,512
57362,1875895900,512
57363,1875928093,512
57364,1875960174,512
57365,1875992415,512
57366,1876024594,512
57367,1876056714,512
57368,1876088843,512
57369,1876120872,512
57370,1876153062,512
57371,1876185260,512
57372,1876217413,512
57373,1876249453,512
57374,1876281537,512
57375,1876313701,512
57376,1876345811,512
57377,1876377898,512
57378,1876410096,512
57379,1876442281,512
57380,1876474459,512
57381,1876507366,512
57382,1876541570,512
57383,1876573949,512
57384,1876607917,512
57385,1876641839,512
57386,1876674289,512
57387,1876706555,512
57388,1876738631,512
57389,1876770819,512
57390,1876803316,512
57391,1876835405,512
57392,1876867617,512
57393,1876899825,512
57394,1876932299,512
57395,1876964380,512
57396,1876996567,512
57397,1877028612,512
57398,1877060851,512
57399,1877093024,512
57400,1877125060,512
57401,1877157197,512
57402,1877189334,512
57403,1877222537,512
57404,1877256580,512
57405,1877289352,512
57406,1877321745,512
57407,1877353804,512
57408,1877385827,512
57409,1877418063,512
57410,1877450082,512
57411,1877482464,512
57412,1877514515,512
57413,1877546866,512
57414,1877578912,512
57415,1877611105,512
57416,1877643305,512
57417,1877675436,512
57418,1877707594,512
57419,1877739765,512
57420,1877771930,512
57421,1877803973,512
57422,1877837405,512
57423,1877871375,512
57424,1877903722,512
57425,1877936066,512
57426,1877968384,512
57427,1878000749,512
57428,1878032869,512
57429,1878064891,512
57430,1878097234,512
57431,1878129340,512
57432,1878161443,512
57433,1878193465,512
57434,1878225618,512
57435,1878257735,512
57436,1878289838,512
57437,1878321911,512
57438,1878353924,512
57439,1878386042,512
57440,1878418087,512
57441,1878451356,512
57442,1878483555,512
57443,1878515613,512
57444,1878547695,512
57445,1878579719,512
57446,1878611858,512
57447,1878643887,512
57448,1878676047,512
57449,1878708075,512
57450,1878740259,512
57451,1878772423,512
57452,1878804475,512
57453,1878836484,512
57454,1878868766,512
57455,1878900793,512
57456,1878932911,512
57457,1878965501,512
57458,1878997573,512
57459,1879029695,512
57460,1879061802,512
57461,1879093887,512
57462,1879125963,512
57463,1879158056,512
57464,1879190218,512
57465,1879222241,512
57466,1879254241,512
57467,1879286401,512
57468,1879318436,512
57469,1879350561,512
57470,1879382603,512
57471,1879414859,512
57472,1879446930,512
57473,1879480013,512
57474,1879514706,512
57475,1879546908,512
57476,1879580523,512
57477,1879614855,512
57478,1879647312,512
57479,1879681652,512
57480,1879715571,512
57481,1879747871,512
57482,1879781779,512
57483,1879816116,512
57484,1879848219,512
57485,1879880538,512
57486,1879912651,512
57487,1879944697,512
57488,1879976856,512
57489,1880008921,512
57490,1880041138,512
57491,1880073223,512
57492,1880105423,512
57493,1880137439,512
57494,1880169615,512
57495,1880201755,512
57496,1880233965,512
57497,1880266031,512
57498,1880299779,512
57499,1880334046,512
57500,1880366463,512
57501,1880400259,512
57502,1880434476,512
57503,1880466953,512
57504,1880501457,512
57505,1880534922,512
57506,1880567428,512
57507,1880601566,512
57508,1880635504,512
57509,1880667794,512
57510,1880700193,512
57511,1880732303,512
57512,1880764362,512
57513,1880796518,512
57514,1880828537,512
57515,1880860765,512
57516,1880892906,512
57517,1880924935,512
57518,1880957055,512
57519,1880989302,512
57520,1881021316,512
57521,1881053700,512
57522,1881085882,512
57523,1881118463,512
57524,1881150561,512
57525,1881182806,512
57526,1881216235,512
57527,1881250408,512
57528,1881282443,512
57529,1881314823,512
57530,1881346894,512
57531,1881379283,512
57532,1881411549,512
57533,1881443607,512
57534,1881476021,512
57535,1881508057,512
57536,1881540332,512
57537,1881572532,512
57538,1881604580,512
57539,1881636678,512
57540,1881668773,512
57541,1881700858,512
57542,1881732884,512
57543,1881765334,512
57544,1881797450,512
57545,1881830954,512
57546,1881865223,512
57547,1881897572,512
57548,1881929941,512
57549,1881962118,512
57550,1881994224,512
57551,1882026330,512
57552,1882058385,512
57553,1882090567,512
57554,1882122792,512
57555,1882155004,512
57556,1882187003,512
57557,1882219282,512
57558,1882251407,512
57559,1882283585,512
57560,1882315595,512
57561,1882347770,512
57562,1882379776,512
57563,1882411947,512
57564,1882446451,512
57565,1882479731,512
57566,1882512220,512
57567,1882544358,512
57568,1882576392,512
57569,1882608847,512
57570,1882641181,512
57571,1882673282,512
57572,1882705461,512
57573,1882737587,512
57574,1882769806,512
57575,1882801921,512
57576,1882834048,512
57577,1882866127,512
57578,1882898203,512
57579,1882930424,512
57580,1882962559,512
57581,1882994721,512
57582,1883026944,512
57583,1883060770,512
57584,1883094495,512
57585,1883126669,512
57586,1883158762,512
57587,1883190948,512
57588,1883223003,512
57589,1883255260,512
57590,1883287591,512
57591,1883319650,512
57592,1883352036,512
57593,1883384221,512
57594,1883416264,512
57595,1883448495,512
57596,1883480599,512
57597,1883513015,512
57598,1883545257,512
57599,1883577300,512
57600,1883609345,512
57601,1883641493,512
57602,1883675510,512
57603,1883709259,512
57604,1883741319,512
57605,1883775432,512
57606,1883809637,512
57607,1883841787,512
57608,1883874050,512
57609,1883906252,512
57610,1883938675,512
57611,1883970746,512
57612,1884002826,512
57613,1884035402,512
57614,1884067499,512
57615,1884099545,512
57616,1884131709,512
57617,1884164023,512
57618,1884196028,512
57619,1884228171,512
57620,1884260230,512
57621,1884293081,512
57622,1884325236,512
57623,1884357290,512
57624,1884390069,512
57625,1884423946,512
57626,1884456576,512
57627,1884488844,512
57628,1884521222,512
57629,1884553332,512
57630,1884585432,512
57631,1884617566,512
57632,1884649714,512
57633,1884682014,512
57634,1884714116,512
57635,1884746194,512
57636,1884778293,512
57637,1884810398,512
57638,1884842521,512
57639,1884874826,512
57640,1884906875,512
57641,1884939020,512
57642,1884971126,512
57643,1885004816,512
57644,1885039293,512
57645,1885071575,512
57646,1885103761,512
57647,1885135783,512
57648,1885168033,512
57649,1885200257,512
57651,1885264725,512
57652,1885296821,512
57653,1885328862,512
57654,1885360920,512
57655,1885393219,512
57656,1885425389,512
57657,1885457563,512
57658,1885489586,512
57659,1885521659,512
57660,1885553821,512
57661,1885585858,512
57662,1885619679,512
57663,1885653590,512
57664,1885686005,512
57665,1885718259,512
57666,1885750377,512
57667,1885782702,512
57668,1885814832,512
57669,1885846975,512
57670,1885879292,512
57671,1885911376,512
57672,1885943390,512
57673,1885975625,512
57674,1886007660,512
57675,1886039916,512
57676,1886072094,512
57677,1886104122,512
57678,1886136795,512
57679,1886168947,512
57680,1886201079,512
57681,1886234877,512
57683,1886300784,512
57684,1886333220,512
57685,1886365358,512
57686,1886397545,512
57687,1886429686,512
57688,1886461872,512
57689,1886494110,512
57690,1886526230,512
57691,1886558332,512
57692,1886590507,512
57693,1886622687,512
57694,1886654721,512
57695,1886686760,512
57696,1886718976,512
57697,1886751097,512
57698,1886783217,512
57699,1886815306,512
57700,1886849939,512
57701,1886883392,512
57702,1886915770,512
57703,1886947976,512
57704,1886980096,512
57705,1887012161,512
57706,1887044389,512
57707,1887076486,512
57708,1887108772,512
57709,1887140972,512
57710,1887173066,512
57711,1887205221,512
57712,1887237272,512
57713,1887269438,512
57714,1887301494,512
57715,1887333603,512
57716,1887366247,512
57717,1887398432,512
57718,1887430552,512
57719,1887463683,512
57720,1887497718,512
57721,1887529963,512
57722,1887564114,512
57723,1887598615,512
57724,1887630828,512
57725,1887663053,512
57726,1887695068,512
57727,1887727355,512
57728,1887759434,512
57729,1887791611,512
57730,1887823916,512
57731,1887856036,512
57732,1887888185,512
57733,1887920397,512
57734,1887952582,512
57735,1887984755,512
57736,1888016943,512
57737,1888048955,512
57738,1888081346,512
57739,1888113464,512
57740,1888145656,512
57741,1888178827,512
57742,1888213043,512
57743,1888245203,512
57744,1888277360,512
57745,1888309429,512
57746,1888341670,512
57747,1888373702,512
57748,1888406198,512
57749,1888438435,512
57750,1888470480,512
57751,1888502832,512
57752,1888535052,512
57753,1888567161,512
57754,1888599316,512
57755,1888631331,512
57756,1888663334,512
57757,1888695915,512
57758,1888728026,512
57759,1888760196,512
57760,1888793229,512
57761,1888827794,512
57762,1888859812,512
57763,1888892006,512
57764,1888924125,512
57765,1888956176,512
57766,1888988409,512
57767,1889020625,512
57768,1889053139,512
57769,1889085305,512
57770,1889117353,512
57771,1889149493,512
57772,1889181603,512
57773,1889213772,512
57774,1889245916,512
57775,1889277942,512
57776,1889310865,512
57777,1889342957,512
57778,1889375050,512
57779,1889408776,512
57780,1889442349,512
57781,1889474568,512
57782,1889506803,512
57783,1889539311,512
57784,1889571368,512
57785,1889603546,512
57786,1889635803,512
57787,1889667944,512
57788,1889700061,512
57789,1889732135,512
57790,1889764183,512
57791,1889796339,512
57792,1889828586,512
57793,1889860718,512
57794,1889892963,512
57795,1889925043,512
57796,1889957242,512
57797,1889989335,512
57798,1890022923,512
57799,1890057348,512
57800,1890089412,512
57801,1890121467,512
57802,1890153809,512
57803,1890186328,512
57804,1890218431,512
57805,1890250511,512
57806,1890282556,512
57807,1890314578,512
57808,1890346795,512
57809,1890379003,512
57810,1890411038,512
57811,1890443099,512
57812,1890475397,512
57813,1890507752,512
57814,1890539898,512
57815,1890572092,512
57816,1890604108,512
57817,1890637743,512
57818,1890671378,512
57819,1890703920,512
57820,1890736223,512
57821,1890768547,512
57822,1890800814,512
57823,1890832861,512
57824,1890865087,512
57825,1890897173,512
57826,1890929461,512
57827,1890961507,512
57828,1890993567,512
57829,1891025844,512
57830,1891058020,512
57831,1891090029,512
57832,1891122284,512
57833,1891154567,512
57834,1891186664,512
57835,1891218849,512
57836,1891252775,512
57837,1891286222,512
57838,1891318615,512
57839,1891352355,512
57840,1891386857,512
57841,1891418953,512
57842,1891451394,512
57843,1891483658,512
57844,1891515772,512
57845,1891548175,512
57846,1891580377,512
57847,1891612562,512
57848,1891644670,512
57849,1891676863,512
57850,1891709012,512
57851,1891741107,512
57852,1891773258,512
57853,1891805390,512
57854,1891837716,512
57855,1891870064,512
57856,1891902241,512
57857,1891934438,512
57858,1891967305,512
57859,1892001623,512
57860,1892033882,512
57861,1892066042,512
57862,1892098185,512
57863,1892130539,512
57864,1892162747,512
57865,1892195242,512
57866,1892227273,512
57867,1892259470,512
57868,1892291478,512
57869,1892323675,512
57870,1892356097,512
57871,1892388181,512
57872,1892420354,512
57873,1892452502,512
57874,1892484521,512
57875,1892516560,512
57876,1892548719,512
57877,1892582130,512
57878,1892615856,512
57879,1892648550,512
57880,1892680881,512
57881,1892713062,512
57882,1892745468,512
57883,1892777473,512
57884,1892809573,512
57885,1892841690,512
57886,1892873852,512
57887,1892905992,512
57888,1892938326,512
57889,1892970469,512
57890,1893002552,512
57891,1893034789,512
57892,1893066798,512
57893,1893098976,512
57894,1893131047,512
57895,1893163202,512
57896,1893196255,512
57897,1893228265,512
57898,1893260300,512
57899,1893292499,512
57900,1893324611,512
57901,1893356706,512
57902,1893388785,512
57903,1893420877,512
57904,1893453061,512
57905,1893485103,512
57906,1893517256,512
57907,1893549265,512
57908,1893581389,512
57909,1893613496,512
57910,1893645578,512
57911,1893677776,512
57912,1893710466,512
57913,1893742495,512
57914,1893774663,512
57915,1893806859,512
57916,1893839010,512
57917,1893871148,512
57918,1893903304,512
57919,1893935481,512
57920,1893970138,512
57921,1894002318,512
57922,1894034661,512
57923,1894066791,512
57924,1894098930,512
57925,1894131220,512
57926,1894163324,512
57927,1894195615,512
57928,1894228374,512
57929,1894260492,512
57930,1894292509,512
57931,1894325297,512
57932,1894360242,512
57933,1894392650,512
57934,1894426298,512
57935,1894460057,512
57936,1894492706,512
57937,1894524743,512
57938,1894556990,512
57939,1894589287,512
57940,1894621353,512
57941,1894653670,512
57942,1894685880,512
57943,1894718053,512
57944,1894750249,512
57945,1894782355,512
57946,1894814497,512
57947,1894846528,512
57948,1894878555,512
57949,1894910720,512
57950,1894943030,512
57951,1894975178,512
57952,1895007278,512
57953,1895041446,512
57954,1895075091,512
57955,1895107391,512
57956,1895139426,512
57957,1895171454,512
57958,1895203538,512
57959,1895235703,512
57960,1895267899,512
57961,1895300684,512
57962,1895333028,512
57963,1895365191,512
57964,1895397283,512
57965,1895429477,512
57966,1895461630,512
57967,1895493650,512
57968,1895525681,512
57969,1895558074,512
57970,1895590245,512
57971,1895622318,512
57972,1895656401,512
57973,1895689619,512
57974,1895721896,512
57975,1895754181,512
57976,1895786536,512
57977,1895818602,512
57978,1895851010,512
57979,1895883182,512
57980,1895915487,512
57981,1895947629,512
57982,1895979737,512
57983,1896011768,512
57984,1896043840,512
57985,1896076124,512
57986,1896108294,512
57987,1896140416,512
57988,1896172604,512
57989,1896204719,512
57990,1896236804,512
57991,1896270387,512
57992,1896304109,512
57993,1896336397,512
57994,1896370782,512
57995,1896404710,512
57996,1896437319,512
57997,1896469418,512
57998,1896501469,512
57999,1896533862,512
58000,1896566234,512
58001,1896598398,512
58002,1896630558,512
58003,1896662587,512
58004,1896694620,512
58005,1896726717,512
58006,1896758761,512
58007,1896791248,512
58008,1896823389,512
58009,1896855426,512
58010,1896887847,512
58011,1896919937,512
58012,1896951961,512
58013,1896985454,512
58014,1897020013,512
58015,1897052363,512
58016,1897084384,512
58017,1897116491,512
58018,1897148573,512
58019,1897180923,512
58020,1897213012,512
58021,1897245014,512
58022,1897277292,512
58023,1897309369,512
58024,1897341598,512
58025,1897373630,512
58026,1897405661,512
58027,1897437850,512
58028,1897470105,512
58029,1897502487,512
58030,1897534553,512
58031,1897566568,512
58032,1897599755,512
58033,1897633853,512
58034,1897666499,512
58035,1897698653,512
58036,1897730739,512
58037,1897762847,512
58038,1897794986,512
58039,1897827217,512
58040,1897859334,512
58041,1897891355,512
58042,1897923739,512
58043,1897955768,512
58044,1897987873,512
58045,1898019960,512
58046,1898052398,512
58047,1898084646,512
58048,1898116855,512
58049,1898148935,512
58050,1898181302,512
58051,1898215306,512
58052,1898248866,512
58053,1898281135,512
58054,1898313376,512
58055,1898345373,512
58056,1898377632,512
58057,1898409732,512
58058,1898441829,512
58059,1898473993,512
58060,1898506120,512
58061,1898538267,512
58062,1898570499,512
58063,1898602584,512
58064,1898634723,512
58065,1898666759,512
58066,1898698994,512
58067,1898731489,512
58068,1898763661,512
58069,1898795867,512
58070,1898830011,512
58071,1898863766,512
58072,1898895910,512
58073,1898928278,512
58074,1898960697,512
58075,1898992780,512
58076,1899024969,512
58077,1899057058,512
58078,1899089245,512
58079,1899121281,512
58080,1899153483,512
58081,1899185586,512
58082,1899217710,512
58083,1899249810,512
58084,1899282164,512
58085,1899314219,512
58086,1899346305,512
58087,1899378376,512
58088,1899410393,512
58089,1899444696,512
58090,1899478555,512
58091,1899510615,512
58092,1899544721,512
58093,1899578986,512
58094,1899611096,512
58095,1899643238,512
58096,1899675615,512
58097,1899707823,512
58098,1899740014,512
58099,1899772114,512
58100,1899804372,512
58101,1899836544,512
58102,1899868648,512
58103,1899900909,512
58104,1899933017,512
58105,1899965124,512
58106,1899997134,512
58107,1900029494,512
58108,1900062292,512
58109,1900094449,512
58110,1900126567,512
58111,1900159303,512
58112,1900193254,512
58113,1900225646,512
58114,1900257940,512
58115,1900290414,512
58116,1900322465,512
58117,1900354775,512
58118,1900386872,512
58119,1900419001,512
58120,1900451274,512
58121,1900483404,512
58122,1900515426,512
58123,1900547634,512
58124,1900579802,512
58125,1900611821,512
58126,1900644082,512
58127,1900676495,512
58128,1900708680,512
58129,1900740707,512
58130,1900773496,512
58131,1900805552,512
58132,1900837626,512
58133,1900869677,512
58134,1900901809,512
58135,1900933942,512
58136,1900966094,512
58137,1900998217,512
58138,1901030235,512
58139,1901062392,512
58140,1901094458,512
58141,1901126560,512
58142,1901158602,512
58143,1901190643,512
58144,1901222855,512
58145,1901254977,512
58146,1901287971,512
58147,1901322532,512
58148,1901354763,512
58149,1901388482,512
58150,1901422723,512
58151,1901455070,512
58152,1901487368,512
58153,1901519567,512
58154,1901551868,512
58155,1901584206,512
58156,1901616312,512
58157,1901648521,512
58158,1901680585,512
58159,1901712694,512
58160,1901744898,512
58161,1901777263,512
58162,1901809361,512
58163,1901841481,512
58164,1901873595,512
58165,1901905676,512
58166,1901937729,512
58167,1901969916,512
58168,1902003419,512
58169,1902037468,512
58170,1902070117,512
58171,1902102459,512
58172,1902134818,512
58173,1902166878,512
58174,1902198917,512
58175,1902230919,512
58176,1902262933,512
58177,1902295168,512
58178,1902327447,512
58179,1902359598,512
58180,1902391767,512
58181,1902423854,512
58182,1902455855,512
58183,1902488126,512
58184,1902520406,512
58185,1902552582,512
58186,1902584759,512
58187,1902618384,512
58188,1902652256,512
58189,1902684583,512
58190,1902716768,512
58191,1902748785,512
58192,1902780860,512
58193,1902813104,512
58194,1902845174,512
58195,1902877412,512
58196,1902909481,512
58197,1902941815,512
58198,1902974160,512
58199,1903006427,512
58200,1903038451,512
58201,1903070583,512
58202,1903102762,512
58203,1903135094,512
58204,1903167281,512
58205,1903199348,512
58206,1903233199,512
58207,1903267084,512
58208,1903299133,512
58209,1903331402,512
58210,1903363610,512
58211,1903395651,512
58212,1903427812,512
58213,1903459953,512
58214,1903492201,512
58215,1903524251,512
58216,1903556330,512
58217,1903588545,512
58218,1903620589,512
58219,1903652834,512
58220,1903684936,512
58221,1903717109,512
58222,1903749846,512
58223,1903782221,512
58224,1903814337,512
58225,1903847945,512
58226,1903881781,512
58227,1903914082,512
58228,1903946346,512
58229,1903978599,512
58230,1904010726,512
58231,1904042975,512
58232,1904075200,512
58233,1904107305,512
58234,1904139474,512
58235,1904171640,512
58236,1904203796,512
58237,1904236052,512
58238,1904268161,512
58239,1904300201,512
58240,1904332409,512
58241,1904365266,512
58242,1904397277,512
58243,1904429404,512
58244,1904462738,512
58245,1904496682,512
58246,1904528992,512
58247,1904562677,512
58248,1904596681,512
58249,1904628965,512
58250,1904661325,512
58251,1904693396,512
58252,1904725865,512
58253,1904758023,512
58254,1904790271,512
58255,1904822318,512
58256,1904854603,512
58257,1904886706,512
58258,1904918750,512
58259,1904950962,512
58260,1904982978,512
58261,1905015188,512
58262,1905047320,512
58263,1905079695,512
58264,1905111771,512
58265,1905143910,512
58266,1905177254,512
58267,1905211200,512
58268,1905243786,512
58269,1905276172,512
58270,1905308289,512
58271,1905340626,512
58272,1905372803,512
58273,1905404956,512
58274,1905437088,512
58275,1905469240,512
58276,1905501241,512
58277,1905533589,512
58278,1905565719,512
58279,1905598016,512
58280,1905630158,512
58281,1905662219,512
58282,1905694434,512
58283,1905726450,512
58284,1905758581,512
58285,1905792281,512
58286,1905826574,512
58287,1905858994,512
58288,1905891325,512
58289,1905923522,512
58290,1905955533,512
58291,1905987687,512
58292,1906019719,512
58293,1906051880,512
58294,1906083946,512
58295,1906116132,512
58296,1906148309,512
58297,1906180384,512
58298,1906212591,512
58299,1906244759,512
58300,1906276844,512
58301,1906309097,512
58302,1906341173,512
58303,1906373327,512
58304,1906407433,512
58305,1906441191,512
58306,1906473494,512
58307,1906505838,512
58308,1906537945,512
58309,1906570311,512
58310,1906602384,512
58311,1906634537,512
58312,1906666664,512
58313,1906698773,512
58314,1906730969,512
58315,1906763001,512
58316,1906795126,512
58317,1906827296,512
58318,1906859550,512
58319,1906891680,512
58320,1906923710,512
58321,1906955806,512
58322,1906987982,512
58323,1907022270,512
58324,1907055343,512
58325,1907087900,512
58326,1907120099,512
58327,1907152235,512
58328,1907184742,512
58329,1907216813,512
58330,1907249000,512
58331,1907281068,512
58332,1907313172,512
58333,1907345488,512
58334,1907377778,512
58335,1907409770,512
58336,1907441952,512
58337,1907474179,512
58338,1907506574,512
58339,1907538708,512
58340,1907570802,512
58341,1907602848,512
58342,1907636521,512
58343,1907670650,512
58344,1907703166,512
58345,1907736629,512
58346,1907770411,512
58347,1907802945,512
58348,1907835255,512
58349,1907867358,512
58350,1907899520,512
58351,1907931764,512
58352,1907963986,512
58353,1907996197,512
58354,1908028429,512
58355,1908060514,512
58356,1908092739,512
58357,1908124932,512
58358,1908156983,512
58359,1908189046,512
58360,1908221424,512
58361,1908254527,512
58362,1908288764,512
58363,1908321554,512
58364,1908354697,512
58365,1908386825,512
58366,1908418936,512
58367,1908451063,512
58368,1908483110,512
58369,1908515199,512
58370,1908547368,512
58371,1908579404,512
58372,1908611521,512
58373,1908643569,512
58374,1908675727,512
58375,1908707895,512
58376,1908739902,512
58377,1908772027,512
58378,1908804157,512
58379,1908836440,512
58380,1908868807,512
58381,1908900903,512
58382,1908933082,512
58383,1908966085,512
58384,1908999876,512
58385,1909032406,512
58386,1909064615,512
58387,1909096824,512
58388,1909128863,512
58389,1909161345,512
58390,1909193617,512
58391,1909225671,512
58392,1909257998,512
58393,1909290046,512
58394,1909322045,512
58395,1909354411,512
58396,1909386526,512
58397,1909418719,512
58398,1909450932,512
58399,1909482991,512
58400,1909515013,512
58401,1909547264,512
58402,1909580377,512
58403,1909614969,512
58404,1909647027,512
58405,1909679377,512
58406,1909711733,512
58407,1909743991,512
58408,1909776218,512
58409,1909808409,512
58410,1909840554,512
58411,1909872655,512
58412,1909904686,512
58413,1909936795,512
58414,1909969014,512
58415,1910001107,512
58416,1910033264,512
58417,1910065318,512
58418,1910097823,512
58419,1910129873,512
58420,1910161969,512
58421,1910195664,512
58422,1910229515,512
58423,1910261760,512
58424,1910293972,512
58425,1910326072,512
58426,1910358246,512
58427,1910390395,512
58428,1910422713,512
58429,1910455144,512
58430,1910487277,512
58431,1910519360,512
58432,1910551562,512
58433,1910583662,512
58434,1910615819,512
58435,1910648002,512
58436,1910680016,512
58437,1910712287,512
58438,1910744322,512
58439,1910776772,512
58440,1910810652,512
58441,1910844297,512
58442,1910876362,512
58443,1910908797,512
58444,1910941086,512
58445,1910973295,512
58446,1911005506,512
58447,1911037728,512
58448,1911069831,512
58449,1911101984,512
58450,1911134137,512
58451,1911166240,512
58452,1911198419,512
58453,1911230507,512
58454,1911262561,512
58455,1911294870,512
58456,1911327169,512
58457,1911359300,512
58458,1911391385,512
58459,1911425281,512
58460,1911459125,512
58461,1911491241,512
58462,1911523443,512
58463,1911555542,512
58464,1911587790,512
58465,1911620116,512
58466,1911652243,512
58467,1911684339,512
58468,1911716395,512
58469,1911748671,512
58470,1911780947,512
58471,1911813166,512
58472,1911845178,512
58474,1911909522,512
58475,1911941591,512
58476,1911973685,512
58477,1912005686,512
58478,1912039903,512
58479,1912073440,512
58480,1912105935,512
58481,1912139888,512
58482,1912174243,512
58483,1912206375,512
58484,1912238665,512
58485,1912270817,512
58486,1912303217,512
58487,1912335382,512
58488,1912367386,512
58489,1912399404,512
58490,1912431879,512
58491,1912464058,512
58492,1912496217,512
58493,1912528395,512
58494,1912560431,512
58495,1912592499,512
58496,1912624536,512
58497,1912657418,512
58498,1912689622,512
58499,1912721739,512
58500,1912754233,512
58501,1912789074,512
58502,1912821372,512
58503,1912853783,512
58504,1912885980,512
58505,1912918060,512
58506,1912950127,512
58507,1912982304,512
58508,1913014352,512
58509,1913046402,512
58510,1913078748,512
58511,1913110817,512
58512,1913142874,512
58513,1913175111,512
58514,1913207250,512
58515,1913239351,512
58516,1913271640,512
58517,1913303687,512
58518,1913335743,512
58519,1913369553,512
58520,1913403677,512
58521,1913435703,512
58522,1913468022,512
58523,1913500396,512
58524,1913532698,512
58525,1913564823,512
58526,1913596974,512
58527,1913629002,512
58528,1913661124,512
58529,1913693298,512
58530,1913725538,512
58531,1913757619,512
58532,1913789706,512
58533,1913821880,512
58534,1913854012,512
58535,1913886083,512
58536,1913918278,512
58537,1913950439,512
58538,1913984427,512
58539,1914018241,512
58540,1914050449,512
58541,1914082559,512
58542,1914114893,512
58543,1914146936,512
58544,1914179482,512
58545,1914211530,512
58546,1914243730,512
58547,1914275924,512
58548,1914307942,512
58549,1914340147,512
58550,1914372266,512
58551,1914404584,512
58552,1914436687,512
58553,1914468775,512
58554,1914500800,512
58555,1914532948,512
58556,1914565271,512
58557,1914598884,512
58558,1914633006,512
58559,1914665042,512
58560,1914697421,512
58561,1914729471,512
58562,1914761567,512
58563,1914793609,512
58564,1914825705,512
58565,1914857891,512
58566,1914890078,512
58567,1914922241,512
58568,1914954314,512
58569,1914986519,512
58570,1915018699,512
58571,1915050943,512
58572,1915083280,512
58573,1915115274,512
58574,1915147485,512
58575,1915179835,512
58576,1915212025,512
58577,1915244180,512
58578,1915276552,512
58579,1915308654,512
58580,1915340848,512
58581,1915373005,512
58582,1915405018,512
58583,1915437112,512
58584,1915469157,512
58586,1915533507,512
58587,1915565628,512
58588,1915597663,512
58589,1915629973,512
58590,1915662096,512
58591,1915694145,512
58592,1915726798,512
58593,1915758901,512
58594,1915790959,512
58595,1915823035,512
58596,1915855110,512
58597,1915887234,512
58598,1915919292,512
58599,1915951393,512
58600,1915983904,512
58601,1916016011,512
58602,1916048049,512
58603,1916080186,512
58604,1916112379,512
58605,1916144525,512
58606,1916176646,512
58607,1916208812,512
58608,1916241756,512
58609,1916275976,512
58610,1916308348,512
58611,1916341972,512
58612,1916376577,512
58613,1916408715,512
58614,1916443021,512
58615,1916476819,512
58616,1916509203,512
58617,1916542637,512
58618,1916574837,512
58619,1916606945,512
58620,1916639057,512
58621,1916671143,512
58622,1916703174,512
58623,1916735265,512
58624,1916767363,512
58625,1916799562,512
58626,1916831626,512
58627,1916863798,512
58628,1916895975,512
58629,1916928062,512
58630,1916960136,512
58631,1916992199,512
58632,1917024333,512
58633,1917057713,512
58634,1917091820,512
58635,1917124226,512
58636,1917157593,512
58637,1917191815,512
58638,1917224619,512
58639,1917257030,512
58640,1917289159,512
58641,1917321303,512
58642,1917353456,512
58643,1917385510,512
58644,1917417698,512
58645,1917449849,512
58646,1917481932,512
58647,1917514015,512
58648,1917546301,512
58649,1917578529,512
58650,1917610716,512
58651,1917642773,512
58652,1917674892,512
58653,1917707076,512
58654,1917739088,512
58655,1917772316,512
58656,1917806726,512
58657,1917839136,512
58658,1917871409,512
58659,1917903763,512
58660,1917936079,512
58661,1917968108,512
58662,1918000230,512
58663,1918032447,512
58664,1918064593,512
58665,1918096683,512
58666,1918128684,512
58667,1918160976,512
58668,1918193426,512
58669,1918225427,512
58670,1918257462,512
58671,1918289490,512
58672,1918321589,512
58673,1918353693,512
58674,1918387454,512
58675,1918421322,512
58676,1918453793,512
58677,1918486274,512
58678,1918518366,512
58679,1918550591,512
58680,1918582647,512
58681,1918614778,512
58682,1918647119,512
58683,1918679162,512
58684,1918711397,512
58685,1918743403,512
58686,1918775600,512
58687,1918807960,512
58688,1918840156,512
58689,1918872503,512
58690,1918904605,512
58691,1918936689,512
58692,1918968988,512
58693,1919002142,512
58694,1919036345,512
58695,1919068577,512
58696,1919100747,512
58697,1919132815,512
58698,1919165055,512
58699,1919197365,512
58700,1919229478,512
58701,1919261661,512
58702,1919293865,512
58703,1919326015,512
58704,1919358156,512
58705,1919390471,512
58706,1919422617,512
58707,1919454638,512
58708,1919486818,512
58709,1919518979,512
58710,1919551044,512
58711,1919583066,512
58712,1919617284,512
58713,1919650768,512
58714,1919683299,512
58715,1919715853,512
58716,1919747938,512
58717,1919780073,512
58718,1919812263,512
58719,1919844429,512
58720,1919876579,512
58721,1919908600,512
58722,1919940632,512
58723,1919972883,512
58724,1920005100,512
58725,1920037219,512
58726,1920069231,512
58727,1920101503,512
58728,1920133772,512
58729,1920165797,512
58730,1920197899,512
58731,1920231934,512
58732,1920265369,512
58733,1920297787,512
58734,1920330266,512
58735,1920362350,512
58736,1920394796,512
58737,1920426986,512
58738,1920459185,512
58739,1920491455,512
58740,1920523556,512
58741,1920555656,512
58742,1920587772,512
58743,1920619894,512
58744,1920651913,512
58745,1920684012,512
58746,1920716433,512
58747,1920748682,512
58748,1920780917,512
58749,1920813105,512
58750,1920846319,512
58751,1920880069,512
58752,1920912542,512
58753,1920946656,512
58754,1920980796,512
58755,1921013063,512
58756,1921045234,512
58757,1921077459,512
58758,1921109770,512
58759,1921142007,512
58760,1921174022,512
58761,1921206372,512
58762,1921238407,512
58763,1921270497,512
58764,1921302785,512
58765,1921334815,512
58766,1921367072,512
58767,1921399218,512
58768,1921431355,512
58769,1921463807,512
58770,1921495862,512
58771,1921528025,512
58772,1921560654,512
58773,1921592841,512
58774,1921624912,512
58775,1921657025,512
58776,1921689171,512
58777,1921721326,512
58778,1921753355,512
58779,1921785411,512
58780,1921817490,512
58781,1921849626,512
58782,1921881700,512
58783,1921913729,512
58784,1921945850,512
58785,1921977971,512
58786,1922009996,512
58787,1922042010,512
58788,1922075409,512
58789,1922109828,512
58790,1922142057,512
58791,1922176060,512
58792,1922209790,512
58793,1922242312,512
58794,1922274812,512
58795,1922306884,512
58796,1922339274,512
58797,1922371445,512
58798,1922403485,512
58799,1922435661,512
58800,1922467872,512
58801,1922499982,512
58802,1922532174,512
58803,1922564279,512
58804,1922596426,512
58805,1922628610,512
58806,1922660644,512
58807,1922692759,512
58808,1922725084,512
58809,1922757177,512
58810,1922790833,512
58811,1922824940,512
58812,1922857063,512
58813,1922889259,512
58814,1922921384,512
58815,1922953603,512
58816,1922985708,512
58817,1923017836,512
58818,1923049855,512
58819,1923081979,512
58820,1923114133,512
58821,1923146330,512
58822,1923178463,512
58823,1923210584,512
58824,1923242620,512
58825,1923276339,512
58826,1923311069,512
58827,1923343360,512
58828,1923375366,512
58829,1923409241,512
58830,1923444154,512
58831,1923476285,512
58832,1923508666,512
58833,1923540862,512
58834,1923572880,512
58835,1923605004,512
58836,1923637126,512
58837,1923669334,512
58838,1923701364,512
58839,1923733410,512
58840,1923765517,512
58841,1923797628,512
58842,1923829949,512
58843,1923861997,512
58844,1923894017,512
58845,1923926226,512
58846,1923958252,512
58847,1923990469,512
58848,1924023835,512
58849,1924058657,512
58850,1924091069,512
58851,1924124061,512
58852,1924158545,512
58853,1924190836,512
58854,1924225577,512
58855,1924258856,512
58856,1924292015,512
58857,1924324179,512
58858,1924356319,512
58859,1924388446,512
58860,1924420625,512
58861,1924452727,512
58862,1924484886,512
58863,1924516926,512
58864,1924549006,512
58865,1924581309,512
58866,1924613679,512
58867,1924645857,512
58868,1924678006,512
58869,1924710217,512
58870,1924742376,512
58871,1924774493,512
58872,1924806664,512
58873,1924840054,512
58874,1924874014,512
58875,1924906112,512
58876,1924939697,512
58877,1924974346,512
58878,1925006561,512
58879,1925038746,512
58880,1925070781,512
58881,1925102862,512
58882,1925134976,512
58883,1925167397,512
58884,1925199810,512
58885,1925232082,512
58886,1925264177,512
58887,1925296537,512
58888,1925328726,512
58889,1925360891,512
58890,1925393014,512
58891,1925425096,512
58892,1925457102,512
58893,1925489291,512
58894,1925521494,512
58895,1925554791,512
58896,1925588793,512
58897,1925621162,512
58898,1925653502,512
58899,1925685683,512
58900,1925717829,512
58901,1925750339,512
58902,1925782671,512
58903,1925814775,512
58904,1925846907,512
58905,1925879000,512
58906,1925911179,512
58907,1925943190,512
58908,1925975335,512
58909,1926007525,512
58910,1926039660,512
58911,1926071950,512
58912,1926104035,512
58913,1926136119,512
58914,1926168668,512
58915,1926200739,512
58916,1926232877,512
58917,1926265177,512
58918,1926297303,512
58919,1926329474,512
58920,1926361490,512
58921,1926393545,512
58922,1926425626,512
58923,1926457705,512
58924,1926489769,512
58925,1926521887,512
58926,1926554027,512
58927,1926586166,512
58928,1926618266,512
58929,1926650315,512
58930,1926683241,512
58931,1926715281,512
58932,1926747354,512
58933,1926779464,512
58934,1926811501,512
58935,1926843501,512
58936,1926875541,512
58937,1926907736,512
58938,1926939901,512
58939,1926971977,512
58940,1927004185,512
58941,1927036219,512
58942,1927068323,512
58943,1927100457,512
58944,1927132514,512
58945,1927164602,512
58946,1927196995,512
58947,1927229193,512
58948,1927261351,512
58949,1927293383,512
58950,1927325502,512
58951,1927357585,512
58952,1927389635,512
58953,1927421761,512
58954,1927453833,512
58955,1927485953,512
58956,1927518086,512
58957,1927550295,512
58958,1927582425,512
58959,1927614533,512
58960,1927646586,512
58961,1927678592,512
58962,1927710875,512
58963,1927742986,512
58964,1927775079,512
58965,1927809295,512
58966,1927842919,512
58967,1927874992,512
58968,1927907323,512
58969,1927939411,512
58970,1927971524,512
58971,1928003562,512
58972,1928035718,512
58973,1928067989,512
58974,1928100161,512
58975,1928132507,512
58976,1928164800,512
58977,1928196924,512
58978,1928229034,512
58979,1928261441,512
58980,1928293492,512
58981,1928326014,512
58982,1928358221,512
58983,1928390226,512
58984,1928423865,512
58985,1928457694,512
58986,1928489871,512
58987,1928521883,512
58988,1928554116,512
58989,1928586218,512
58990,1928618305,512
58991,1928650356,512
58992,1928682429,512
58993,1928714797,512
58994,1928746957,512
58995,1928778974,512
58996,1928811252,512
58997,1928843580,512
58998,1928876070,512
58999,1928908179,512
59000,1928940591,512
59001,1928972639,512
59002,1929004832,512
59003,1929037313,512
59004,1929069482,512
59005,1929101604,512
59006,1929133645,512
59007,1929165771,512
59008,1929197785,512
59009,1929229828,512
59010,1929261937,512
59011,1929293937,512
59012,1929326335,512
59013,1929358516,512
59014,1929390541,512
59015,1929422577,512
59016,1929454845,512
59017,1929486921,512
59018,1929519030,512
59019,1929552006,512
59020,1929586266,512
59021,1929618863,512
59022,1929652719,512
59023,1929687120,512
59024,1929719220,512
59025,1929753149,512
59026,1929787367,512
59027,1929819539,512
59028,1929852005,512
59029,1929884345,512
59030,1929916469,512
59031,1929948823,512
59032,1929980887,512
59033,1930012998,512
59034,1930045107,512
59035,1930077169,512
59036,1930109550,512
59037,1930141706,512
59038,1930173836,512
59039,1930205965,512
59040,1930237983,512
59041,1930270223,512
59042,1930302382,512
59043,1930334565,512
59044,1930368084,512
59045,1930401855,512
59046,1930434273,512
59047,1930466636,512
59048,1930498715,512
59049,1930530823,512
59050,1930562865,512
59051,1930595060,512
59052,1930627219,512
59053,1930659683,512
59054,1930691907,512
59055,1930724054,512
59056,1930756402,512
59057,1930788572,512
59058,1930820596,512
59059,1930852783,512
59060,1930885153,512
59061,1930917160,512
59062,1930949319,512
59063,1930983626,512
59064,1931016662,512
59065,1931049055,512
59066,1931081259,512
59067,1931113353,512
59068,1931145402,512
59069,1931177644,512
59070,1931209975,512
59071,1931242279,512
59072,1931274526,512
59073,1931306641,512
59074,1931338783,512
59075,1931370823,512
59076,1931403155,512
59077,1931435285,512
59078,1931467740,512
59079,1931499729,512
59080,1931531933,512
59081,1931564079,512
59082,1931598224,512
59083,1931631485,512
59084,1931663711,512
59085,1931695932,512
59086,1931728237,512
59087,1931760285,512
59088,1931792698,512
59089,1931825077,512
59090,1931857225,512
59091,1931889392,512
59092,1931921494,512
59093,1931953595,512
59094,1931985713,512
59095,1932017870,512
59096,1932049967,512
59097,1932082040,512
59098,1932114327,512
59099,1932146425,512
59100,1932178510,512
59101,1932212243,512
59102,1932246139,512
59103,1932278443,512
59104,1932310511,512
59105,1932342703,512
59106,1932374933,512
59107,1932406982,512
59108,1932439092,512
59109,1932471373,512
59110,1932503420,512
59111,1932536021,512
59112,1932568066,512
59113,1932600292,512
59114,1932632320,512
59115,1932664431,512
59116,1932696753,512
59117,1932729414,512
59118,1932761463,512
59119,1932793663,512
59120,1932827059,512
59121,1932861023,512
59122,1932893187,512
59123,1932927233,512
59124,1932961097,512
59125,1932993798,512
59126,1933025842,512
59127,1933058119,512
59128,1933090328,512
59129,1933122671,512
59130,1933154847,512
59131,1933186952,512
59132,1933219166,512
59133,1933251326,512
59134,1933283403,512
59135,1933315466,512
59136,1933347698,512
59137,1933379863,512
59138,1933412060,512
59139,1933444795,512
59140,1933476844,512
59141,1933508937,512
59142,1933541117,512
59143,1933573282,512
59144,1933605328,512
59145,1933637521,512
59146,1933669614,512
59147,1933701781,512
59148,1933733937,512
59149,1933766003,512
59150,1933798161,512
59151,1933830355,512
59152,1933862530,512
59153,1933894628,512
59154,1933926774,512
59155,1933958827,512
59156,1933991000,512
59157,1934023180,512
59158,1934056332,512
59159,1934090394,512
59160,1934122602,512
59161,1934155581,512
59162,1934187736,512
59163,1934219831,512
59164,1934252025,512
59165,1934284220,512
59166,1934316283,512
59167,1934348339,512
59168,1934380529,512
59169,1934412615,512
59170,1934444749,512
59171,1934476855,512
59172,1934509004,512
59173,1934541028,512
59174,1934573127,512
59175,1934605151,512
59176,1934637284,512
59177,1934670127,512
59178,1934702168,512
59179,1934734287,512
59180,1934766464,512
59181,1934798523,512
59182,1934830523,512
59183,1934862631,512
59184,1934894753,512
59185,1934926850,512
59186,1934959012,512
59187,1934991080,512
59188,1935023172,512
59189,1935055303,512
59190,1935087386,512
59191,1935119538,512
59192,1935151569,512
59193,1935184290,512
59194,1935216335,512
59195,1935248355,512
59196,1935280508,512
59197,1935312700,512
59198,1935344803,512
59199,1935376968,512
59200,1935409042,512
59201,1935441081,512
59202,1935473258,512
59203,1935505413,512
59204,1935537544,512
59205,1935569645,512
59206,1935601655,512
59207,1935633679,512
59208,1935665764,512
59209,1935698268,512
59210,1935730322,512
59211,1935762432,512
59212,1935796452,512
59213,1935830088,512
59214,1935862465,512
59215,1935895030,512
59216,1935927119,512
59217,1935959169,512
59218,1935991288,512
59219,1936023433,512
59220,1936055455,512
59221,1936087623,512
59222,1936119822,512
59223,1936152262,512
59224,1936184303,512
59225,1936216383,512
59226,1936248504,512
59227,1936280521,512
59228,1936312566,512
59229,1936344646,512
59230,1936376863,512
59231,1936411013,512
59232,1936444440,512
59233,1936476828,512
59234,1936509027,512
59235,1936541060,512
59236,1936573356,512
59237,1936605397,512
59238,1936637462,512
59239,1936670106,512
59240,1936702380,512
59241,1936734483,512
59242,1936766491,512
59243,1936798561,512
59244,1936830822,512
59245,1936863169,512
59246,1936895310,512
59247,1936927515,512
59248,1936959693,512
59249,1936991821,512
59250,1937025423,512
59251,1937059431,512
59252,1937091495,512
59253,1937125112,512
59254,1937159832,512
59255,1937191912,512
59256,1937224389,512
59257,1937256487,512
59258,1937288877,512
59259,1937321300,512
59260,1937353477,512
59261,1937385561,512
59262,1937417707,512
59263,1937449894,512
59264,1937482042,512
59265,1937514195,512
59266,1937546239,512
59267,1937578252,512
59268,1937610256,512
59269,1937643375,512
59270,1937675384,512
59271,1937707387,512
59272,1937739886,512
59273,1937774446,512
59274,1937806892,512
59275,1937838988,512
59276,1937871059,512
59277,1937903196,512
59278,1937935559,512
59279,1937967911,512
59280,1937999994,512
59281,1938032121,512
59282,1938064278,512
59283,1938096461,512
59284,1938128626,512
59285,1938160734,512
59286,1938192739,512
59287,1938224867,512
59288,1938257278,512
59289,1938289462,512
59290,1938321587,512
59291,1938354788,512
59292,1938388941,512
59293,1938421482,512
59294,1938453698,512
59295,1938486068,512
59296,1938518355,512
59297,1938550578,512
59298,1938582701,512
59299,1938614760,512
59300,1938646826,512
59301,1938678956,512
59302,1938711231,512
59303,1938743285,512
59304,1938775490,512
59305,1938807680,512
59306,1938839836,512
59307,1938872047,512
59308,1938904240,512
59309,1938936256,512
59310,1938969896,512
59311,1939004055,512
59312,1939036224,512
59313,1939068432,512
59314,1939100591,512
59315,1939132651,512
59316,1939164701,512
59317,1939196836,512
59318,1939229137,512
59319,1939261442,512
59320,1939293564,512
59321,1939325777,512
59322,1939358078,512
59323,1939390449,512
59324,1939422626,512
59325,1939454739,512
59326,1939487014,512
59327,1939519171,512
59328,1939551173,512
59329,1939585917,512
59330,1939618633,512
59331,1939650936,512
59332,1939683078,512
59333,1939715252,512
59334,1939747708,512
59335,1939779869,512
59336,1939811941,512
59337,1939844119,512
59338,1939876318,512
59339,1939908397,512
59340,1939940567,512
59341,1939973237,512
59342,1940005319,512
59343,1940037408,512
59344,1940069457,512
59345,1940101463,512
59346,1940133509,512
59347,1940165611,512
59348,1940199898,512
59349,1940233862,512
59350,1940265989,512
59351,1940298196,512
59352,1940330423,512
59353,1940362551,512
59354,1940394557,512
59355,1940426683,512
59356,1940458774,512
59357,1940491049,512
59358,1940523166,512
59359,1940555305,512
59360,1940587368,512
59361,1940619471,512
59362,1940651633,512
59363,1940683806,512
59364,1940716410,512
59365,1940748466,512
59366,1940780664,512
59367,1940814238,512
59368,1940848062,512
59369,1940880179,512
59370,1940914298,512
59371,1940948268,512
59372,1940980591,512
59373,1941013316,512
59374,1941045469,512
59375,1941077610,512
59376,1941109662,512
59377,1941141824,512
59378,1941174027,512
59379,1941206091,512
59380,1941238197,512
59381,1941270432,512
59382,1941302663,512
59383,1941335010,512
59384,1941367097,512
59385,1941399217,512
59386,1941431258,512
59387,1941463310,512
59388,1941495522,512
59389,1941527695,512
59390,1941559708,512
59391,1941591798,512
59392,1941623960,512
59393,1941656072,512
59394,1941688242,512
59395,1941720404,512
59396,1941752589,512
59397,1941784866,512
59398,1941817035,512
59399,1941849186,512
59400,1941881372,512
59401,1941913416,512
59402,1941945931,512
59403,1941978104,512
59404,1942010221,512
59405,1942043295,512
59406,1942077526,512
59407,1942109603,512
59408,1942143449,512
59409,1942177816,512
59410,1942210019,512
59411,1942242361,512
59412,1942274516,512
59413,1942307069,512
59414,1942339278,512
59415,1942371358,512
59416,1942403448,512
59417,1942435451,512
59418,1942467700,512
59419,1942499716,512
59420,1942531976,512
59421,1942564126,512
59422,1942596254,512
59423,1942628259,512
59424,1942661408,512
59425,1942693530,512
59426,1942725664,512
59427,1942757944,512
59428,1942792630,512
59429,1942824863,512
59430,1942857067,512
59431,1942889091,512
59432,1942921180,512
59433,1942953356,512
59434,1942985499,512
59435,1943017526,512
59436,1943049847,512
59437,1943082178,512
59438,1943114502,512
59439,1943146607,512
59440,1943178711,512
59441,1943210880,512
59442,1943242975,512
59443,1943275366,512
59444,1943307463,512
59445,1943339559,512
59446,1943373186,512
59447,1943407304,512
59448,1943439517,512
59449,1943471771,512
59450,1943504191,512
59451,1943536275,512
59452,1943568568,512
59453,1943600595,512
59454,1943632886,512
59455,1943665045,512
59456,1943697134,512
59457,1943729275,512
59458,1943761280,512
59459,1943793632,512
59460,1943825794,512
59461,1943857994,512
59462,1943890241,512
59463,1943922391,512
59464,1943954393,512
59465,1943988221,512
59466,1944021947,512
59467,1944054125,512
59468,1944086443,512
59469,1944118817,512
59470,1944150934,512
59471,1944182988,512
59472,1944215471,512
59473,1944247630,512
59474,1944279641,512
59475,1944311816,512
59476,1944343838,512
59477,1944375984,512
59478,1944408019,512
59479,1944440031,512
59480,1944472383,512
59481,1944504756,512
59482,1944536917,512
59483,1944569127,512
59484,1944603038,512
59485,1944636812,512
59486,1944669337,512
59487,1944701512,512
59488,1944733651,512
59489,1944765945,512
59490,1944798112,512
59491,1944830204,512
59492,1944862394,512
59493,1944894451,512
59494,1944926556,512
59495,1944958751,512
59496,1944990751,512
59497,1945022932,512
59498,1945055006,512
59499,1945087071,512
59500,1945119166,512
59501,1945151175,512
59502,1945183607,512
59503,1945217567,512
59504,1945251156,512
59505,1945283624,512
59506,1945317609,512
59507,1945351833,512
59508,1945383932,512
59509,1945416221,512
59510,1945448305,512
59511,1945480425,512
59512,1945512528,512
59513,1945544615,512
59514,1945576811,512
59515,1945609169,512
59516,1945641534,512
59517,1945673779,512
59518,1945705796,512
59519,1945738083,512
59520,1945770196,512
59521,1945802432,512
59522,1945834643,512
59523,1945866762,512
59524,1945898765,512
59525,1945931721,512
59526,1945963793,512
59527,1945995888,512
59528,1946027982,512
59529,1946059992,512
59530,1946092021,512
59531,1946124158,512
59532,1946156319,512
59533,1946188404,512
59534,1946220420,512
59535,1946252569,512
59536,1946284635,512
59537,1946316755,512
59538,1946349300,512
59539,1946381477,512
59540,1946413521,512
59541,1946446258,512
59542,1946480752,512
59543,1946512995,512
59544,1946546975,512
59545,1946581337,512
59546,1946613584,512
59547,1946645999,512
59548,1946678169,512
59549,1946710324,512
59550,1946742353,512
59551,1946774636,512
59552,1946807099,512
59553,1946839144,512
59554,1946871197,512
59555,1946903314,512
59556,1946935323,512
59557,1946967593,512
59558,1946999674,512
59559,1947031825,512
59560,1947063930,512
59561,1947095993,512
59562,1947128187,512
59563,1947161625,512
59564,1947195983,512
59565,1947228143,512
59566,1947260259,512
59567,1947292346,512
59568,1947324445,512
59569,1947356669,512
59570,1947388830,512
59571,1947421290,512
59572,1947453473,512
59573,1947485609,512
59574,1947517716,512
59575,1947550066,512
59576,1947582102,512
59577,1947614303,512
59578,1947646409,512
59579,1947678807,512
59580,1947710991,512
59581,1947743151,512
59582,1947777037,512
59583,1947810471,512
59584,1947842647,512
59585,1947874940,512
59586,1947907195,512
59587,1947939546,512
59588,1947971924,512
59589,1948003927,512
59590,1948036021,512
59591,1948068284,512
59592,1948100478,512
59593,1948132858,512
59594,1948165034,512
59595,1948197113,512
59596,1948229286,512
59597,1948261409,512
59598,1948293433,512
59599,1948325489,512
59600,1948357668,512
59601,1948391611,512
59602,1948425762,512
59603,1948457928,512
59604,1948490340,512
59605,1948522477,512
59606,1948554679,512
59607,1948586807,512
59608,1948618983,512
59609,1948651104,512
59610,1948683279,512
59611,1948715602,512
59612,1948747647,512
59613,1948779792,512
59614,1948811824,512
59615,1948843887,512
59616,1948875931,512
59617,1948908143,512
59618,1948940161,512
59619,1948972352,512
59620,1949006253,512
59621,1949039998,512
59622,1949072468,512
59623,1949106138,512
59624,1949140550,512
59625,1949172682,512
59626,1949204992,512
59627,1949236992,512
59628,1949269036,512
59629,1949301174,512
59630,1949333272,512
59631,1949365438,512
59632,1949397693,512
59633,1949430112,512
59634,1949462341,512
59635,1949494576,512
59636,1949526637,512
59637,1949558760,512
59638,1949590922,512
59639,1949623809,512
59640,1949655816,512
59641,1949687937,512
59642,1949720901,512
59643,1949755162,512
59644,1949787314,512
59645,1949819672,512
59646,1949851897,512
59647,1949884253,512
59648,1949916415,512
59649,1949948567,512
59650,1949980578,512
59651,1950012598,512
59652,1950044908,512
59653,1950077064,512
59654,1950109098,512
59655,1950141328,512
59656,1950173493,512
59657,1950205646,512
59658,1950238360,512
59659,1950270461,512
59660,1950302572,512
59661,1950335747,512
59662,1950369928,512
59663,1950402193,512
59664,1950434318,512
59665,1950466348,512
59666,1950498430,512
59667,1950530498,512
59668,1950562654,512
59669,1950594824,512
59670,1950627194,512
59671,1950659576,512
59672,1950691655,512
59673,1950723974,512
59674,1950756161,512
59675,1950788476,512
59676,1950820626,512
59677,1950852800,512
59678,1950884988,512
59679,1950917137,512
59680,1950950369,512
59681,1950984673,512
59682,1951016765,512
59683,1951048927,512
59684,1951081288,512
59685,1951113676,512
59686,1951145681,512
59687,1951177805,512
59688,1951210036,512
59689,1951242372,512
59690,1951274439,512
59691,1951306453,512
59692,1951338553,512
59693,1951370759,512
59694,1951402984,512
59695,1951435203,512
59696,1951467367,512
59697,1951499475,512
59698,1951531527,512
59699,1951565228,512
59700,1951599359,512
59701,1951631878,512
59702,1951664134,512
59703,1951696191,512
59704,1951728370,512
59705,1951760494,512
59706,1951792790,512
59707,1951824836,512
59708,1951857059,512
59709,1951889274,512
59710,1951921437,512
59711,1951953487,512
59712,1951985553,512
59713,1952017701,512
59714,1952049764,512
59715,1952081809,512
59716,1952113950,512
59717,1952146135,512
59718,1952180410,512
59719,1952214068,512
59720,1952246174,512
59721,1952278381,512
59722,1952310413,512
59723,1952342470,512
59724,1952374728,512
59725,1952406855,512
59726,1952439124,512
59727,1952471524,512
59728,1952503794,512
59729,1952535947,512
59730,1952567980,512
59731,1952600156,512
59732,1952632358,512
59733,1952664385,512
59734,1952696526,512
59736,1952760915,512
59737,1952795006,512
59738,1952828564,512
59739,1952860747,512
59740,1952892965,512
59741,1952925218,512
59742,1952957659,512
59743,1952989817,512
59745,1953054249,512
59746,1953086389,512
59747,1953118426,512
59748,1953150615,512
59749,1953182824,512
59750,1953214917,512
59751,1953246975,512
59752,1953279073,512
59753,1953311141,512
59754,1953343353,512
59755,1953375666,512
59756,1953409359,512
59757,1953443490,512
59759,1953509401,512
59760,1953543552,512
59761,1953575697,512
59762,1953608217,512
59763,1953640307,512
59764,1953672356,512
59765,1953704443,512
59766,1953736747,512
59767,1953768915,512
59768,1953801297,512
59769,1953833488,512
59770,1953865647,512
59771,1953897913,512
59772,1953929950,512
59773,1953961941,512
59774,1953994250,512
59775,1954026998,512
59776,1954058999,512
59777,1954091006,512
59778,1954124282,512
59779,1954158173,512
59780,1954190545,512
59781,1954222969,512
59782,1954255242,512
59783,1954287408,512
59784,1954319650,512
59785,1954351897,512
59786,1954384182,512
59787,1954416287,512
59788,1954448433,512
59789,1954480471,512
59790,1954512577,512
59791,1954544671,512
59792,1954576858,512
59793,1954609051,512
59794,1954641330,512
59795,1954673464,512
59796,1954705562,512
59797,1954739000,512
59798,1954773262,512
59799,1954805393,512
59800,1954837418,512
59801,1954869581,512
59802,1954901821,512
59803,1954933899,512
59804,1954966297,512
59805,1954998601,512
59806,1955030714,512
59807,1955062757,512
59808,1955094995,512
59809,1955127255,512
59810,1955159544,512
59811,1955191625,512
59812,1955223700,512
59813,1955256224,512
59814,1955288417,512
59815,1955320523,512
59816,1955353801,512
59817,1955387779,512
59818,1955419797,512
59819,1955452294,512
59820,1955484307,512
59821,1955516367,512
59822,1955548471,512
59823,1955580687,512
59824,1955612963,512
59825,1955645025,512
59826,1955677190,512
59827,1955709333,512
59828,1955741473,512
59829,1955773623,512
59830,1955805673,512
59831,1955838165,512
59832,1955870162,512
59833,1955902324,512
59834,1955934766,512
59835,1955968676,512
59836,1956002265,512
59837,1956034721,512
59838,1956066861,512
59839,1956099115,512
59840,1956131129,512
59841,1956163291,512
59842,1956195444,512
59843,1956227561,512
59844,1956259787,512
59845,1956291816,512
59846,1956323970,512
59847,1956356236,512
59848,1956388382,512
59849,1956420487,512
59850,1956452558,512
59851,1956484849,512
59852,1956517200,512
59853,1956549521,512
59854,1956583693,512
59855,1956617183,512
59856,1956649732,512
59857,1956682075,512
59858,1956714103,512
59859,1956746311,512
59860,1956778548,512
59861,1956810663,512
59862,1956842817,512
59863,1956874905,512
59864,1956906907,512
59865,1956939035,512
59866,1956971251,512
59867,1957003324,512
59868,1957035383,512
59869,1957067666,512
59870,1957100295,512
59871,1957132364,512
59872,1957164562,512
59873,1957197881,512
59874,1957231918,512
59875,1957264055,512
59876,1957296188,512
59877,1957328535,512
59878,1957360611,512
59879,1957392759,512
59880,1957424903,512
59881,1957457304,512
59882,1957489531,512
59883,1957521665,512
59884,1957553717,512
59885,1957585925,512
59886,1957618311,512
59887,1957650388,512
59888,1957682467,512
59889,1957714702,512
59890,1957746802,512
59891,1957778954,512
59892,1957812607,512
59893,1957846679,512
59894,1957878823,512
59895,1957912885,512
59896,1957947162,512
59897,1957979219,512
59898,1958011455,512
59899,1958043661,512
59900,1958075757,512
59901,1958108105,512
59902,1958140408,512
59903,1958172541,512
59904,1958204772,512
59905,1958236772,512
59906,1958268832,512
59907,1958301060,512
59908,1958333185,512
59909,1958365355,512
59910,1958397588,512
59911,1958429801,512
59912,1958461959,512
59913,1958494077,512
59914,1958527153,512
59915,1958561990,512
59916,1958594374,512
59917,1958626582,512
59918,1958658660,512
59919,1958690716,512
59920,1958723059,512
59921,1958755196,512
59922,1958787414,512
59923,1958819434,512
59924,1958851482,512
59925,1958883659,512
59926,1958915830,512
59927,1958948071,512
59928,1958980221,512
59929,1959012366,512
59930,1959044712,512
59931,1959076880,512
59932,1959109070,512
59933,1959142447,512
59934,1959176510,512
59935,1959208598,512
59936,1959240932,512
59937,1959273278,512
59938,1959305530,512
59939,1959337650,512
59940,1959369991,512
59941,1959402026,512
59942,1959434078,512
59943,1959466170,512
59944,1959498364,512
59945,1959530554,512
59946,1959562662,512
59947,1959594700,512
59948,1959626877,512
59949,1959659105,512
59950,1959691374,512
59951,1959723510,512
59952,1959757483,512
59953,1959791492,512
59954,1959823903,512
59955,1959856022,512
59956,1959888222,512
59957,1959920311,512
59958,1959952401,512
59959,1959984763,512
59960,1960016895,512
59961,1960049175,512
59962,1960081194,512
59963,1960113310,512
59964,1960145404,512
59965,1960177415,512
59966,1960209545,512
59967,1960241793,512
59968,1960273964,512
59969,1960306043,512
59970,1960338119,512
59971,1960372349,512
59972,1960406035,512
59973,1960438100,512
59974,1960470275,512
59975,1960502670,512
59976,1960534977,512
59977,1960566996,512
59978,1960599256,512
59979,1960631474,512
59980,1960663587,512
59981,1960695626,512
59982,1960727697,512
59983,1960759904,512
59984,1960792001,512
59985,1960824262,512
59986,1960856568,512
59987,1960888640,512
59988,1960920726,512
59989,1960952933,512
59990,1960986956,512
59991,1961020624,512
59992,1961052812,512
59993,1961084880,512
59994,1961117010,512
59995,1961149203,512
59996,1961181498,512
59997,1961213663,512
59998,1961245691,512
59999,1961278023,512
60000,1961310389,512
60001,1961342536,512
60002,1961374728,512
60003,1961406946,512
60004,1961438963,512
60005,1961471105,512
60006,1961503375,512
60007,1961535507,512
60008,1961567706,512
60009,1961601360,512
60010,1961635242,512
60011,1961667368,512
60012,1961701593,512
60013,1961735782,512
60014,1961767990,512
60015,1961800168,512
60016,1961832601,512
60017,1961864854,512
60018,1961897015,512
60019,1961929126,512
60020,1961961292,512
60021,1961993426,512
60022,1962025614,512
60023,1962057670,512
60024,1962089880,512
60025,1962122083,512
60026,1962154092,512
60027,1962186230,512
60028,1962219166,512
60029,1962251195,512
60030,1962283260,512
60031,1962315869,512
60032,1962350478,512
60033,1962382584,512
60034,1962414794,512
60035,1962446871,512
60036,1962479461,512
60037,1962511622,512
60038,1962543834,512
60039,1962576009,512
60040,1962608172,512
60041,1962640234,512
60042,1962672364,512
60043,1962704594,512
60044,1962736734,512
60045,1962768865,512
60046,1962801044,512
60047,1962833766,512
60048,1962865847,512
60049,1962897887,512
60050,1962930238,512
60051,1962962355,512
60052,1962994495,512
60053,1963026582,512
60054,1963058624,512
60055,1963090805,512
60056,1963122871,512
60057,1963155039,512
60058,1963187191,512
60059,1963219193,512
60060,1963251204,512
60061,1963283250,512
60062,1963315404,512
60063,1963347865,512
60064,1963379893,512
60065,1963411993,512
60066,1963445762,512
60067,1963479395,512
60068,1963511507,512
60069,1963546325,512
60070,1963579940,512
60071,1963611976,512
60072,1963644331,512
60073,1963676408,512
60074,1963708896,512
60075,1963740972,512
60076,1963773177,512
60077,1963805351,512
60078,1963837485,512
60079,1963869724,512
60080,1963901840,512
60081,1963933994,512
60082,1963966107,512
60083,1963998280,512
60084,1964030386,512
60085,1964062671,512
60086,1964094696,512
60087,1964126800,512
60088,1964160888,512
60089,1964194058,512
60090,1964226571,512
60091,1964258887,512
60092,1964290949,512
60093,1964323028,512
60094,1964355306,512
60095,1964387404,512
60096,1964419520,512
60097,1964451686,512
60098,1964483805,512
60099,1964515891,512
60100,1964548173,512
60101,1964580261,512
60102,1964612424,512
60103,1964644568,512
60104,1964676760,512
60105,1964709465,512
60106,1964741516,512
60107,1964775498,512
60108,1964809322,512
60109,1964841378,512
60110,1964873479,512
60111,1964905941,512
60112,1964938138,512
60113,1964970397,512
60114,1965002708,512
60115,1965034749,512
60116,1965066828,512
60117,1965098952,512
60118,1965131024,512
60119,1965163337,512
60120,1965195511,512
60121,1965227622,512
60122,1965259980,512
60123,1965292199,512
60124,1965324245,512
60125,1965356367,512
60126,1965390017,512
60127,1965423949,512
60128,1965456341,512
60129,1965488688,512
60130,1965520710,512
60131,1965553036,512
60132,1965585068,512
60133,1965617195,512
60134,1965649486,512
60135,1965681676,512
60136,1965713773,512
60137,1965745903,512
60138,1965778113,512
60139,1965810219,512
60140,1965842399,512
60141,1965874427,512
60142,1965906767,512
60143,1965938861,512
60144,1965970993,512
60145,1966004555,512
60146,1966038714,512
60147,1966070778,512
60148,1966104740,512
60149,1966139076,512
60150,1966171091,512
60151,1966203439,512
60152,1966235616,512
60153,1966268093,512
60154,1966300219,512
60155,1966332335,512
60156,1966364499,512
60157,1966396662,512
60158,1966428807,512
60159,1966461155,512
60160,1966493172,512
60161,1966525384,512
60162,1966557691,512
60163,1966589693,512
60164,1966622032,512
60165,1966654077,512
60166,1966686141,512
60167,1966719713,512
60168,1966753478,512
60169,1966785940,512
60170,1966818176,512
60171,1966850250,512
60172,1966882305,512
60173,1966914753,512
60174,1966947180,512
60175,1966979427,512
60176,1967011559,512
60177,1967043649,512
60178,1967075841,512
60179,1967107957,512
60180,1967140043,512
60181,1967172082,512
60182,1967204401,512
60183,1967236408,512
60184,1967268592,512
60185,1967300747,512
60186,1967333996,512
60187,1967368367,512
60188,1967400564,512
60189,1967432909,512
60190,1967465263,512
60191,1967497429,512
60192,1967529747,512
60193,1967562055,512
60194,1967594080,512
60195,1967626193,512
60196,1967658386,512
60197,1967690491,512
60198,1967722503,512
60199,1967754780,512
60200,1967786815,512
60201,1967818866,512
60202,1967851173,512
60203,1967883354,512
60204,1967915358,512
60205,1967949001,512
60206,1967983202,512
60207,1968015425,512
60208,1968047818,512
60209,1968080028,512
60210,1968112178,512
60211,1968144393,512
60212,1968176829,512
60213,1968208884,512
60214,1968240955,512
60215,1968273009,512
60216,1968305140,512
60217,1968337235,512
60218,1968369523,512
60219,1968401708,512
60220,1968433797,512
60221,1968465972,512
60222,1968498024,512
60223,1968530176,512
60224,1968564115,512
60225,1968597756,512
60226,1968629982,512
60227,1968662187,512
60228,1968694451,512
60229,1968726548,512
60230,1968758581,512
60231,1968790791,512
60232,1968823132,512
60233,1968855513,512
60234,1968887642,512
60235,1968919924,512
60236,1968952071,512
60237,1968984098,512
60238,1969016140,512
60239,1969048465,512
60240,1969080744,512
60241,1969112838,512
60242,1969144943,512
60243,1969179062,512
60244,1969212507,512
60245,1969244686,512
60246,1969278835,512
60247,1969313100,512
60248,1969345242,512
60249,1969377364,512
60250,1969409479,512
60251,1969441529,512
60252,1969473862,512
60253,1969506305,512
60254,1969538521,512
60255,1969570693,512
60256,1969602800,512
60257,1969634932,512
60258,1969667040,512
60259,1969699230,512
60260,1969731330,512
60261,1969763395,512
60262,1969796660,512
60263,1969831278,512
60264,1969863401,512
60265,1969896018,512
60266,1969928128,512
60267,1969960372,512
60268,1969992605,512
60269,1970024680,512
60270,1970056868,512
60271,1970088983,512
60272,1970121034,512
60273,1970153182,512
60274,1970185377,512
60275,1970217739,512
60276,1970249765,512
60277,1970282154,512
60278,1970314263,512
60279,1970346324,512
60280,1970378481,512
60281,1970410973,512
60282,1970443089,512
60283,1970475232,512
60284,1970508192,512
60285,1970542414,512
60286,1970574642,512
60287,1970606896,512
60288,1970639301,512
60289,1970671341,512
60290,1970703661,512
60291,1970735890,512
60292,1970767984,512
60293,1970800105,512
60294,1970832374,512
60295,1970864539,512
60296,1970896686,512
60297,1970928874,512
60298,1970961022,512
60299,1970993205,512
60300,1971025602,512
60301,1971057731,512
60302,1971089875,512
60303,1971122913,512
60304,1971157184,512
60305,1971189620,512
60306,1971221986,512
60307,1971254082,512
60308,1971286152,512
60309,1971318308,512
60310,1971350477,512
60311,1971382681,512
60312,1971414853,512
60313,1971446915,512
60314,1971478921,512
60315,1971511143,512
60316,1971543306,512
60317,1971575469,512
60318,1971607682,512
60319,1971640079,512
60320,1971672189,512
60321,1971704366,512
60322,1971737780,512
60323,1971771903,512
60324,1971804005,512
60325,1971836309,512
60326,1971868524,512
60327,1971900768,512
60328,1971932928,512
60329,1971965184,512
60330,1971997274,512
60331,1972029451,512
60332,1972061484,512
60333,1972093591,512
60334,1972125676,512
60335,1972157862,512
60336,1972190187,512
60337,1972222562,512
60338,1972254693,512
60339,1972286777,512
60340,1972318843,512
60341,1972353223,512
60342,1972386497,512
60343,1972418720,512
60344,1972450906,512
60345,1972483002,512
60346,1972515225,512
60347,1972547714,512
60348,1972579999,512
60349,1972612167,512
60350,1972644260,512
60351,1972676427,512
60352,1972708586,512
60353,1972740744,512
60354,1972773129,512
60355,1972805158,512
60356,1972837318,512
60357,1972869688,512
60358,1972901832,512
60359,1972933842,512
60360,1972967640,512
60361,1973000972,512
60362,1973033428,512
60363,1973065485,512
60364,1973097640,512
60365,1973129731,512
60366,1973162099,512
60367,1973194100,512
60368,1973226338,512
60369,1973258875,512
60370,1973290995,512
60371,1973323038,512
60372,1973355226,512
60373,1973387544,512
60374,1973419567,512
60375,1973451689,512
60376,1973483882,512
60377,1973516139,512
60378,1973548253,512
60379,1973581976,512
60380,1973615842,512
60381,1973648047,512
60382,1973680048,512
60383,1973712265,512
60384,1973744499,512
60385,1973776866,512
60386,1973809114,512
60387,1973841248,512
60388,1973873440,512
60389,1973905475,512
60390,1973937766,512
60391,1973969995,512
60392,1974002051,512
60393,1974034311,512
60394,1974066419,512
60395,1974098465,512
60396,1974130655,512
60397,1974162716,512
60398,1974196839,512
60399,1974230171,512
60400,1974262765,512
60401,1974296421,512
60402,1974330756,512
60403,1974363111,512
60404,1974395462,512
60405,1974427632,512
60406,1974459948,512
60407,1974492172,512
60408,1974524407,512
60409,1974556459,512
60410,1974588585,512
60412,1974652986,512
60413,1974685036,512
60414,1974717342,512
60415,1974749527,512
60416,1974781713,512
60417,1974814513,512
60418,1974846616,512
60419,1974878636,512
60420,1974911341,512
60421,1974945830,512
60422,1974977886,512
60423,1975010176,512
60424,1975042731,512
60425,1975075016,512
60426,1975107100,512
60427,1975139239,512
60428,1975171458,512
60429,1975203485,512
60430,1975235601,512
60431,1975267686,512
60432,1975299951,512
60433,1975332151,512
60434,1975364291,512
60435,1975396402,512
60436,1975428682,512
60437,1975460827,512
60438,1975492934,512
60439,1975525753,512
60440,1975560387,512
60441,1975592552,512
60442,1975624910,512
60443,1975657381,512
60444,1975689567,512
60445,1975721580,512
60446,1975753716,512
60447,1975785783,512
60448,1975818100,512
60449,1975850110,512
60450,1975882271,512
60451,1975914537,512
60452,1975946810,512
60453,1975978931,512
60454,1976010991,512
60455,1976043054,512
60456,1976075242,512
60457,1976107343,512
60458,1976141114,512
60459,1976175157,512
60460,1976207334,512
60461,1976239640,512
60462,1976272153,512
60463,1976304217,512
60464,1976336257,512
60465,1976368554,512
60466,1976400561,512
60467,1976432738,512
60468,1976464739,512
60469,1976497109,512
60470,1976529191,512
60471,1976561221,512
60472,1976593357,512
60473,1976625465,512
60474,1976657607,512
60475,1976690027,512
60476,1976722202,512
60477,1976756156,512
60478,1976789764,512
60479,1976821965,512
60480,1976854362,512
60481,1976886682,512
60482,1976918980,512
60483,1976951056,512
60484,1976983092,512
60485,1977015129,512
60486,1977047302,512
60487,1977079676,512
60488,1977111758,512
60489,1977143895,512
60490,1977176154,512
60491,1977208345,512
60492,1977240435,512
60493,1977272585,512
60494,1977304723,512
60495,1977336763,512
60496,1977370791,512
60497,1977404721,512
60498,1977436808,512
60499,1977469201,512
60500,1977501475,512
60501,1977533584,512
60502,1977565686,512
60503,1977598060,512
60504,1977630366,512
60505,1977662491,512
60506,1977694647,512
60507,1977726660,512
60508,1977758829,512
60509,1977790968,512
60510,1977823096,512
60511,1977855107,512
60512,1977887573,512
60513,1977919695,512
60514,1977951827,512
60515,1977985586,512
60516,1978019158,512
60517,1978051398,512
60518,1978085328,512
60519,1978119686,512
60520,1978151879,512
60521,1978184177,512
60522,1978216532,512
60523,1978248965,512
60524,1978281048,512
60525,1978313120,512
60526,1978345295,512
60527,1978377368,512
60528,1978409460,512
60529,1978441465,512
60530,1978473853,512
60531,1978505897,512
60532,1978537905,512
60533,1978569952,512
60534,1978602647,512
60535,1978634825,512
60536,1978666904,512
60537,1978699038,512
60538,1978731106,512
60539,1978763106,512
60540,1978795189,512
60541,1978827403,512
60542,1978859436,512
60543,1978891633,512
60544,1978923767,512
60545,1978955778,512
60546,1978987860,512
60547,1979020024,512
60548,1979052378,512
60549,1979084551,512
60550,1979116765,512
60551,1979148962,512
60552,1979181001,512
60553,1979214102,512
60554,1979248650,512
60555,1979280658,512
60556,1979314692,512
60557,1979349041,512
60558,1979381552,512
60559,1979413911,512
60560,1979446054,512
60561,1979478218,512
60562,1979510271,512
60563,1979542314,512
60564,1979574465,512
60565,1979606574,512
60566,1979638716,512
60567,1979670856,512
60568,1979703138,512
60569,1979735230,512
60570,1979767259,512
60571,1979799436,512
60572,1979831839,512
60573,1979863921,512
60574,1979896039,512
60575,1979929538,512
60576,1979963863,512
60577,1979996202,512
60578,1980028433,512
60579,1980060698,512
60580,1980092843,512
60581,1980124954,512
60582,1980156979,512
60583,1980189166,512
60584,1980221551,512
60585,1980253554,512
60586,1980285647,512
60587,1980317900,512
60588,1980349977,512
60589,1980382079,512
60590,1980414315,512
60591,1980446372,512
60592,1980478722,512
60593,1980510873,512
60594,1980544833,512
60595,1980578430,512
60596,1980610579,512
60597,1980642932,512
60598,1980675145,512
60599,1980707554,512
60600,1980739600,512
60601,1980771687,512
60602,1980804007,512
60603,1980836094,512
60604,1980868475,512
60605,1980900504,512
60606,1980932703,512
60607,1980964784,512
60608,1980996836,512
60609,1981028962,512
60610,1981061082,512
60611,1981093189,512
60612,1981125329,512
60613,1981159481,512
60614,1981193252,512
60615,1981225406,512
60616,1981257460,512
60617,1981289670,512
60618,1981321755,512
60619,1981353866,512
60620,1981386031,512
60621,1981418154,512
60622,1981450342,512
60623,1981482692,512
60624,1981514782,512
60625,1981546795,512
60626,1981578890,512
60627,1981611109,512
60628,1981643639,512
60629,1981675825,512
60630,1981707927,512
60631,1981740092,512
60632,1981774065,512
60633,1981807816,512
60634,1981839945,512
60635,1981874048,512
60636,1981908262,512
60637,1981940389,512
60638,1981972812,512
60639,1982004852,512
60640,1982037005,512
60641,1982069032,512
60642,1982101264,512
60643,1982133332,512
60644,1982165452,512
60645,1982197471,512
60646,1982229703,512
60647,1982261831,512
60648,1982294112,512
60649,1982326194,512
60650,1982358315,512
60651,1982392066,512
60652,1982426199,512
60653,1982458824,512
60654,1982492338,512
60655,1982527018,512
60656,1982559260,512
60657,1982592451,512
60658,1982624611,512
60659,1982656754,512
60660,1982688817,512
60661,1982720959,512
60662,1982753016,512
60663,1982785181,512
60664,1982817323,512
60665,1982849516,512
60666,1982881643,512
60667,1982913823,512
60668,1982945941,512
60669,1982978036,512
60670,1983010142,512
60671,1983042250,512
60672,1983074265,512
60673,1983106999,512
60674,1983139048,512
60675,1983171152,512
60676,1983203196,512
60677,1983235394,512
60678,1983267521,512
60679,1983299626,512
60680,1983331628,512
60681,1983363656,512
60682,1983395836,512
60683,1983427863,512
60684,1983460003,512
60685,1983492018,512
60686,1983524122,512
60687,1983556329,512
60688,1983588492,512
60689,1983620646,512
60690,1983652674,512
60691,1983684750,512
60692,1983718375,512
60693,1983752539,512
60694,1983784607,512
60695,1983816797,512
60696,1983848895,512
60697,1983880990,512
60698,1983913133,512
60699,1983945272,512
60700,1983977752,512
60701,1984009970,512
60702,1984042163,512
60703,1984074440,512
60704,1984106567,512
60705,1984138745,512
60706,1984170921,512
60707,1984203115,512
60708,1984235560,512
60709,1984267579,512
60710,1984299625,512
60711,1984333258,512
60712,1984367183,512
60713,1984399274,512
60714,1984431523,512
60715,1984463863,512
60716,1984496231,512
60717,1984528298,512
60718,1984560440,512
60719,1984592640,512
60720,1984624762,512
60721,1984656827,512
60722,1984688944,512
60723,1984721357,512
60724,1984753422,512
60725,1984785503,512
60726,1984817665,512
60727,1984849919,512
60728,1984882116,512
60729,1984914219,512
60730,1984948189,512
60731,1984981652,512
60732,1985013924,512
60733,1985046132,512
60734,1985078218,512
60735,1985110449,512
60736,1985142512,512
60737,1985174594,512
60738,1985206792,512
60739,1985238904,512
60740,1985271000,512
60741,1985303269,512
60742,1985335344,512
60743,1985367542,512
60744,1985399782,512
60745,1985431885,512
60746,1985464019,512
60747,1985496380,512
60748,1985528671,512
60749,1985562738,512
60750,1985596554,512
60751,1985628794,512
60752,1985662826,512
60753,1985697039,512
60754,1985729080,512
60755,1985761464,512
60756,1985793749,512
60757,1985825981,512
60758,1985858040,512
60759,1985890176,512
60760,1985922433,512
60761,1985954515,512
60762,1985986595,512
60763,1986018683,512
60764,1986051014,512
60765,1986083191,512
60766,1986115191,512
60767,1986147377,512
60768,1986180866,512
60769,1986215238,512
60770,1986247454,512
60771,1986281074,512
60772,1986315660,512
60773,1986347728,512
60774,1986382310,512
60775,1986415760,512
60776,1986448219,512
60777,1986482102,512
60778,1986516474,512
60779,1986548644,512
60780,1986580968,512
60781,1986613115,512
60782,1986645507,512
60783,1986677727,512
60784,1986709751,512
60785,1986741901,512
60786,1986774238,512
60787,1986806288,512
60788,1986838568,512
60789,1986870775,512
60790,1986902853,512
60791,1986934968,512
60792,1986967165,512
60793,1986999503,512
60794,1987031688,512
60795,1987063697,512
60796,1987097096,512
60797,1987130844,512
60798,1987163316,512
60799,1987195650,512
60800,1987227655,512
60801,1987259740,512
60802,1987292011,512
60803,1987324058,512
60804,1987356164,512
60805,1987388416,512
60806,1987420423,512
60807,1987452669,512
60808,1987484743,512
60809,1987516985,512
60810,1987549251,512
60811,1987581707,512
60812,1987614583,512
60813,1987646625,512
60814,1987678702,512
60815,1987711086,512
60816,1987743158,512
60817,1987775275,512
60818,1987807395,512
60819,1987839468,512
60820,1987871667,512
60821,1987903742,512
60822,1987935742,512
60823,1987967796,512
60824,1987999974,512
60825,1988032053,512
60826,1988064174,512
60827,1988096177,512
60828,1988128313,512
60829,1988160486,512
60830,1988192664,512
60831,1988225314,512
60832,1988257437,512
60833,1988289567,512
60834,1988321761,512
60835,1988353845,512
60836,1988386027,512
60837,1988418217,512
60839,1988482417,512
60840,1988514481,512
60841,1988546637,512
60842,1988578731,512
60843,1988610889,512
60844,1988643063,512
60845,1988675101,512
60846,1988707265,512
60847,1988739362,512
60848,1988771392,512
60849,1988803601,512
60850,1988835788,512
60851,1988867825,512
60852,1988899987,512
60853,1988932148,512
60854,1988964221,512
60855,1988996325,512
60856,1989028521,512
60857,1989060663,512
60858,1989092679,512
60859,1989124851,512
60860,1989156854,512
60861,1989188967,512
60862,1989221110,512
60863,1989253296,512
60864,1989285377,512
60865,1989317493,512
60866,1989351503,512
60867,1989384846,512
60868,1989417360,512
60869,1989449564,512
60871,1989514155,512
60872,1989546287,512
60873,1989578507,512
60874,1989610545,512
60875,1989642818,512
60876,1989675007,512
60877,1989707079,512
60878,1989739232,512
60879,1989771522,512
60880,1989803714,512
60881,1989835736,512
60882,1989867824,512
60883,1989899911,512
60884,1989932108,512
60885,1989966350,512
60886,1990000288,512
60887,1990032749,512
60888,1990066014,512
60889,1990100309,512
60890,1990132467,512
60891,1990164774,512
60892,1990196922,512
60893,1990229203,512
60894,1990261403,512
60895,1990293484,512
60896,1990325683,512
60897,1990357818,512
60898,1990390271,512
60899,1990422321,512
60900,1990454349,512
60901,1990486576,512
60902,1990518643,512
60903,1990550834,512
60904,1990583766,512
60905,1990618884,512
60906,1990651299,512
60907,1990684331,512
60908,1990718620,512
60909,1990751064,512
60910,1990785379,512
60911,1990819450,512
60912,1990851664,512
60913,1990885629,512
60914,1990919795,512
60915,1990952126,512
60916,1990984358,512
60917,1991016408,512
60918,1991048487,512
60919,1991080708,512
60920,1991112755,512
60921,1991144827,512
60922,1991176981,512
60923,1991209136,512
60924,1991241273,512
60925,1991273733,512
60926,1991306066,512
60927,1991338220,512
60928,1991370404,512
60929,1991402733,512
60930,1991434785,512
60931,1991466788,512
60932,1991500295,512
60933,1991534808,512
60934,1991567063,512
60935,1991599120,512
60936,1991631403,512
60937,1991663499,512
60938,1991695721,512
60939,1991727906,512
60940,1991760307,512
60941,1991792336,512
60942,1991824375,512
60943,1991856478,512
60944,1991888753,512
60945,1991920862,512
60946,1991952983,512
60947,1991985115,512
60948,1992017199,512
60949,1992049292,512
60950,1992081521,512
60951,1992115191,512
60952,1992149299,512
60953,1992181382,512
60954,1992213613,512
60955,1992245901,512
60956,1992278266,512
60957,1992310457,512
60958,1992342544,512
60959,1992374932,512
60960,1992407073,512
60961,1992439261,512
60962,1992471293,512
60963,1992503516,512
60964,1992535507,512
60965,1992567593,512
60966,1992599739,512
60967,1992632082,512
60968,1992664149,512
60969,1992696176,512
60970,1992729935,512
60971,1992763488,512
60972,1992796260,512
60973,1992828502,512
60974,1992860581,512
60975,1992892647,512
60976,1992924707,512
60977,1992956747,512
60978,1992989044,512
60979,1993021146,512
60980,1993053253,512
60981,1993085546,512
60982,1993117798,512
60983,1993150152,512
60984,1993182470,512
60985,1993214567,512
60986,1993246723,512
60987,1993278886,512
60988,1993310971,512
60989,1993345350,512
60990,1993378231,512
60991,1993410812,512
60992,1993442944,512
60993,1993475037,512
60994,1993507133,512
60995,1993539303,512
60996,1993571461,512
60997,1993603562,512
60998,1993635855,512
60999,1993667984,512
61000,1993700039,512
61001,1993732200,512
61002,1993764829,512
61003,1993796967,512
61004,1993829200,512
61005,1993861366,512
61006,1993893363,512
61007,1993925584,512
61008,1993959274,512
61009,1993993237,512
61010,1994025573,512
61011,1994057776,512
61012,1994089927,512
61013,1994121956,512
61014,1994154095,512
61015,1994186152,512
61016,1994218401,512
61017,1994250580,512
61018,1994282751,512
61019,1994314966,512
61020,1994347309,512
61021,1994379678,512
61022,1994411726,512
61023,1994443742,512
61024,1994476023,512
61025,1994508138,512
61026,1994540305,512
61027,1994573177,512
61028,1994605338,512
61029,1994637521,512
61030,1994669522,512
61031,1994701664,512
61032,1994733748,512
61033,1994765818,512
61034,1994797857,512
61035,1994829919,512
61036,1994861946,512
61037,1994894092,512
61038,1994926364,512
61039,1994958541,512
61040,1994990581,512
61041,1995022629,512
61042,1995054820,512
61043,1995087236,512
61044,1995119269,512
61045,1995151295,512
61046,1995183447,512
61047,1995215528,512
61048,1995247632,512
61049,1995279706,512
61050,1995311744,512
61051,1995343918,512
61052,1995375939,512
61053,1995408115,512
61054,1995440457,512
61055,1995472624,512
61056,1995504697,512
61057,1995536882,512
61058,1995569177,512
61059,1995601368,512
61060,1995633437,512
61061,1995665606,512
61062,1995698807,512
61063,1995732703,512
61064,1995765202,512
61065,1995797511,512
61066,1995829598,512
61067,1995861624,512
61068,1995894181,512
61069,1995926191,512
61070,1995958345,512
61071,1995990556,512
61072,1996022740,512
61073,1996054996,512
61074,1996087022,512
61075,1996119268,512
61076,1996151293,512
61077,1996183398,512
61078,1996215633,512
61079,1996247807,512
61080,1996279977,512
61081,1996313378,512
61082,1996347912,512
61083,1996380316,512
61084,1996412521,512
61085,1996444703,512
61086,1996476794,512
61087,1996508855,512
61088,1996540942,512
61089,1996573273,512
61090,1996605300,512
61091,1996637654,512
61092,1996669705,512
61093,1996701861,512
61094,1996734034,512
61095,1996766188,512
61096,1996798339,512
61097,1996830357,512
61098,1996862507,512
61099,1996894543,512
61100,1996928429,512
61101,1996962359,512
61102,1996994595,512
61103,1997026870,512
61104,1997059250,512
61105,1997091404,512
61106,1997123643,512
61107,1997155847,512
61108,1997187989,512
61109,1997220259,512
61110,1997252358,512
61111,1997284363,512
61112,1997316560,512
61113,1997348736,512
61114,1997380827,512
61115,1997412902,512
61116,1997445055,512
61117,1997477120,512
61118,1997509144,512
61119,1997543488,512
61120,1997577036,512
61121,1997609270,512
61122,1997641411,512
61123,1997673592,512
61124,1997705727,512
61125,1997737928,512
61126,1997770020,512
61127,1997802101,512
61128,1997834142,512
61129,1997866319,512
61130,1997898439,512
61131,1997930615,512
61132,1997962770,512
61133,1997994847,512
61134,1998027126,512
61135,1998059674,512
61136,1998091703,512
61137,1998123979,512
61138,1998158020,512
61139,1998191352,512
61140,1998223940,512
61141,1998258113,512
61142,1998291974,512
61143,1998324422,512
61144,1998356646,512
61145,1998388682,512
61146,1998420804,512
61147,1998452953,512
61148,1998485056,512
61149,1998517454,512
61150,1998549791,512
61151,1998581931,512
61152,1998613977,512
61153,1998646277,512
61154,1998678607,512
61155,1998710641,512
61156,1998742694,512
61157,1998775535,512
61158,1998807563,512
61159,1998839612,512
61160,1998872747,512
61161,1998907007,512
61162,1998939169,512
61163,1998971376,512
61164,1999003593,512
61165,1999035684,512
61166,1999068035,512
61167,1999100278,512
61168,1999132345,512
61169,1999164568,512
61170,1999196752,512
61171,1999228973,512
61172,1999261075,512
61173,1999293104,512
61174,1999325515,512
61175,1999357624,512
61176,1999389891,512
61177,1999421937,512
61178,1999453944,512
61179,1999487318,512
61180,1999521711,512
61181,1999553786,512
61182,1999586115,512
61183,1999618260,512
61184,1999650594,512
61185,1999682919,512
61186,1999715076,512
61187,1999747150,512
61188,1999779336,512
61189,1999811400,512
61190,1999843553,512
61191,1999875787,512
61192,1999907884,512
61193,1999939989,512
61194,1999972037,512
61195,2000004187,512
61196,2000036379,512
61197,2000068562,512
61198,2000102031,512
61199,2000136221,512
61200,2000168430,512
61201,2000200872,512
61202,2000232952,512
61203,2000265398,512
61204,2000297649,512
61205,2000329691,512
61206,2000361837,512
61207,2000394056,512
61208,2000426094,512
61209,2000458252,512
61210,2000490376,512
61211,2000522506,512
61212,2000554759,512
61213,2000587113,512
61214,2000619230,512
61215,2000651399,512
61216,2000683429,512
61217,2000717170,512
61218,2000750800,512
61219,2000783461,512
61220,2000815480,512
61221,2000847756,512
61222,2000880239,512
61223,2000912417,512
61224,2000944587,512
61225,2000976729,512
61226,2001008860,512
61227,2001041006,512
61228,2001073040,512
61229,2001105091,512
61230,2001137187,512
61231,2001169400,512
61232,2001201573,512
61233,2001233821,512
61234,2001265945,512
61235,2001298060,512
61236,2001331787,512
61237,2001365846,512
61238,2001398047,512
61239,2001430095,512
61240,2001462642,512
61241,2001494902,512
61242,2001526920,512
61243,2001559040,512
61244,2001591323,512
61245,2001623337,512
61246,2001655465,512
61247,2001687476,512
61248,2001719536,512
61249,2001751818,512
61250,2001783962,512
61251,2001816187,512
61252,2001848563,512
61253,2001880652,512
61254,2001912729,512
61255,2001946778,512
61256,2001980167,512
61257,2002012551,512
61258,2002044803,512
61259,2002077390,512
61260,2002109491,512
61261,2002141610,512
61262,2002173728,512
61263,2002205926,512
61264,2002237990,512
61265,2002270147,512
61266,2002302242,512
61267,2002334379,512
61268,2002366532,512
61269,2002398563,512
61270,2002430994,512
61271,2002463962,512
61272,2002496048,512
61273,2002528241,512
61274,2002561249,512
61275,2002594769,512
61276,2002627325,512
61277,2002661295,512
61278,2002695376,512
61279,2002727813,512
61280,2002759989,512
61281,2002792262,512
61282,2002824651,512
61283,2002856694,512
61284,2002888862,512
61285,2002920981,512
61286,2002953287,512
61287,2002985400,512
61288,2003017493,512
61289,2003049561,512
61290,2003081878,512
61291,2003113978,512
61292,2003146099,512
61293,2003179252,512
61294,2003213669,512
61295,2003245901,512
61296,2003279357,512
61297,2003311529,512
61298,2003343681,512
61299,2003375702,512
61300,2003407778,512
61301,2003439910,512
61302,2003471959,512
61303,2003503973,512
61304,2003536091,512
61305,2003568162,512
61306,2003600338,512
61307,2003632495,512
61308,2003664641,512
61309,2003696714,512
61310,2003728818,512
61311,2003761001,512
61312,2003793347,512
61313,2003825380,512
61314,2003857404,512
61315,2003890733,512
61316,2003925008,512
61317,2003957165,512
61318,2003989430,512
61319,2004021467,512
61320,2004053477,512
61321,2004086161,512
61322,2004118315,512
61323,2004150459,512
61324,2004182647,512
61325,2004214850,512
61326,2004246899,512
61327,2004279026,512
61328,2004311128,512
61329,2004343557,512
61330,2004375768,512
61331,2004407919,512
61332,2004439982,512
61333,2004471983,512
61334,2004505869,512
61335,2004539477,512
61336,2004571906,512
61337,2004604160,512
61338,2004636395,512
61339,2004668717,512
61340,2004700882,512
61341,2004732944,512
61342,2004765039,512
61343,2004797264,512
61344,2004829450,512
61345,2004861463,512
61346,2004893690,512
61347,2004926024,512
61348,2004958138,512
61349,2004990304,512
61350,2005022495,512
61351,2005054665,512
61352,2005086780,512
61353,2005120350,512
61354,2005154374,512
61355,2005186478,512
61356,2005218705,512
61357,2005250955,512
61358,2005283325,512
61359,2005315581,512
61360,2005347663,512
61361,2005379805,512
61362,2005411904,512
61363,2005444131,512
61364,2005476477,512
61365,2005508601,512
61366,2005540738,512
61367,2005572794,512
61368,2005604838,512
61369,2005636999,512
61370,2005669315,512
61371,2005701451,512
61372,2005735854,512
61373,2005769408,512
61374,2005801831,512
61375,2005833938,512
61376,2005866121,512
61377,2005898259,512
61378,2005930388,512
61379,2005962529,512
61380,2005994541,512
61381,2006026819,512
61382,2006058850,512
61383,2006090987,512
61384,2006123097,512
61385,2006155155,512
61386,2006187454,512
61387,2006219642,512
61388,2006251879,512
61389,2006283946,512
61390,2006315999,512
61391,2006350017,512
61392,2006383803,512
61393,2006416085,512
61394,2006449823,512
61395,2006484301,512
61396,2006516683,512
61397,2006549018,512
61398,2006581152,512
61399,2006613161,512
61400,2006645475,512
61401,2006677545,512
61402,2006709720,512
61403,2006741850,512
61404,2006773903,512
61405,2006806201,512
61406,2006838332,512
61407,2006870332,512
61408,2006902591,512
61409,2006934795,512
61410,2006967516,512
61411,2006999660,512
61412,2007031777,512
61413,2007064573,512
61414,2007098986,512
61415,2007131142,512
61416,2007163294,512
61417,2007195412,512
61418,2007227836,512
61419,2007260122,512
61420,2007292274,512
61421,2007324460,512
61422,2007356636,512
61423,2007388805,512
61424,2007420829,512
61425,2007453055,512
61426,2007485192,512
61427,2007517330,512
61428,2007549476,512
61429,2007581598,512
61430,2007613630,512
61431,2007646096,512
61432,2007678939,512
61433,2007710980,512
61434,2007743151,512
61435,2007775282,512
61436,2007807426,512
61437,2007839521,512
61438,2007871664,512
61439,2007903685,512
61440,2007935718,512
61441,2007967836,512
61442,2007999894,512
61443,2008031950,512
61444,2008064113,512
61445,2008096295,512
61446,2008128324,512
61447,2008160480,512
61448,2008193395,512
61449,2008228002,512
61450,2008260334,512
61451,2008294222,512
61452,2008328492,512
61453,2008360578,512
61454,2008392696,512
61455,2008424800,512
61456,2008456974,512
61457,2008488986,512
61458,2008521196,512
61459,2008553277,512
61460,2008585525,512
61461,2008617640,512
61462,2008649782,512
61463,2008681787,512
61464,2008714023,512
61465,2008746254,512
61466,2008778399,512
61467,2008811186,512
61468,2008843367,512
61469,2008875423,512
61470,2008908852,512
61471,2008943223,512
61472,2008975530,512
61473,2009007632,512
61474,2009039868,512
61475,2009072309,512
61476,2009104411,512
61477,2009136510,512
61478,2009168578,512
61479,2009200688,512
61480,2009232848,512
61481,2009264895,512
61482,2009296975,512
61483,2009329067,512
61484,2009361398,512
61485,2009393567,512
61486,2009425742,512
61487,2009457850,512
61488,2009490039,512
61489,2009524322,512
61490,2009558130,512
61491,2009590312,512
61492,2009622331,512
61493,2009654521,512
61494,2009686751,512
61495,2009718786,512
61496,2009751201,512
61497,2009783416,512
61498,2009815480,512
61499,2009847668,512
61500,2009879746,512
61501,2009911872,512
61502,2009943986,512
61503,2009976139,512
61504,2010008220,512
61505,2010040576,512
61506,2010072711,512
61507,2010104870,512
61508,2010138754,512
61509,2010172654,512
61510,2010205171,512
61511,2010237335,512
61512,2010269376,512
61513,2010301558,512
61514,2010333741,512
61515,2010365952,512
61516,2010397962,512
61517,2010430120,512
61518,2010462192,512
61519,2010494297,512
61520,2010526604,512
61521,2010558703,512
61522,2010590741,512
61523,2010622939,512
61524,2010655164,512
61525,2010687285,512
61526,2010719314,512
61527,2010752978,512
61528,2010787258,512
61529,2010819259,512
61530,2010853220,512
61531,2010887562,512
61532,2010919739,512
61533,2010951936,512
61534,2010984480,512
61535,2011016643,512
61536,2011048792,512
61537,2011080901,512
61538,2011112968,512
61539,2011145015,512
61540,2011177331,512
61541,2011209519,512
61542,2011241659,512
61543,2011274118,512
61544,2011306191,512
61545,2011338271,512
61546,2011370611,512
61547,2011402736,512
61548,2011434898,512
61549,2011467642,512
61550,2011502309,512
61551,2011534440,512
61552,2011566768,512
61553,2011599186,512
61554,2011631267,512
61555,2011663357,512
61556,2011695614,512
61557,2011727635,512
61558,2011759951,512
61559,2011792023,512
61560,2011824152,512
61561,2011856302,512
61562,2011888433,512
61563,2011920473,512
61564,2011952551,512
61565,2011985012,512
61566,2012017233,512
61567,2012049275,512
61568,2012082441,512
61569,2012117005,512
61570,2012149166,512
61571,2012181421,512
61572,2012213462,512
61573,2012245583,512
61574,2012277700,512
61575,2012309879,512
61576,2012341951,512
61577,2012374066,512
61578,2012406142,512
61579,2012438356,512
61580,2012470586,512
61581,2012502764,512
61582,2012534772,512
61583,2012566864,512
61584,2012599516,512
61585,2012631607,512
61586,2012663823,512
61587,2012697315,512
61588,2012731723,512
61589,2012763804,512
61590,2012796172,512
61591,2012828479,512
61592,2012860876,512
61593,2012892951,512
61594,2012925094,512
61595,2012957132,512
61596,2012989202,512
61597,2013021502,512
61598,2013053572,512
61599,2013085792,512
61600,2013117926,512
61601,2013150063,512
61602,2013182114,512
61603,2013214217,512
61604,2013246268,512
61605,2013278460,512
61606,2013312143,512
61607,2013346422,512
61608,2013378429,512
61609,2013410690,512
61610,2013442825,512
61611,2013474984,512
61612,2013506984,512
61613,2013539229,512
61614,2013571350,512
61615,2013603441,512
61616,2013636138,512
61617,2013668255,512
61618,2013700409,512
61619,2013732417,512
61620,2013764580,512
61621,2013796965,512
61622,2013829040,512
61623,2013861144,512
61624,2013893226,512
61625,2013927253,512
61626,2013961197,512
61627,2013993306,512
61628,2014025358,512
61629,2014057481,512
61630,2014089532,512
61631,2014121863,512
61632,2014154295,512
61633,2014186717,512
61634,2014218765,512
61635,2014250926,512
61636,2014283030,512
61637,2014315077,512
61638,2014347437,512
61639,2014379626,512
61640,2014411665,512
61641,2014444090,512
61642,2014476283,512
61643,2014508344,512
61644,2014541968,512
61645,2014575803,512
61646,2014607980,512
61647,2014640187,512
61648,2014672641,512
61649,2014704764,512
61650,2014736892,512
61651,2014769007,512
61652,2014801170,512
61653,2014833196,512
61654,2014865449,512
61655,2014897473,512
61656,2014929833,512
61657,2014961988,512
61658,2014994193,512
61659,2015026295,512
61660,2015058781,512
61661,2015090978,512
61662,2015122995,512
61663,2015156306,512
61664,2015190363,512
61665,2015222580,512
61666,2015256666,512
61667,2015290808,512
61668,2015323108,512
61669,2015355373,512
61670,2015387646,512
61671,2015419936,512
61672,2015451999,512
61673,2015484309,512
61674,2015516353,512
61675,2015548476,512
61676,2015580605,512
61677,2015612609,512
61678,2015644982,512
61679,2015677141,512
61680,2015709301,512
61681,2015741371,512
61682,2015773836,512
61683,2015805846,512
61684,2015838039,512
61685,2015870253,512
61686,2015902362,512
61687,2015934472,512
61688,2015966483,512
61689,2015998523,512
61690,2016030565,512
61691,2016062622,512
61692,2016094911,512
61693,2016127161,512
61694,2016159316,512
61695,2016191484,512
61696,2016223583,512
61697,2016255716,512
61698,2016287882,512
61699,2016320053,512
61700,2016352167,512
61701,2016385294,512
61702,2016419836,512
61703,2016452060,512
61704,2016486028,512
61705,2016520388,512
61706,2016552779,512
61707,2016585003,512
61708,2016617129,512
61709,2016649498,512
61710,2016681700,512
61711,2016713851,512
61712,2016746004,512
61713,2016778071,512
61714,2016810180,512
61715,2016842197,512
61716,2016874337,512
61717,2016906634,512
61718,2016938727,512
61719,2016970843,512
61720,2017003086,512
61721,2017035156,512
61722,2017067322,512
61723,2017101137,512
61724,2017134797,512
61725,2017167083,512
61726,2017199913,512
61727,2017231934,512
61728,2017264029,512
61729,2017296172,512
61730,2017328300,512
61731,2017360595,512
61732,2017392784,512
61733,2017424941,512
61734,2017457003,512
61735,2017489087,512
61736,2017521192,512
61737,2017553379,512
61738,2017585498,512
61739,2017617989,512
61740,2017650106,512
61741,2017682280,512
61742,2017716127,512
61743,2017749744,512
61744,2017781760,512
61745,2017814019,512
61746,2017846124,512
61747,2017878312,512
61748,2017910796,512
61749,2017942864,512
61750,2017975258,512
61751,2018007428,512
61752,2018039485,512
61753,2018071687,512
61754,2018103863,512
61755,2018135936,512
61756,2018168130,512
61757,2018200151,512
61758,2018232526,512
61759,2018264546,512
61760,2018296658,512
61761,2018330786,512
61762,2018364386,512
61763,2018396585,512
61764,2018428632,512
61765,2018460853,512
61766,2018492969,512
61767,2018524990,512
61768,2018557284,512
61769,2018589324,512
61770,2018621582,512
61771,2018653718,512
61772,2018685787,512
61773,2018717941,512
61774,2018750178,512
61775,2018782510,512
61776,2018814972,512
61777,2018847023,512
61778,2018879122,512
61779,2018911234,512
61780,2018944790,512
61781,2018979177,512
61782,2019011544,512
61783,2019045197,512
61784,2019079617,512
61785,2019111665,512
61786,2019143920,512
61787,2019176075,512
61788,2019208528,512
61789,2019240702,512
61790,2019272780,512
61791,2019304816,512
61792,2019337135,512
61793,2019369205,512
61794,2019401311,512
61795,2019433560,512
61796,2019465601,512
61797,2019497997,512
61798,2019530190,512
61799,2019562584,512
61800,2019594779,512
61801,2019626909,512
61802,2019660068,512
61803,2019694390,512
61804,2019726844,512
61805,2019759105,512
61806,2019791203,512
61807,2019823344,512
61808,2019855508,512
61809,2019887575,512
61810,2019919652,512
61811,2019951815,512
61812,2019983895,512
61813,2020016105,512
61814,2020048372,512
61815,2020080421,512
61816,2020112595,512
61817,2020144756,512
61818,2020177007,512
61819,2020209024,512
61820,2020241146,512
61821,2020274621,512
61822,2020308900,512
61823,2020341048,512
61824,2020373389,512
61825,2020405836,512
61826,2020438011,512
61827,2020470134,512
61828,2020502266,512
61829,2020534295,512
61830,2020566581,512
61831,2020598772,512
61832,2020630870,512
61833,2020662984,512
61834,2020695078,512
61835,2020727275,512
61836,2020759397,512
61837,2020791488,512
61838,2020823548,512
61839,2020855686,512
61840,2020889471,512
61841,2020923685,512
61842,2020955793,512
61843,2020987936,512
61844,2021020060,512
61845,2021052239,512
61846,2021084272,512
61847,2021116433,512
61848,2021148585,512
61849,2021180603,512
61850,2021212852,512
61851,2021245062,512
61852,2021277235,512
61853,2021309676,512
61854,2021341897,512
61855,2021374148,512
61856,2021406151,512
61857,2021438154,512
61858,2021470473,512
61859,2021504145,512
61860,2021538406,512
61861,2021570428,512
61862,2021602723,512
61863,2021634750,512
61864,2021666824,512
61865,2021699083,512
61866,2021731102,512
61867,2021763326,512
61868,2021795413,512
61869,2021827591,512
61870,2021859840,512
61871,2021892180,512
61872,2021924341,512
61873,2021956497,512
61874,2021988593,512
61875,2022020690,512
61876,2022053034,512
61877,2022085301,512
61878,2022119391,512
61879,2022153036,512
61880,2022185246,512
61881,2022217422,512
61882,2022249479,512
61883,2022281818,512
61884,2022314158,512
61885,2022346468,512
61886,2022378551,512
61887,2022410666,512
61888,2022442740,512
61889,2022474756,512
61890,2022507032,512
61891,2022539220,512
61892,2022571356,512
61893,2022603418,512
61894,2022635678,512
61895,2022667836,512
61896,2022699903,512
61897,2022733935,512
61898,2022767774,512
61899,2022799799,512
61900,2022834014,512
61901,2022868129,512
61902,2022900223,512
61903,2022932661,512
61904,2022964870,512
61905,2022997182,512
61906,2023029539,512
61907,2023061702,512
61908,2023093748,512
61909,2023125911,512
61910,2023158007,512
61911,2023190066,512
61912,2023222178,512
61913,2023254497,512
61914,2023286663,512
61915,2023318689,512
61916,2023352007,512
61917,2023386101,512
61918,2023418874,512
61919,2023452126,512
61920,2023484145,512
61921,2023516242,512
61922,2023548314,512
61923,2023580477,512
61924,2023612591,512
61925,2023644688,512
61926,2023676702,512
61927,2023708810,512
61928,2023740987,512
61929,2023773069,512
61930,2023805178,512
61931,2023837183,512
61932,2023869245,512
61933,2023901314,512
61934,2023933361,512
61935,2023965719,512
61936,2023997793,512
61937,2024029836,512
61938,2024063356,512
61939,2024097662,512
61940,2024129802,512
61941,2024162269,512
61942,2024194567,512
61943,2024226711,512
61944,2024258844,512
61945,2024290878,512
61946,2024323064,512
61947,2024355237,512
61948,2024387399,512
61949,2024419563,512
61950,2024451703,512
61951,2024483876,512
61952,2024516015,512
61953,2024548037,512
61954,2024580162,512
61955,2024612159,512
61956,2024644349,512
61957,2024677722,512
61958,2024712319,512
61959,2024744450,512
61960,2024776873,512
61961,2024808996,512
61962,2024841274,512
61963,2024873510,512
61964,2024905792,512
61965,2024937848,512
61966,2024969978,512
61967,2025002017,512
61968,2025034222,512
61969,2025066237,512
61970,2025098439,512
61971,2025130845,512
61972,2025163007,512
61973,2025195034,512
61974,2025227173,512
61975,2025259179,512
61976,2025292892,512
61977,2025327022,512
61978,2025359058,512
61979,2025391372,512
61980,2025423430,512
61981,2025455545,512
61982,2025487756,512
61983,2025520112,512
61984,2025552504,512
61985,2025584503,512
61986,2025616512,512
61987,2025648850,512
61988,2025680959,512
61989,2025713067,512
61990,2025745100,512
61991,2025777320,512
61992,2025809536,512
61993,2025841602,512
61994,2025873843,512
61995,2025908065,512
61996,2025942285,512
61997,2025974399,512
61998,2026006621,512
61999,2026038809,512
62000,2026070930,512
62001,2026103070,512
62002,2026135226,512
62003,2026167391,512
62004,2026199493,512
62005,2026231552,512
62006,2026263627,512
62007,2026295635,512
62008,2026327820,512
62009,2026360008,512
62010,2026392129,512
62011,2026424161,512
62012,2026456349,512
62013,2026488561,512
62014,2026522637,512
62015,2026556410,512
62016,2026588475,512
62017,2026620793,512
62018,2026653125,512
62019,2026685556,512
62020,2026717625,512
62021,2026749793,512
62022,2026781818,512
62023,2026813874,512
62024,2026845979,512
62025,2026878142,512
62026,2026910286,512
62027,2026942453,512
62028,2026974646,512
62029,2027006697,512
62030,2027038996,512
62031,2027071106,512
62032,2027103305,512
62033,2027137338,512
62034,2027171246,512
62035,2027203270,512
62036,2027235562,512
62037,2027267696,512
62038,2027300082,512
62039,2027332341,512
62040,2027364493,512
62041,2027396532,512
62042,2027428716,512
62043,2027460876,512
62044,2027493105,512
62045,2027525158,512
62046,2027557421,512
62047,2027589495,512
62048,2027621642,512
62050,2027686076,512
62051,2027718135,512
62053,2027785757,512
62054,2027817808,512
62055,2027851957,512
62056,2027886149,512
62057,2027918325,512
62058,2027950558,512
62059,2027982735,512
62060,2028014817,512
62061,2028046888,512
62062,2028078990,512
62063,2028111092,512
62064,2028143418,512
62065,2028175457,512
62066,2028207555,512
62067,2028239735,512
62068,2028271996,512
62069,2028304245,512
62070,2028336755,512
62071,2028368798,512
62072,2028401002,512
62073,2028433120,512
62074,2028466387,512
62075,2028500850,512
62076,2028532983,512
62077,2028565241,512
62078,2028597279,512
62079,2028629498,512
62080,2028661582,512
62081,2028693806,512
62082,2028725900,512
62083,2028758011,512
62084,2028790170,512
62085,2028822325,512
62086,2028854417,512
62087,2028886601,512
62088,2028918760,512
62089,2028950793,512
62090,2028983296,512
62091,2029015722,512
62092,2029047897,512
62093,2029081123,512
62094,2029115861,512
62095,2029148288,512
62096,2029180319,512
62097,2029212385,512
62098,2029244559,512
62099,2029276881,512
62100,2029309009,512
62101,2029341125,512
62102,2029373342,512
62103,2029405350,512
62104,2029437451,512
62105,2029469641,512
62106,2029501930,512
62107,2029534001,512
62108,2029566158,512
62109,2029598369,512
62110,2029630456,512
62111,2029662482,512
62112,2029696772,512
62113,2029730389,512
62114,2029762748,512
62115,2029795152,512
62116,2029827364,512
62117,2029859537,512
62118,2029891690,512
62119,2029923687,512
62120,2029955873,512
62121,2029988045,512
62122,2030020166,512
62123,2030052294,512
62124,2030084338,512
62125,2030116576,512
62126,2030148630,512
62127,2030180809,512
62128,2030212997,512
62129,2030245194,512
62130,2030277267,512
62131,2030312192,512
62132,2030345081,512
62133,2030377261,512
62134,2030409331,512
62135,2030441558,512
62136,2030474053,512
62137,2030506185,512
62138,2030538377,512
62139,2030570489,512
62140,2030602534,512
62141,2030634797,512
62142,2030666969,512
62143,2030699146,512
62144,2030731453,512
62145,2030763559,512
62146,2030795624,512
62147,2030827790,512
62148,2030859887,512
62149,2030892007,512
62150,2030925635,512
62151,2030959642,512
62152,2030991904,512
62153,2031025876,512
62154,2031059805,512
62155,2031092244,512
62156,2031124611,512
62157,2031157097,512
62158,2031189263,512
62159,2031221424,512
62160,2031253492,512
62161,2031285562,512
62162,2031317568,512
62163,2031350072,512
62164,2031382140,512
62165,2031414289,512
62166,2031446471,512
62167,2031478582,512
62168,2031510642,512
62169,2031543278,512
62170,2031575388,512
62171,2031607392,512
62172,2031640629,512
62173,2031674837,512
62174,2031707313,512
62175,2031739397,512
62176,2031771726,512
62177,2031803796,512
62178,2031835850,512
62179,2031868295,512
62180,2031900680,512
62181,2031932733,512
62182,2031964913,512
62183,2031996994,512
62184,2032029237,512
62185,2032061317,512
62186,2032093404,512
62187,2032125621,512
62188,2032157834,512
62189,2032189859,512
62190,2032221916,512
62191,2032255249,512
62192,2032289504,512
62193,2032321619,512
62194,2032353960,512
62195,2032386007,512
62196,2032418109,512
62197,2032450266,512
62198,2032482430,512
62199,2032514597,512
62200,2032547044,512
62201,2032579312,512
62202,2032611467,512
62203,2032643584,512
62204,2032675758,512
62205,2032707863,512
62206,2032739947,512
62207,2032772239,512
62208,2032804389,512
62209,2032836449,512
62210,2032870089,512
62211,2032904176,512
62212,2032936696,512
62213,2032968930,512
62214,2033001300,512
62215,2033033449,512
62216,2033065586,512
62217,2033097614,512
62218,2033129767,512
62219,2033161925,512
62220,2033193944,512
62221,2033226140,512
62222,2033258226,512
62223,2033290447,512
62224,2033322522,512
62225,2033354795,512
62226,2033386885,512
62227,2033418974,512
62228,2033451262,512
62229,2033484764,512
62230,2033518988,512
62231,2033551053,512
62232,2033583343,512
62233,2033615388,512
62234,2033647541,512
62235,2033679609,512
62236,2033711770,512
62237,2033743841,512
62238,2033776259,512
62239,2033808272,512
62240,2033840411,512
62241,2033872894,512
62242,2033905230,512
62243,2033937411,512
62244,2033969536,512
62245,2034001637,512
62246,2034033743,512
62247,2034065797,512
62248,2034098544,512
62249,2034130647,512
62250,2034162793,512
62251,2034194908,512
62252,2034226929,512
62253,2034259126,512
62254,2034291257,512
62255,2034323386,512
62256,2034355396,512
62257,2034387449,512
62258,2034419545,512
62259,2034451656,512
62260,2034483690,512
62261,2034516100,512
62262,2034548240,512
62263,2034580318,512
62264,2034613042,512
62265,2034645071,512
62266,2034677169,512
62267,2034709351,512
62268,2034741353,512
62269,2034773446,512
62270,2034805589,512
62271,2034837730,512
62272,2034869795,512
62273,2034901915,512
62274,2034934038,512
62275,2034966171,512
62276,2034998351,512
62277,2035030448,512
62278,2035062476,512
62279,2035094628,512
62280,2035127460,512
62281,2035159502,512
62282,2035191604,512
62283,2035223733,512
62284,2035255827,512
62285,2035287934,512
62286,2035319939,512
62287,2035351950,512
62288,2035384028,512
62289,2035416177,512
62290,2035448391,512
62291,2035480423,512
62292,2035512506,512
62293,2035544685,512
62294,2035576865,512
62295,2035608990,512
62296,2035640996,512
62297,2035673093,512
62298,2035705278,512
62299,2035738847,512
62300,2035772824,512
62301,2035805027,512
62302,2035838917,512
62303,2035873235,512
62304,2035905333,512
62305,2035937731,512
62306,2035970090,512
62307,2036002263,512
62308,2036034613,512
62309,2036066725,512
62310,2036098839,512
62311,2036131053,512
62312,2036163143,512
62313,2036195345,512
62314,2036227511,512
62315,2036259657,512
62316,2036291769,512
62317,2036323814,512
62318,2036356266,512
62319,2036388340,512
62320,2036420467,512
62321,2036453705,512
62322,2036488080,512
62323,2036520238,512
62324,2036552382,512
62325,2036584479,512
62326,2036616926,512
62327,2036649123,512
62328,2036681426,512
62329,2036713559,512
62330,2036745607,512
62331,2036777629,512
62332,2036809684,512
62333,2036841945,512
62334,2036874194,512
62335,2036906302,512
62336,2036938522,512
62337,2036970607,512
62338,2037002739,512
62339,2037035143,512
62340,2037068295,512
62341,2037102781,512
62342,2037134862,512
62343,2037166989,512
62344,2037199173,512
62345,2037231531,512
62346,2037263622,512
62347,2037295825,512
62348,2037328076,512
62349,2037360340,512
62350,2037392368,512
62351,2037424535,512
62352,2037456663,512
62353,2037488825,512
62354,2037520999,512
62355,2037553047,512
62356,2037585465,512
62357,2037617633,512
62358,2037649786,512
62359,2037683291,512
62360,2037717515,512
62361,2037749515,512
62362,2037781816,512
62363,2037813844,512
62364,2037846217,512
62365,2037878556,512
62366,2037910756,512
62367,2037942946,512
62368,2037975016,512
62369,2038007091,512
62370,2038039431,512
62371,2038071498,512
62372,2038103508,512
62373,2038135647,512
62374,2038167680,512
62375,2038199950,512
62376,2038232070,512
62377,2038264178,512
62378,2038298520,512
62379,2038331998,512
62380,2038364267,512
62381,2038396450,512
62382,2038428559,512
62383,2038460934,512
62384,2038493291,512
62385,2038525400,512
62386,2038557439,512
62387,2038589725,512
62388,2038621790,512
62389,2038653977,512
62390,2038686236,512
62391,2038718252,512
62392,2038750442,512
62393,2038782545,512
62394,2038814543,512
62395,2038846842,512
62396,2038878982,512
62397,2038913459,512
62398,2038946800,512
62399,2038979002,512
62400,2039011026,512
62401,2039043219,512
62402,2039075248,512
62403,2039107422,512
62404,2039139584,512
62405,2039171816,512
62406,2039203843,512
62407,2039236024,512
62408,2039268166,512
62409,2039300289,512
62410,2039332507,512
62411,2039364632,512
62412,2039396767,512
62413,2039429414,512
62414,2039461603,512
62415,2039493734,512
62416,2039527514,512
62417,2039561368,512
62418,2039593607,512
62419,2039627683,512
62420,2039661781,512
62421,2039693914,512
62422,2039726314,512
62423,2039758380,512
62424,2039790539,512
62425,2039822642,512
62426,2039854821,512
62427,2039886978,512
62428,2039919029,512
62429,2039951109,512
62430,2039983296,512
62431,2040015405,512
62432,2040047601,512
62433,2040079752,512
62434,2040111793,512
62435,2040144884,512
62436,2040177049,512
62437,2040209116,512
62438,2040242330,512
62439,2040276634,512
62440,2040308732,512
62441,2040341018,512
62442,2040373372,512
62443,2040405622,512
62444,2040437822,512
62445,2040469991,512
62446,2040502060,512
62447,2040534218,512
62448,2040566373,512
62449,2040598564,512
62450,2040630678,512
62451,2040662801,512
62452,2040695004,512
62453,2040727016,512
62454,2040759419,512
62455,2040791448,512
62456,2040823672,512
62457,2040857057,512
62458,2040891287,512
62459,2040923420,512
62460,2040955605,512
62461,2040987788,512
62462,2041019795,512
62463,2041051998,512
62464,2041084082,512
62465,2041116292,512
62466,2041148311,512
62467,2041180507,512
62468,2041212652,512
62469,2041245005,512
62470,2041277354,512
62471,2041309686,512
62472,2041341858,512
62473,2041374205,512
62474,2041406314,512
62475,2041438404,512
62476,2041471858,512
62477,2041505884,512
62478,2041538092,512
62479,2041570349,512
62480,2041602384,512
62481,2041634832,512
62482,2041667283,512
62483,2041699378,512
62484,2041731510,512
62485,2041763650,512
62486,2041795756,512
62487,2041828012,512
62488,2041860099,512
62489,2041892136,512
62490,2041924152,512
62491,2041956576,512
62492,2041988714,512
62493,2042020908,512
62494,2042053022,512
62495,2042086681,512
62496,2042120871,512
62497,2042153367,512
62498,2042185571,512
62499,2042217626,512
62500,2042249692,512
62501,2042281935,512
62502,2042314076,512
62503,2042346243,512
62504,2042378295,512
62505,2042410619,512
62506,2042442776,512
62507,2042474927,512
62508,2042507010,512
62509,2042539190,512
62510,2042571327,512
62511,2042603415,512
62512,2042635509,512
62513,2042667544,512
62514,2042701738,512
62515,2042735515,512
62516,2042767555,512
62517,2042799698,512
62518,2042831886,512
62519,2042864020,512
62520,2042896124,512
62521,2042928289,512
62522,2042960334,512
62523,2042992427,512
62524,2043024572,512
62525,2043056763,512
62526,2043088993,512
62527,2043121472,512
62528,2043153699,512
62529,2043185873,512
62530,2043217994,512
62531,2043250240,512
62532,2043282290,512
62533,2043316389,512
62534,2043349656,512
62535,2043382281,512
62536,2043414329,512
62537,2043446590,512
62538,2043478594,512
62539,2043511120,512
62540,2043543131,512
62541,2043575298,512
62542,2043607674,512
62543,2043639856,512
62544,2043672076,512
62545,2043704162,512
62546,2043736313,512
62547,2043768356,512
62548,2043800465,512
62549,2043832937,512
62550,2043865037,512
62551,2043897163,512
62552,2043930619,512
62553,2043964955,512
62554,2043996985,512
62555,2044031074,512
62556,2044065235,512
62557,2044097333,512
62558,2044129714,512
62559,2044162226,512
62560,2044194387,512
62561,2044226406,512
62562,2044258639,512
62563,2044290687,512
62564,2044322813,512
62565,2044355066,512
62566,2044387250,512
62567,2044419393,512
62568,2044451536,512
62569,2044483545,512
62570,2044515826,512
62571,2044548027,512
62572,2044580092,512
62573,2044612187,512
62574,2044645744,512
62575,2044679852,512
62576,2044711986,512
62577,2044744436,512
62578,2044776852,512
62579,2044809048,512
62580,2044841190,512
62581,2044873230,512
62582,2044905319,512
62583,2044937398,512
62584,2044969738,512
62585,2045001887,512
62586,2045034030,512
62587,2045066455,512
62588,2045098528,512
62589,2045130726,512
62590,2045163148,512
62591,2045195255,512
62592,2045227268,512
62593,2045260178,512
62594,2045294588,512
62595,2045326725,512
62596,2045359029,512
62597,2045391196,512
62598,2045423250,512
62599,2045455313,512
62600,2045487526,512
62601,2045519532,512
62602,2045551723,512
62603,2045583967,512
62604,2045615979,512
62605,2045648516,512
62606,2045680777,512
62607,2045713065,512
62608,2045745265,512
62609,2045777534,512
62610,2045809542,512
62611,2045841738,512
62612,2045875439,512
62613,2045909412,512
62614,2045941507,512
62615,2045973806,512
62616,2046005828,512
62617,2046037947,512
62618,2046070111,512
62619,2046102499,512
62620,2046134807,512
62621,2046166935,512
62622,2046199085,512
62623,2046231222,512
62624,2046263240,512
62625,2046295697,512
62626,2046327716,512
62627,2046359875,512
62628,2046392038,512
62629,2046424084,512
62630,2046456370,512
62631,2046490471,512
62632,2046523694,512
62633,2046556158,512
62634,2046588422,512
62635,2046620458,512
62636,2046652475,512
62637,2046684750,512
62638,2046716999,512
62639,2046749409,512
62640,2046781658,512
62641,2046813727,512
62642,2046846012,512
62643,2046878177,512
62644,2046910353,512
62645,2046942396,512
62646,2046974548,512
62647,2047006653,512
62648,2047038936,512
62649,2047071124,512
62650,2047105101,512
62651,2047138747,512
62652,2047170824,512
62653,2047202920,512
62654,2047235050,512
62655,2047267515,512
62656,2047299943,512
62657,2047332007,512
62658,2047364084,512
62659,2047396364,512
62660,2047428573,512
62661,2047460673,512
62662,2047492873,512
62663,2047525007,512
62664,2047557128,512
62665,2047589359,512
62666,2047621483,512
62667,2047653683,512
62668,2047685756,512
62669,2047719485,512
62670,2047753961,512
62671,2047786158,512
62672,2047819568,512
62673,2047853782,512
62674,2047886060,512
62675,2047918271,512
62676,2047950412,512
62677,2047982519,512
62678,2048015845,512
62679,2048047862,512
62680,2048079903,512
62681,2048111914,512
62682,2048143947,512
62683,2048176042,512
62684,2048208048,512
62685,2048240178,512
62686,2048272170,512
62687,2048304284,512
62688,2048337076,512
62689,2048369110,512
62690,2048401221,512
62691,2048436431,512
62692,2048468461,512
62693,2048500584,512
62694,2048532902,512
62695,2048565191,512
62696,2048597654,512
62697,2048629848,512
62698,2048661937,512
62699,2048693969,512
62700,2048726182,512
62701,2048758226,512
62702,2048790357,512
62703,2048822552,512
62704,2048854620,512
62705,2048886765,512
62706,2048918928,512
62707,2048951466,512
62708,2048983545,512
62709,2049015570,512
62710,2049050179,512
62711,2049083707,512
62712,2049115882,512
62713,2049148142,512
62714,2049180187,512
62715,2049212350,512
62716,2049244478,512
62717,2049276572,512
62718,2049308742,512
62719,2049340978,512
62720,2049373058,512
62721,2049405177,512
62722,2049437326,512
62723,2049471380,512
62724,2049505413,512
62725,2049537767,512
62726,2049569989,512
62727,2049602091,512
62728,2049634195,512
62729,2049667384,512
62730,2049701726,512
62731,2049734166,512
62732,2049767623,512
62733,2049799804,512
62734,2049834497,512
62735,2049868716,512
62736,2049902831,512
62737,2049935009,512
62738,2049967367,512
62739,2049999435,512
62740,2050031793,512
62741,2050063979,512
62742,2050096190,512
62743,2050128477,512
62744,2050160630,512
62745,2050192691,512
62746,2050224912,512
62747,2050257002,512
62748,2050289124,512
62749,2050321202,512
62750,2050353435,512
62751,2050385568,512
62752,2050417656,512
62753,2050449773,512
62754,2050484021,512
62755,2050517585,512
62756,2050549756,512
62757,2050582092,512
62758,2050614424,512
62759,2050646677,512
62760,2050678830,512
62761,2050710846,512
62762,2050743002,512
62763,2050775137,512
62764,2050807233,512
62765,2050839509,512
62766,2050871529,512
62767,2050903674,512
62768,2050936050,512
62769,2050968115,512
62770,2051000399,512
62771,2051032447,512
62772,2051064494,512
62773,2051098689,512
62774,2051132620,512
62775,2051164947,512
62776,2051197104,512
62777,2051229288,512
62778,2051261413,512
62779,2051293544,512
62780,2051325688,512
62781,2051357744,512
62782,2051389916,512
62783,2051421983,512
62784,2051454116,512
62785,2051486261,512
62786,2051518434,512
62787,2051550583,512
62788,2051582610,512
62789,2051614896,512
62790,2051646968,512
62791,2051679086,512
62792,2051713411,512
62793,2051746968,512
62794,2051779086,512
62795,2051811135,512
62796,2051843571,512
62797,2051875821,512
62798,2051908082,512
62799,2051940312,512
62800,2051972532,512
62801,2052004682,512
62802,2052036778,512
62803,2052069062,512
62804,2052101201,512
62805,2052133239,512
62806,2052165319,512
62807,2052197509,512
62808,2052229546,512
62809,2052261740,512
62810,2052293804,512
62811,2052327530,512
62812,2052361760,512
62813,2052393769,512
62814,2052427826,512
62815,2052462182,512
62816,2052494255,512
62817,2052526485,512
62818,2052558910,512
62819,2052591205,512
62820,2052623414,512
62821,2052655531,512
62822,2052687670,512
62823,2052719866,512
62824,2052751941,512
62825,2052784140,512
62826,2052816195,512
62827,2052848366,512
62828,2052880545,512
62829,2052912727,512
62830,2052945235,512
62831,2052977273,512
62832,2053009464,512
62833,2053041528,512
62834,2053073567,512
62835,2053105732,512
62836,2053137989,512
62837,2053170086,512
62838,2053202265,512
62839,2053234418,512
62840,2053266567,512
62841,2053298647,512
62842,2053330794,512
62843,2053362802,512
62844,2053394974,512
62845,2053427052,512
62846,2053459338,512
62847,2053491503,512
62848,2053523610,512
62849,2053556168,512
62850,2053588256,512
62851,2053620352,512
62852,2053652354,512
62853,2053684354,512
62854,2053716552,512
62855,2053748662,512
62856,2053780805,512
62857,2053812861,512
62858,2053844965,512
62859,2053876982,512
62860,2053909112,512
62861,2053941174,512
62862,2053973263,512
62863,2054005349,512
62864,2054037680,512
62865,2054070327,512
62866,2054102480,512
62867,2054134540,512
62868,2054166566,512
62869,2054198683,512
62870,2054230679,512
62871,2054262775,512
62872,2054294911,512
62873,2054327031,512
62874,2054359192,512
62875,2054391289,512
62876,2054423486,512
62877,2054455565,512
62878,2054487728,512
62879,2054519849,512
62880,2054552042,512
62881,2054584185,512
62882,2054616218,512
62883,2054648260,512
62884,2054682380,512
62885,2054716083,512
62886,2054748108,512
62887,2054780444,512
62888,2054812792,512
62889,2054845014,512
62890,2054877110,512
62891,2054909230,512
62892,2054941494,512
62893,2054973688,512
62894,2055005685,512
62895,2055037869,512
62896,2055070017,512
62897,2055102033,512
62898,2055134344,512
62899,2055166473,512
62900,2055198694,512
62901,2055230724,512
62902,2055262772,512
62903,2055297220,512
62904,2055330782,512
62905,2055363065,512
62906,2055396994,512
62907,2055431219,512
62908,2055463295,512
62909,2055495658,512
62910,2055528219,512
62911,2055560351,512
62912,2055592433,512
62913,2055624628,512
62914,2055656643,512
62915,2055688949,512
62916,2055721058,512
62917,2055753226,512
62918,2055785255,512
62919,2055817378,512
62920,2055849441,512
62921,2055881669,512
62922,2055915017,512
62923,2055949386,512
62924,2055981499,512
62925,2056015375,512
62926,2056049957,512
62927,2056082349,512
62928,2056116127,512
62929,2056150222,512
62930,2056182388,512
62931,2056216460,512
62932,2056250718,512
62933,2056282810,512
62934,2056315152,512
62935,2056347189,512
62936,2056379240,512
62937,2056411334,512
62938,2056443550,512
62939,2056475970,512
62940,2056508423,512
62941,2056540555,512
62942,2056572662,512
62943,2056604699,512
62944,2056637073,512
62945,2056669111,512
62946,2056701192,512
62947,2056733565,512
62948,2056765829,512
62949,2056797923,512
62950,2056831257,512
62951,2056865673,512
62952,2056898124,512
62953,2056930314,512
62954,2056962326,512
62955,2056994586,512
62956,2057026736,512
62957,2057058845,512
62958,2057090978,512
62959,2057123077,512
62960,2057155194,512
62961,2057187278,512
62962,2057219482,512
62963,2057251662,512
62964,2057283792,512
62965,2057315808,512
62966,2057348471,512
62967,2057380497,512
62968,2057412510,512
62969,2057445851,512
62970,2057480219,512
62971,2057512329,512
62972,2057544527,512
62973,2057576975,512
62974,2057609288,512
62975,2057641376,512
62976,2057673513,512
62977,2057705705,512
62978,2057737705,512
62979,2057769837,512
62980,2057801858,512
62981,2057834281,512
62982,2057866461,512
62983,2057898638,512
62984,2057930741,512
62985,2057963153,512
62986,2057995170,512
62987,2058027316,512
62988,2058060673,512
62989,2058094906,512
62990,2058126987,512
62991,2058159176,512
62992,2058191197,512
62993,2058223354,512
62994,2058256137,512
62995,2058288235,512
62996,2058320437,512
62997,2058352521,512
62998,2058384578,512
62999,2058416716,512
63000,2058448779,512
63001,2058481073,512
63002,2058513086,512
63003,2058545254,512
63004,2058577417,512
63005,2058609456,512
63006,2058641627,512
63007,2058674666,512
63008,2058706720,512
63009,2058738778,512
63010,2058770933,512
63011,2058803026,512
63012,2058835126,512
63013,2058867192,512
63014,2058899381,512
63015,2058931538,512
63016,2058963632,512
63017,2058995680,512
63018,2059027827,512
63019,2059059828,512
63020,2059092020,512
63021,2059124189,512
63022,2059156376,512
63023,2059188902,512
63024,2059220998,512
63025,2059253172,512
63026,2059285263,512
63027,2059317388,512
63028,2059349426,512
63029,2059381553,512
63030,2059413644,512
63031,2059445825,512
63032,2059478004,512
63033,2059510075,512
63034,2059542106,512
63035,2059574263,512
63036,2059606409,512
63037,2059638526,512
63038,2059670571,512
63039,2059703498,512
63040,2059737923,512
63041,2059770350,512
63042,2059804121,512
63043,2059838265,512
63044,2059870678,512
63045,2059905046,512
63046,2059938953,512
63047,2059971058,512
63048,2060003328,512
63049,2060035611,512
63050,2060067678,512
63051,2060100077,512
63052,2060132400,512
63053,2060164423,512
63054,2060196513,512
63055,2060228529,512
63056,2060260798,512
63057,2060293200,512
63058,2060325220,512
63059,2060357278,512
63060,2060389324,512
63061,2060421624,512
63062,2060453696,512
63063,2060485768,512
63064,2060519428,512
63065,2060553309,512
63066,2060585748,512
63067,2060619795,512
63068,2060653850,512
63069,2060686284,512
63070,2060718332,512
63071,2060750342,512
63072,2060782536,512
63073,2060814735,512
63074,2060846871,512
63075,2060879199,512
63076,2060911738,512
63077,2060943846,512
63078,2060975879,512
63079,2061007969,512
63080,2061040355,512
63081,2061072392,512
63082,2061104542,512
63083,2061136992,512
63084,2061169076,512
63085,2061201290,512
63086,2061234716,512
63087,2061268756,512
63088,2061300937,512
63089,2061333168,512
63090,2061365316,512
63091,2061397683,512
63092,2061429730,512
63093,2061461745,512
63094,2061493846,512
63095,2061526253,512
63096,2061558593,512
63097,2061590681,512
63098,2061622882,512
63099,2061655360,512
63100,2061687426,512
63101,2061719504,512
63102,2061751789,512
63103,2061783931,512
63104,2061816034,512
63105,2061849478,512
63106,2061883586,512
63107,2061916014,512
63108,2061948311,512
63109,2061980366,512
63110,2062012474,512
63111,2062044679,512
63112,2062076780,512
63113,2062108952,512
63114,2062141364,512
63115,2062173416,512
63116,2062205536,512
63117,2062237642,512
63118,2062269761,512
63119,2062301917,512
63120,2062334138,512
63121,2062366155,512
63122,2062398243,512
63123,2062430282,512
63124,2062464522,512
63125,2062498140,512
63126,2062530372,512
63127,2062562771,512
63128,2062595157,512
63129,2062627200,512
63130,2062659252,512
63131,2062691630,512
63132,2062723838,512
63133,2062756002,512
63134,2062788118,512
63135,2062820203,512
63136,2062852404,512
63137,2062884432,512
63138,2062916508,512
63139,2062948668,512
63140,2062980816,512
63141,2063012968,512
63142,2063044981,512
63143,2063079219,512
63144,2063113187,512
63145,2063145423,512
63146,2063177787,512
63147,2063209785,512
63148,2063241804,512
63149,2063273823,512
63150,2063305848,512
63151,2063338120,512
63152,2063370392,512
63153,2063402710,512
63154,2063434772,512
63155,2063467039,512
63156,2063499226,512
63157,2063531594,512
63158,2063563600,512
63159,2063595617,512
63160,2063627618,512
63161,2063659817,512
63162,2063693707,512
63163,2063727931,512
63164,2063760293,512
63165,2063793880,512
63166,2063827701,512
63167,2063860052,512
63168,2063892392,512
63169,2063924477,512
63170,2063956570,512
63171,2063988731,512
63172,2064021027,512
63173,2064053418,512
63174,2064085521,512
63175,2064117880,512
63176,2064149937,512
63177,2064182137,512
63178,2064214290,512
63179,2064246412,512
63180,2064278745,512
63181,2064311318,512
63182,2064343358,512
63183,2064375515,512
63184,2064408279,512
63185,2064442777,512
63186,2064474908,512
63187,2064507083,512
63188,2064539455,512
63189,2064571684,512
63190,2064603813,512
63191,2064636161,512
63192,2064668313,512
63193,2064700322,512
63194,2064732418,512
63195,2064764436,512
63196,2064796810,512
63197,2064829000,512
63198,2064861184,512
63199,2064893279,512
63200,2064925615,512
63201,2064957783,512
63202,2064989886,512
63203,2065023186,512
63204,2065056948,512
63205,2065089631,512
63206,2065122189,512
63207,2065154408,512
63208,2065186707,512
63209,2065218764,512
63210,2065250882,512
63211,2065283044,512
63212,2065315221,512
63213,2065347388,512
63214,2065379464,512
63215,2065411648,512
63216,2065443689,512
63217,2065475733,512
63218,2065507951,512
63219,2065540834,512
63220,2065573035,512
63221,2065605028,512
63222,2065637150,512
63223,2065669253,512
63224,2065701321,512
63225,2065733417,512
63226,2065765445,512
63227,2065797538,512
63228,2065829572,512
63229,2065861575,512
63230,2065893728,512
63231,2065925888,512
63232,2065957931,512
63233,2065990153,512
63234,2066022286,512
63235,2066054501,512
63236,2066086541,512
63237,2066118623,512
63238,2066151501,512
63239,2066183678,512
63240,2066215801,512
63241,2066247967,512
63242,2066280079,512
63243,2066312242,512
63244,2066344321,512
63245,2066376387,512
63246,2066408461,512
63247,2066440632,512
63248,2066472736,512
63249,2066504914,512
63250,2066537032,512
63251,2066569181,512
63252,2066601370,512
63253,2066633523,512
63254,2066668601,512
63255,2066700789,512
63256,2066732928,512
63257,2066765737,512
63258,2066797749,512
63259,2066829867,512
63260,2066862031,512
63261,2066894145,512
63262,2066926259,512
63263,2066958544,512
63264,2066990604,512
63265,2067022776,512
63266,2067054801,512
63267,2067087278,512
63268,2067120112,512
63269,2067154563,512
63270,2067186694,512
63271,2067218986,512
63272,2067251114,512
63273,2067283916,512
63274,2067316092,512
63275,2067348176,512
63276,2067380448,512
63277,2067412604,512
63278,2067444666,512
63279,2067477693,512
63280,2067512099,512
63281,2067544367,512
63282,2067576930,512
63283,2067608933,512
63284,2067641113,512
63285,2067673365,512
63286,2067705526,512
63287,2067737551,512
63288,2067769830,512
63289,2067801997,512
63290,2067834245,512
63291,2067866361,512
63292,2067898493,512
63293,2067930557,512
63294,2067962779,512
63295,2067995863,512
63296,2068030421,512
63297,2068062584,512
63298,2068096611,512
63299,2068130973,512
63300,2068163032,512
63301,2068197122,512
63302,2068231169,512
63303,2068263366,512
63304,2068295719,512
63305,2068327838,512
63306,2068359890,512
63307,2068392025,512
63308,2068424281,512
63309,2068456354,512
63310,2068488550,512
63311,2068520607,512
63312,2068552833,512
63313,2068584906,512
63314,2068617223,512
63315,2068649525,512
63316,2068681695,512
63317,2068714293,512
63318,2068746439,512
63319,2068778560,512
63320,2068811433,512
63321,2068846084,512
63322,2068878187,512
63323,2068910405,512
63324,2068942534,512
63325,2068974696,512
63326,2069007135,512
63327,2069039361,512
63328,2069071564,512
63329,2069103567,512
63330,2069135793,512
63331,2069168104,512
63332,2069200267,512
63333,2069232318,512
63334,2069264320,512
63335,2069296610,512
63336,2069329060,512
63337,2069361157,512
63338,2069393358,512
63339,2069426108,512
63340,2069460958,512
63341,2069493370,512
63342,2069525512,512
63343,2069557552,512
63344,2069589757,512
63345,2069621887,512
63346,2069653930,512
63347,2069686077,512
63348,2069718437,512
63349,2069750651,512
63350,2069782793,512
63351,2069814928,512
63352,2069846943,512
63353,2069879110,512
63354,2069911179,512
63355,2069943305,512
63356,2069975557,512
63357,2070007679,512
63358,2070041295,512
63359,2070075547,512
63360,2070107875,512
63361,2070139886,512
63362,2070172230,512
63363,2070204600,512
63364,2070236673,512
63365,2070268821,512
63366,2070301038,512
63367,2070333125,512
63368,2070365198,512
63369,2070397404,512
63370,2070429425,512
63371,2070461573,512
63372,2070493740,512
63373,2070525826,512
63374,2070558225,512
63375,2070590384,512
63376,2070622475,512
63377,2070656644,512
63378,2070690064,512
63379,2070722261,512
63380,2070754607,512
63381,2070786647,512
63382,2070818786,512
63383,2070850862,512
63384,2070882916,512
63385,2070915143,512
63386,2070947305,512
63387,2070979321,512
63388,2071011524,512
63389,2071043690,512
63390,2071075930,512
63391,2071108217,512
63392,2071140266,512
63393,2071172301,512
63394,2071204356,512
63395,2071236467,512
63396,2071271226,512
63397,2071304373,512
63398,2071337055,512
63399,2071369260,512
63400,2071401439,512
63401,2071433851,512
63402,2071465987,512
63403,2071498086,512
63404,2071530364,512
63405,2071562491,512
63406,2071594646,512
63407,2071626987,512
63408,2071659097,512
63409,2071691158,512
63410,2071723226,512
63411,2071755377,512
63412,2071787547,512
63413,2071819591,512
63414,2071851690,512
63415,2071885877,512
63416,2071919494,512
63417,2071951645,512
63418,2071985725,512
63419,2072020072,512
63420,2072052161,512
63421,2072084494,512
63422,2072116756,512
63423,2072149007,512
63424,2072181141,512
63425,2072213372,512
63426,2072245466,512
63427,2072277588,512
63428,2072309746,512
63429,2072341898,512
63430,2072374054,512
63431,2072406060,512
63432,2072438280,512
63433,2072470480,512
63434,2072503398,512
63435,2072535492,512
63436,2072567663,512
63437,2072600007,512
63438,2072634685,512
63439,2072667018,512
63440,2072699083,512
63441,2072731162,512
63442,2072763166,512
63443,2072795440,512
63444,2072827607,512
63445,2072859732,512
63446,2072891857,512
63447,2072924052,512
63448,2072956492,512
63449,2072988872,512
63450,2073020942,512
63451,2073053067,512
63452,2073085153,512
63453,2073117915,512
63454,2073150047,512
63455,2073182168,512
63456,2073214304,512
63457,2073246323,512
63458,2073278456,512
63459,2073310564,512
63460,2073342699,512
63461,2073374726,512
63462,2073406787,512
63463,2073438895,512
63464,2073470987,512
63465,2073503005,512
63466,2073535230,512
63467,2073567326,512
63468,2073599550,512
63469,2073631693,512
63470,2073663805,512
63471,2073695951,512
63472,2073728662,512
63473,2073760827,512
63474,2073792833,512
63475,2073824874,512
63476,2073856893,512
63477,2073889085,512
63478,2073921138,512
63479,2073953314,512
63480,2073985371,512
63481,2074017376,512
63482,2074049396,512
63483,2074081521,512
63484,2074113625,512
63485,2074145879,512
63486,2074178085,512
63487,2074210300,512
63488,2074242950,512
63489,2074275089,512
63490,2074307287,512
63491,2074339299,512
63492,2074371353,512
63493,2074403464,512
63494,2074435464,512
63495,2074467640,512
63496,2074499656,512
63497,2074531693,512
63498,2074563834,512
63499,2074596014,512
63500,2074628112,512
63501,2074660275,512
63502,2074692387,512
63503,2074724503,512
63504,2074756716,512
63505,2074788809,512
63506,2074820967,512
63507,2074855020,512
63508,2074888591,512
63509,2074920782,512
63510,2074953059,512
63511,2074985177,512
63512,2075017558,512
63513,2075049639,512
63514,2075081761,512
63515,2075114159,512
63516,2075146285,512
63517,2075178476,512
63518,2075210515,512
63519,2075242635,512
63520,2075274638,512
63521,2075306884,512
63522,2075338901,512
63523,2075371167,512
63524,2075403311,512
63525,2075435423,512
63526,2075469609,512
63527,2075503260,512
63528,2075535346,512
63529,2075567758,512
63530,2075600138,512
63531,2075632466,512
63532,2075664606,512
63533,2075696785,512
63534,2075728817,512
63535,2075760898,512
63536,2075793081,512
63537,2075825179,512
63538,2075857190,512
63539,2075889274,512
63540,2075921606,512
63541,2075953650,512
63542,2075986058,512
63543,2076018180,512
63544,2076050293,512
63545,2076084220,512
63546,2076118001,512
63547,2076150137,512
63548,2076183780,512
63549,2076218394,512
63550,2076250565,512
63551,2076282743,512
63552,2076314748,512
63553,2076347199,512
63554,2076379372,512
63555,2076411451,512
63556,2076443782,512
63557,2076475989,512
63558,2076508234,512
63559,2076540419,512
63560,2076572433,512
63561,2076604493,512
63562,2076636687,512
63563,2076668918,512
63564,2076701630,512
63565,2076733773,512
63566,2076765803,512
63567,2076797818,512
63568,2076829986,512
63569,2076862036,512
63570,2076894165,512
63571,2076926194,512
63572,2076958376,512
63573,2076990409,512
63574,2077022453,512
63575,2077054898,512
63576,2077086985,512
63577,2077119169,512
63578,2077151300,512
63579,2077183388,512
63580,2077215752,512
63581,2077247781,512
63582,2077279922,512
63583,2077313466,512
63584,2077346982,512
63585,2077379483,512
63586,2077413528,512
63587,2077447785,512
63588,2077479899,512
63589,2077512189,512
63590,2077544512,512
63591,2077576844,512
63592,2077609201,512
63593,2077641226,512
63594,2077673306,512
63595,2077705493,512
63596,2077737773,512
63597,2077769880,512
63598,2077801929,512
63599,2077834031,512
63600,2077866106,512
63601,2077898471,512
63602,2077930881,512
63603,2077962981,512
63604,2077995122,512
63605,2078028326,512
63606,2078062490,512
63607,2078094710,512
63608,2078126980,512
63609,2078159345,512
63610,2078191650,512
63611,2078223683,512
63612,2078255836,512
63613,2078287947,512
63614,2078320226,512
63615,2078352257,512
63616,2078384395,512
63617,2078416504,512
63618,2078448669,512
63619,2078480809,512
63620,2078513034,512
63621,2078545115,512
63622,2078577202,512
63623,2078609257,512
63624,2078643293,512
63625,2078677218,512
63626,2078709270,512
63627,2078741607,512
63628,2078773918,512
63629,2078806187,512
63630,2078838398,512
63631,2078870656,512
63632,2078902770,512
63633,2078935242,512
63634,2078967423,512
63635,2078999499,512
63636,2079031596,512
63637,2079063746,512
63638,2079095932,512
63639,2079127950,512
63640,2079160154,512
63641,2079192280,512
63642,2079224297,512
63643,2079258306,512
63644,2079291714,512
63645,2079324109,512
63646,2079356239,512
63647,2079388773,512
63648,2079420994,512
63649,2079453117,512
63650,2079485267,512
63651,2079517517,512
63652,2079549543,512
63653,2079581839,512
63654,2079613936,512
63655,2079645934,512
63656,2079677998,512
63657,2079710221,512
63658,2079742480,512
63659,2079774618,512
63660,2079806820,512
63661,2079838950,512
63662,2079872854,512
63663,2079906550,512
63664,2079938741,512
63665,2079970923,512
63666,2080002999,512
63667,2080035187,512
63668,2080067399,512
63669,2080099439,512
63670,2080131585,512
63671,2080163735,512
63672,2080195869,512
63673,2080227962,512
63674,2080260076,512
63675,2080292294,512
63676,2080324443,512
63677,2080356525,512
63678,2080389340,512
63679,2080421511,512
63680,2080453557,512
63681,2080486831,512
63682,2080521262,512
63683,2080553356,512
63684,2080587452,512
63685,2080621763,512
63686,2080654011,512
63687,2080686052,512
63688,2080718174,512
63689,2080750400,512
63690,2080782884,512
63691,2080815094,512
63692,2080847226,512
63693,2080879304,512
63694,2080911468,512
63695,2080943532,512
63696,2080975754,512
63697,2081008022,512
63698,2081040143,512
63699,2081072184,512
63700,2081104912,512
63701,2081137093,512
63702,2081169148,512
63703,2081202346,512
63704,2081236364,512
63705,2081268575,512
63706,2081300979,512
63707,2081333504,512
63708,2081365675,512
63709,2081397717,512
63710,2081429832,512
63711,2081461931,512
63712,2081494084,512
63713,2081526185,512
63714,2081558433,512
63715,2081590618,512
63716,2081622716,512
63717,2081654804,512
63718,2081687017,512
63719,2081719143,512
63720,2081751316,512
63721,2081783485,512
63722,2081816988,512
63723,2081851201,512
63724,2081883220,512
63725,2081915225,512
63726,2081947890,512
63727,2081980242,512
63728,2082012333,512
63729,2082044443,512
63730,2082076836,512
63731,2082108955,512
63732,2082141161,512
63733,2082173161,512
63734,2082205328,512
63735,2082237352,512
63736,2082269663,512
63737,2082301825,512
63738,2082334135,512
63739,2082366338,512
63740,2082398436,512
63741,2082431672,512
63742,2082465827,512
63743,2082497983,512
63744,2082530312,512
63745,2082562629,512
63746,2082594834,512
63747,2082626989,512
63748,2082659219,512
63749,2082691410,512
63750,2082723605,512
63751,2082755622,512
63752,2082787797,512
63753,2082819988,512
63754,2082852074,512
63755,2082884118,512
63756,2082916263,512
63757,2082949039,512
63758,2082981118,512
63759,2083013295,512
63760,2083046970,512
63761,2083080253,512
63762,2083112624,512
63763,2083144940,512
63764,2083177319,512
63765,2083209673,512
63766,2083241672,512
