seq,timestamp_us,sample_count
3609,118342461,512
3610,118374620,512
3611,118407378,512
3612,118441405,512
3613,118473449,512
3614,118505610,512
3615,118537748,512
3616,118569801,512
3617,118601973,512
3618,118634160,512
3619,118666217,512
3620,118698238,512
3621,118730398,512
3622,118765103,512
3623,118797496,512
3624,118829519,512
3625,118861716,512
3626,118893827,512
3627,118926053,512
3628,118958131,512
3629,118992857,512
3630,119025018,512
3631,119057048,512
3632,119089115,512
3633,119122680,512
3634,119156390,512
3635,119188456,512
3636,119220672,512
3637,119252997,512
3638,119285040,512
3639,119317119,512
3640,119349221,512
3641,119381347,512
3642,119413459,512
3643,119445477,512
3644,119479979,512
3645,119512168,512
3646,119544310,512
3647,119576524,512
3648,119608638,512
3649,119640661,512
3650,119672786,512
3651,119704899,512
3652,119738378,512
3653,119771873,512
3654,119804190,512
3655,119836252,512
3656,119868307,512
3657,119900379,512
3658,119932465,512
3659,119964660,512
3660,119996839,512
3661,120031486,512
3662,120063545,512
3663,120096010,512
3664,120128013,512
3665,120160021,512
3666,120192179,512
3667,120224231,512
3668,120256421,512
3669,120288611,512
3670,120323201,512
3671,120356190,512
3672,120388248,512
3673,120420316,512
3674,120453025,512
3675,120487038,512
3676,120519181,512
3677,120551423,512
3678,120583487,512
3679,120615644,512
3680,120647696,512
3681,120679696,512
3682,120711732,512
3683,120743733,512
3684,120775922,512
3685,120807932,512
3686,120842593,512
3687,120874718,512
3688,120907137,512
3689,120939176,512
3690,120971350,512
3691,121003458,512
3692,121035488,512
3693,121068173,512
3694,121102281,512
3695,121134770,512
3696,121166821,512
3697,121198938,512
3698,121231096,512
3699,121263230,512
3700,121295356,512
3701,121330067,512
3702,121362461,512
3703,121394525,512
3704,121426700,512
3705,121458883,512
3706,121491082,512
3707,121525740,512
3708,121558066,512
3709,121590170,512
3710,121622173,512
3711,121654260,512
3712,121686965,512
3713,121721668,512
3714,121753984,512
3715,121786525,512
3716,121818605,512
3717,121850622,512
3718,121882657,512
3719,121917304,512
3720,121949462,512
3721,121981716,512
3722,122013897,512
3723,122045986,512
3724,122078035,512
3725,122110056,512
3726,122142187,512
3727,122174248,512
3728,122206289,512
3729,122240956,512
3730,122273249,512
3731,122305343,512
3732,122337376,512
3733,122369519,512
3734,122402196,512
3735,122436815,512
3736,122469287,512
3737,122503083,512
3738,122536533,512
3739,122568664,512
3740,122600693,512
3741,122632870,512
3742,122664926,512
3743,122697026,512
3744,122729193,512
3745,122761200,512
3746,122793347,512
3747,122825467,512
3748,122860128,512
3749,122892179,512
3750,122924580,512
3751,122956650,512
3752,122988724,512
3753,123020917,512
3754,123052969,512
3755,123085121,512
3756,123117660,512
3757,123151820,512
3758,123183922,512
3759,123216400,512
3760,123248489,512
3761,123280613,512
3762,123312679,512
3763,123344838,512
3764,123376951,512
3765,123411571,512
3766,123443664,512
3767,123475935,512
3768,123508011,512
3769,123540040,512
3770,123572119,512
3771,123604200,512
3772,123636373,512
3773,123668447,512
3774,123700497,512
3775,123735156,512
3776,123767530,512
3777,123799602,512
3778,123833220,512
3779,123867126,512
3780,123899418,512
3781,123931489,512
3782,123963545,512
3783,123995602,512
3784,124027775,512
3785,124059884,512
3786,124091978,512
3787,124126694,512
3788,124158785,512
3789,124191120,512
3790,124223220,512
3791,124255313,512
3792,124287326,512
3793,124319431,512
3794,124351555,512
3795,124383630,512
3796,124418376,512
3797,124451955,512
3798,124486341,512
3799,124518673,512
3800,124551402,512
3801,124583516,512
3802,124618233,512
3803,124651769,512
3804,124685997,512
3805,124718193,512
3806,124750554,512
3807,124782732,512
3808,124814860,512
3809,124846889,512
3810,124879000,512
3811,124911095,512
3812,124945714,512
3813,124977714,512
3814,125010117,512
3815,125042279,512
3816,125074438,512
3817,125106474,512
3818,125138494,512
3819,125170645,512
3820,125202710,512
3821,125237406,512
3822,125270910,512
3823,125305440,512
3824,125337758,512
3825,125370561,512
3826,125405483,512
3827,125437760,512
3828,125470514,512
3829,125505566,512
3830,125537694,512
3831,125569729,512
3832,125601880,512
3833,125633983,512
3834,125666189,512
3835,125700918,512
3836,125733271,512
3837,125765295,512
3838,125797395,512
3839,125829516,512
3840,125861657,512
3841,125893690,512
3842,125925736,512
3843,125957929,512
3844,125992511,512
3845,126024578,512
3846,126056833,512
3847,126090025,512
3848,126124518,512
3849,126156817,512
3850,126189794,512
3851,126224384,512
3852,126256757,512
3853,126290168,512
3854,126324269,512
3855,126356650,512
3856,126388787,512
3857,126420971,512
3858,126453098,512
3859,126485182,512
3860,126517317,512
3861,126551790,512
3862,126584199,512
3863,126616274,512
3864,126648313,512
3865,126680357,512
3866,126712494,512
3867,126744537,512
3868,126776634,512
3869,126808789,512
3870,126840908,512
3871,126875449,512
3872,126908890,512
3873,126943385,512
3874,126975466,512
3875,127008895,512
3876,127043306,512
3877,127075364,512
3878,127108673,512
3879,127143327,512
3880,127175644,512
3881,127207858,512
3882,127239922,512
3883,127271978,512
3884,127304058,512
3885,127336175,512
3886,127368313,512
3887,127402861,512
3888,127435198,512
3889,127467299,512
3890,127499368,512
3891,127531379,512
3892,127563575,512
3893,127595586,512
3894,127627706,512
3895,127659871,512
3896,127691922,512
3897,127725083,512
3898,127758891,512
3899,127791080,512
3900,127823217,512
3901,127855412,512
3902,127887432,512
3903,127919596,512
3904,127951627,512
3905,127986223,512
3906,128018693,512
3907,128051003,512
3908,128083143,512
3909,128115258,512
3910,128147353,512
3911,128182002,512
3912,128214477,512
3913,128246656,512
3914,128278797,512
3915,128310884,512
3916,128343250,512
3917,128377681,512
3918,128410022,512
3919,128442760,512
3920,128474856,512
3921,128506898,512
3922,128538954,512
3923,128573449,512
3924,128605594,512
3925,128638459,512
3926,128670496,512
3927,128702645,512
3928,128734675,512
3929,128769348,512
3930,128801642,512
3931,128833762,512
3932,128865856,512
3933,128898024,512
3934,128930103,512
3935,128962268,512
3936,128994379,512
3937,129026388,512
3938,129058500,512
3939,129092907,512
3940,129124955,512
3941,129159369,512
3942,129192922,512
3943,129225373,512
3944,129257499,512
3945,129289516,512
3946,129321572,512
3947,129353658,512
3948,129385700,512
3949,129417889,512
3950,129452526,512
3951,129484551,512
3952,129516844,512
3953,129549014,512
3954,129581059,512
3955,129613145,512
3956,129645297,512
3957,129679976,512
3958,129712396,512
3959,129744687,512
3960,129776837,512
3961,129808857,512
3962,129840877,512
3963,129874085,512
3964,129907915,512
3965,129940328,512
3966,129972372,512
3967,130004479,512
3968,130036533,512
3969,130068682,512
3970,130100784,512
3971,130132798,512
3972,130164841,512
3973,130199305,512
3974,130231644,512
3975,130263677,512
3976,130295996,512
3977,130328053,512
3978,130360118,512
3979,130392332,512
3980,130424517,512
3981,130456659,512
3982,130489365,512
3983,130523254,512
3984,130555611,512
3985,130587635,512
3986,130619852,512
3987,130651898,512
3988,130684005,512
3989,130716129,512
3990,130748230,512
3991,130783313,512
3992,130815426,512
3993,130847577,512
3994,130879644,512
3995,130911674,512
3996,130943813,512
3997,130975859,512
3998,131007928,512
3999,131040014,512
4000,131074668,512
4001,131107773,512
4002,131139922,512
4003,131174593,512
4004,131207494,512
4005,131239684,512
4006,131274420,512
4007,131308369,512
4008,131342401,512
4009,131374785,512
4010,131406903,512
4011,131439027,512
4012,131471198,512
4013,131503371,512
4014,131535436,512
4015,131570103,512
4016,131602156,512
4017,131634282,512
4018,131666642,512
4019,131698706,512
4020,131730832,512
4021,131762881,512
4022,131794911,512
4023,131826951,512
4024,131859066,512
4025,131893777,512
4026,131927181,512
4027,131961728,512
4028,131993900,512
4029,132026713,512
4030,132058841,512
4031,132093376,512
4032,132127008,512
4033,132161332,512
4034,132193743,512
4035,132225904,512
4036,132258068,512
4037,132290134,512
4038,132322311,512
4039,132354374,512
4040,132388997,512
4041,132421135,512
4042,132453466,512
4043,132485601,512
4044,132517736,512
4045,132549885,512
4046,132581934,512
4047,132614029,512
4048,132646147,512
4049,132680873,512
4050,132713073,512
4051,132746481,512
4052,132780619,512
4053,132813083,512
4054,132845606,512
4055,132877611,512
4056,132909794,512
4057,132947103,512
4058,132979399,512
4059,133013172,512
4060,133045358,512
4061,133077436,512
4062,133109573,512
4063,133144894,512
4064,133177058,512
4065,133209161,512
4066,133241235,512
4067,133273413,512
4068,133308112,512
4069,133340389,512
4070,133372618,512
4071,133404782,512
4072,133436953,512
4073,133469021,512
4074,133501063,512
4075,133533120,512
4076,133565274,512
4077,133599588,512
4078,133631635,512
4079,133664872,512
4080,133699602,512
4081,133732017,512
4082,133765536,512
4083,133799485,512
4084,133831889,512
4085,133864102,512
4086,133896153,512
4087,133928279,512
4088,133960377,512
4089,133992584,512
4090,134027237,512
4091,134059352,512
4092,134091687,512
4093,134123857,512
4094,134156050,512
4095,134188245,512
4096,134220326,512
4097,134255024,512
4098,134287094,512
4099,134319311,512
4100,134351511,512
4101,134384349,512
4102,134418746,512
4103,134450806,512
4104,134485464,512
4105,134518574,512
4106,134550947,512
4107,134582996,512
4108,134615100,512
4109,134647217,512
4110,134679442,512
4111,134711623,512
4112,134743641,512
4113,134778233,512
4114,134810450,512
4115,134842553,512
4116,134874714,512
4117,134906859,512
4118,134939022,512
4119,134971110,512
4120,135003266,512
4121,135035332,512
4122,135067348,512
4123,135102381,512
4124,135134469,512
4125,135166660,512
4126,135200694,512
4127,135233746,512
4128,135265762,512
4129,135297800,512
4130,135330179,512
4131,135362298,512
4132,135394350,512
4133,135426438,512
4134,135458524,512
4135,135490638,512
4136,135522721,512
4137,135554781,512
4138,135589498,512
4139,135621704,512
4140,135653793,512
4141,135685883,512
4142,135717940,512
4143,135750041,512
4144,135782198,512
4145,135815329,512
4146,135848894,512
4147,135881148,512
4148,135913596,512
4149,135945603,512
4150,135977750,512
4151,136009926,512
4152,136041951,512
4153,136073967,512
4154,136106075,512
4155,136140672,512
4156,136172685,512
4157,136204818,512
4158,136237116,512
4159,136269152,512
4160,136301163,512
4161,136333267,512
4162,136365364,512
4163,136397441,512
4164,136429673,512
4165,136461681,512
4166,136496318,512
4167,136529897,512
4168,136563834,512
4169,136596091,512
4170,136628249,512
4171,136660603,512
4172,136692652,512
4173,136724793,512
4174,136756841,512
4175,136788995,512
4176,136821060,512
4177,136853217,512
4178,136887853,512
4179,136919855,512
4180,136952252,512
4181,136984315,512
4182,137016496,512
4183,137048502,512
4184,137080660,512
4185,137112739,512
4186,137146276,512
4187,137179623,512
4188,137211962,512
4189,137244041,512
4190,137276183,512
4191,137308315,512
4192,137340461,512
4193,137372549,512
4194,137407218,512
4195,137439660,512
4196,137471685,512
4197,137503841,512
4198,137535856,512
4199,137568014,512
4200,137600075,512
4201,137632240,512
4202,137664283,512
4203,137696296,512
4204,137730997,512
4205,137763927,512
4206,137795936,512
4207,137827986,512
4208,137860138,512
4209,137894315,512
4210,137926730,512
4211,137958822,512
4212,137990993,512
4213,138023170,512
4214,138055245,512
4215,138087262,512
4216,138119399,512
4217,138151582,512
4218,138183672,512
4219,138215686,512
4220,138250253,512
4221,138282253,512
4222,138314373,512
4223,138346666,512
4224,138378989,512
4225,138411074,512
4226,138443157,512
4227,138475649,512
4228,138509646,512
4229,138541971,512
4230,138574073,512
4231,138606431,512
4232,138638443,512
4233,138670474,512
4234,138702641,512
4235,138734703,512
4236,138766698,512
4237,138798882,512
4238,138830918,512
4239,138865610,512
4240,138897802,512
4241,138930189,512
4242,138962371,512
4243,138994583,512
4244,139026751,512
4245,139061321,512
4246,139094907,512
4247,139129485,512
4248,139161696,512
4249,139194585,512
4250,139228931,512
4251,139261071,512
4252,139293509,512
4253,139325567,512
4254,139357696,512
4255,139389880,512
4256,139421898,512
4257,139453960,512
4258,139486145,512
4259,139520786,512
4260,139552951,512
4261,139585229,512
4262,139617405,512
4263,139649429,512
4264,139681633,512
4265,139713752,512
4266,139745863,512
4267,139780484,512
4268,139812654,512
4269,139844769,512
4270,139876910,512
4271,139910001,512
4272,139944748,512
4273,139976887,512
4274,140009052,512
4275,140041059,512
4276,140073133,512
4277,140105149,512
4278,140137154,512
4279,140169310,512
4280,140203989,512
4281,140236484,512
4282,140268516,512
4283,140300644,512
4284,140332799,512
4285,140364859,512
4286,140396995,512
4287,140429031,512
4288,140461103,512
4289,140495852,512
4290,140529116,512
4291,140563384,512
4292,140595516,512
4293,140629220,512
4294,140663228,512
4295,140695548,512
4296,140730172,512
4297,140763487,512
4298,140795813,512
4299,140827924,512
4300,140860074,512
4301,140892143,512
4302,140924171,512
4303,140956335,512
4304,140988350,512
4305,141020405,512
4306,141052421,512
4307,141087158,512
4308,141119550,512
4309,141151543,512
4310,141183619,512
4311,141215800,512
4312,141247930,512
4313,141279935,512
4314,141311956,512
4315,141344871,512
4316,141378520,512
4317,141410642,512
4318,141443095,512
4319,141475257,512
4320,141507269,512
4321,141539380,512
4322,141571418,512
4323,141603576,512
4324,141635697,512
4325,141670329,512
4326,141702670,512
4327,141734796,512
4328,141766908,512
4329,141799089,512
4330,141831124,512
4331,141863333,512
4332,141898186,512
4333,141930506,512
4334,141962567,512
4335,141994586,512
4336,142026608,512
4337,142059872,512
4338,142093956,512
4339,142126301,512
4340,142158368,512
4341,142190396,512
4342,142222437,512
4343,142254555,512
4344,142286715,512
4345,142318864,512
4346,142353594,512
4347,142385911,512
4348,142418107,512
4349,142450187,512
4350,142482217,512
4351,142514348,512
4352,142546488,512
4353,142578564,512
4354,142613698,512
4355,142645848,512
4356,142678482,512
4357,142710516,512
4358,142745062,512
4359,142778724,512
4360,142813092,512
4361,142845197,512
4362,142878761,512
4363,142912656,512
4364,142945001,512
4365,142977033,512
4366,143009242,512
4367,143041291,512
4368,143073360,512
4369,143105380,512
4370,143137563,512
4371,143169701,512
4372,143201839,512
4373,143236506,512
4374,143268602,512
4375,143300774,512
4376,143332867,512
4377,143364895,512
4378,143397019,512
4379,143429044,512
4380,143461058,512
4381,143494859,512
4382,143528186,512
4383,143560252,512
4384,143592586,512
4385,143624756,512
4386,143656937,512
4387,143689021,512
4388,143721085,512
4389,143753087,512
4390,143785124,512
4391,143817230,512
4392,143851865,512
4393,143883908,512
4394,143916166,512
4395,143948196,512
4396,143980309,512
4397,144012435,512
4398,144044516,512
4399,144076553,512
4400,144109683,512
4401,144143694,512
4402,144175876,512
4403,144208066,512
4404,144240055,512
4405,144272263,512
4406,144304444,512
4407,144336586,512
4408,144371137,512
4409,144403270,512
4410,144435604,512
4411,144467691,512
4412,144499853,512
4413,144531956,512
4414,144564013,512
4415,144596058,512
4416,144631034,512
4417,144663334,512
4418,144695443,512
4419,144727665,512
4420,144759839,512
4421,144791842,512
4422,144824749,512
4423,144858903,512
4424,144891159,512
4425,144923340,512
4426,144955534,512
4427,144987733,512
4428,145022955,512
4429,145054999,512
4430,145087161,512
4431,145119217,512
4432,145151300,512
4433,145183495,512
4434,145215614,512
4435,145250220,512
4436,145282598,512
4437,145314657,512
4438,145346707,512
4439,145378725,512
4440,145410898,512
4441,145443567,512
4442,145478092,512
4443,145510376,512
4444,145543196,512
4445,145575235,512
4446,145609435,512
4447,145643322,512
4448,145677718,512
4449,145709764,512
4450,145741798,512
4451,145774163,512
4452,145806320,512
4453,145838380,512
4454,145870422,512
4455,145902621,512
4456,145934653,512
4457,145966777,512
4458,146001363,512
4459,146033848,512
4460,146066026,512
4461,146098049,512
4462,146130184,512
4463,146162260,512
4464,146194447,512
4465,146229104,512
4466,146262829,512
4467,146296680,512
4468,146328995,512
4469,146362516,512
4470,146396982,512
4471,146429281,512
4472,146462787,512
4473,146496862,512
4474,146529003,512
4475,146561328,512
4476,146593398,512
4477,146625460,512
4478,146657470,512
4479,146689534,512
4480,146721632,512
4481,146753820,512
4482,146788389,512
4483,146820532,512
4484,146852845,512
4485,146885000,512
4486,146917019,512
4487,146949019,512
4488,146981024,512
4489,147013077,512
4490,147045083,512
4491,147078329,512
4492,147112235,512
4493,147144409,512
4494,147176553,512
4495,147208739,512
4496,147240765,512
4497,147272897,512
4498,147305087,512
4499,147339790,512
4500,147371882,512
4501,147404282,512
4502,147436280,512
4503,147468476,512
4504,147500661,512
4505,147532857,512
4506,147567565,512
4507,147599950,512
4508,147631979,512
4509,147664168,512
4510,147696728,512
4511,147731376,512
4512,147763816,512
4513,147796449,512
4514,147828497,512
4515,147860548,512
4516,147897264,512
4517,147930781,512
4518,147963107,512
4519,147995199,512
4520,148027348,512
4521,148059610,512
4522,148091635,512
4523,148123794,512
4524,148155974,512
4525,148188150,512
4526,148222803,512
4527,148254861,512
4528,148287169,512
4529,148319196,512
4530,148351320,512
4531,148383434,512
4532,148415769,512
4533,148450498,512
4534,148482814,512
4535,148515923,512
4536,148550600,512
4537,148582778,512
4538,148615925,512
4539,148649842,512
4540,148682304,512
4541,148716390,512
4542,148749884,512
4543,148782281,512
4544,148814354,512
4545,148846481,512
4546,148878621,512
4547,148910721,512
4548,148942915,512
4549,148975033,512
4550,149007199,512
4551,149041907,512
4552,149074106,512
4553,149106160,512
4554,149138300,512
4555,149170314,512
4556,149202438,512
4557,149234762,512
4558,149266909,512
4559,149301531,512
4560,149335275,512
4561,149369416,512
4562,149401832,512
4563,149434568,512
4564,149466735,512
4565,149501277,512
4566,149535389,512
4567,149569270,512
4568,149601653,512
4569,149633818,512
4570,149665908,512
4571,149698027,512
4572,149730036,512
4573,149762174,512
4574,149794324,512
4575,149828895,512
4576,149861031,512
4577,149893316,512
4578,149925431,512
4579,149957491,512
4580,149989597,512
4581,150021722,512
4582,150053901,512
4583,150085915,512
4584,150117994,512
4585,150151106,512
4586,150184161,512
4587,150216709,512
4588,150248918,512
4589,150281108,512
4590,150313283,512
4591,150345314,512
4592,150377421,512
4593,150409588,512
4594,150444305,512
4595,150476610,512
4596,150508791,512
4597,150540800,512
4598,150572825,512
4599,150604974,512
4600,150637132,512
4601,150669273,512
4602,150701311,512
4603,150736193,512
4604,150768519,512
4605,150800675,512
4606,150832741,512
4607,150865705,512
4608,150899632,512
4609,150931661,512
4610,150963767,512
4611,150996090,512
4612,151028192,512
4613,151060193,512
4614,151092313,512
4615,151124375,512
4616,151156391,512
4617,151188516,512
4618,151220641,512
4619,151255306,512
4620,151287442,512
4621,151319698,512
4622,151351849,512
4623,151384032,512
4624,151416217,512
4625,151448348,512
4626,151481178,512
4627,151514792,512
4628,151547121,512
4629,151579465,512
4630,151611651,512
4631,151643713,512
4632,151675787,512
4633,151707932,512
4634,151740102,512
4635,151774632,512
4636,151806726,512
4637,151839002,512
4638,151871164,512
4639,151903230,512
4640,151935260,512
4641,151967405,512
4642,151999486,512
4643,152031613,512
4644,152063752,512
4645,152096365,512
4646,152129871,512
4647,152162367,512
4648,152194698,512
4649,152226932,512
4650,152259097,512
4651,152291101,512
4652,152323108,512
4653,152355291,512
4654,152390026,512
4655,152422115,512
4656,152454311,512
4657,152486430,512
4658,152518437,512
4659,152550483,512
4660,152582599,512
4661,152614922,512
4662,152646986,512
4663,152678986,512
4664,152711288,512
4665,152745306,512
4666,152777399,512
4667,152810859,512
4668,152845497,512
4669,152877885,512
4670,152909962,512
4671,152942159,512
4672,152974365,512
4673,153006460,512
4674,153038620,512
4675,153073269,512
4676,153105651,512
4677,153137916,512
4678,153169973,512
4679,153202010,512
4680,153234134,512
4681,153266174,512
4682,153298347,512
4683,153333006,512
4684,153365018,512
4685,153397370,512
4686,153430713,512
4687,153465104,512
4688,153497269,512
4689,153530386,512
4690,153564415,512
4691,153596594,512
4692,153630580,512
4693,153664137,512
4694,153696465,512
4695,153728746,512
4696,153760936,512
4697,153792944,512
4698,153825045,512
4699,153857065,512
4700,153889068,512
4701,153921121,512
4702,153953189,512
4703,153985192,512
4704,154017197,512
4705,154049275,512
4706,154081336,512
4707,154113421,512
4708,154148279,512
4709,154180335,512
4710,154212448,512
4711,154246508,512
4712,154280108,512
4713,154312276,512
4714,154344417,512
4715,154376488,512
4716,154408588,512
4717,154440679,512
4718,154472716,512
4719,154504920,512
4720,154539602,512
4721,154571845,512
4722,154604221,512
4723,154636234,512
4724,154668352,512
4725,154700381,512
4726,154732524,512
4727,154767483,512
4728,154799601,512
4729,154831745,512
4730,154864542,512
4731,154898661,512
4732,154930990,512
4733,154963876,512
4734,154995897,512
4735,155027957,512
4736,155060139,512
4737,155092141,512
4738,155124286,512
4739,155159091,512
4740,155191470,512
4741,155223504,512
4742,155255577,512
4743,155287584,512
4744,155319726,512
4745,155351764,512
4746,155383777,512
4747,155415922,512
4748,155450562,512
4749,155482958,512
4750,155515145,512
4751,155547282,512
4752,155580024,512
4753,155614006,512
4754,155646359,512
4755,155680305,512
4756,155713785,512
4757,155746342,512
4758,155778701,512
4759,155810733,512
4760,155842805,512
4761,155874852,512
4762,155907023,512
4763,155939065,512
4764,155971091,512
4765,156003104,512
4766,156035228,512
4767,156069969,512
4768,156102214,512
4769,156134375,512
4770,156166383,512
4771,156198462,512
4772,156230619,512
4773,156262624,512
4774,156295426,512
4775,156329032,512
4776,156361662,512
4777,156393790,512
4778,156425842,512
4779,156457878,512
4780,156489972,512
4781,156521968,512
4782,156554031,512
4783,156586081,512
4784,156618148,512
4785,156650330,512
4786,156682441,512
4787,156714472,512
4788,156749220,512
4789,156781427,512
4790,156813540,512
4791,156845662,512
4792,156877659,512
4793,156910239,512
4794,156944754,512
4795,156976886,512
4796,157011323,512
4797,157044388,512
4798,157076633,512
4799,157108870,512
4800,157140962,512
4801,157173071,512
4802,157205140,512
4803,157237260,512
4804,157269321,512
4805,157301385,512
4806,157333552,512
4807,157365683,512
4808,157397694,512
4809,157432328,512
4810,157464779,512
4811,157496934,512
4812,157529150,512
4813,157561162,512
4814,157593297,512
4815,157626253,512
4816,157660046,512
4817,157692114,512
4818,157724586,512
4819,157756696,512
4820,157788841,512
4821,157820935,512
4822,157853038,512
4823,157887750,512
4824,157919786,512
4825,157952261,512
4826,157984364,512
4827,158016476,512
4828,158048680,512
4829,158080762,512
4830,158112872,512
4831,158147611,512
4832,158179690,512
4833,158211949,512
4834,158244160,512
4835,158276311,512
4836,158308312,512
4837,158341291,512
4838,158374789,512
4839,158407251,512
4840,158439265,512
4841,158471368,512
4842,158503708,512
4843,158535770,512
4844,158567911,512
4845,158600041,512
4846,158632217,512
4847,158666785,512
4848,158699073,512
4849,158731112,512
4850,158763225,512
4851,158795323,512
4852,158827494,512
4853,158859550,512
4854,158891597,512
4855,158923714,512
4856,158957195,512
4857,158990136,512
4858,159022390,512
4859,159054771,512
4860,159086777,512
4861,159119002,512
4862,159151196,512
4863,159183230,512
4864,159215371,512
4865,159247552,512
4866,159282045,512
4867,159314167,512
4868,159346524,512
4869,159378643,512
4870,159410675,512
4871,159442841,512
4872,159474969,512
4873,159507059,512
4874,159539092,512
4875,159571930,512
4876,159605964,512
4877,159638115,512
4878,159670263,512
4879,159702262,512
4880,159734339,512
4881,159766465,512
4882,159798466,512
4883,159830622,512
4884,159862746,512
4885,159894814,512
4886,159929381,512
4887,159961487,512
4888,159993872,512
4889,160025880,512
4890,160057997,512
4891,160090374,512
4892,160122508,512
4893,160154549,512
4894,160186745,512
4895,160220685,512
4896,160253321,512
4897,160286563,512
4898,160320800,512
4899,160353119,512
4900,160385498,512
4901,160417577,512
4902,160449662,512
4903,160481787,512
4904,160513825,512
4905,160545953,512
4906,160580903,512
4907,160613085,512
4908,160645159,512
4909,160677288,512
4910,160709460,512
4911,160741522,512
4912,160773579,512
4913,160805710,512
4914,160837783,512
4915,160872575,512
4916,160905881,512
4917,160939971,512
4918,160972089,512
4919,161005414,512
4920,161037471,512
4921,161069519,512
4922,161105299,512
4923,161137311,512
4924,161172010,512
4925,161204215,512
4926,161236313,512
4927,161268363,512
4928,161300519,512
4929,161332606,512
4930,161364687,512
4931,161396855,512
4932,161429038,512
4933,161463590,512
4934,161495756,512
4935,161528089,512
4936,161560094,512
4937,161592214,512
4938,161624387,512
4939,161656461,512
4940,161688659,512
4941,161722199,512
4942,161754822,512
4943,161787570,512
4944,161819681,512
4945,161851689,512
4946,161883786,512
4947,161915979,512
4948,161948128,512
4949,161980216,512
4950,162012260,512
4951,162044350,512
4952,162079071,512
4953,162111263,512
4954,162143590,512
4955,162175629,512
4956,162207700,512
4957,162239732,512
4958,162271800,512
4959,162303897,512
4960,162336994,512
4961,162370329,512
4962,162402631,512
4963,162435138,512
4964,162467155,512
4965,162499331,512
4966,162531420,512
4967,162563532,512
4968,162595675,512
4969,162630369,512
4970,162662770,512
4972,162727076,512
4973,162759171,512
4974,162791338,512
4975,162823364,512
4976,162855484,512
4977,162889776,512
4978,162921981,512
4979,162954034,512
4980,162986051,512
4981,163018317,512
4982,163051906,512
4983,163085939,512
4984,163118259,512
4985,163150431,512
4986,163182619,512
4987,163214758,512
4988,163246873,512
4989,163279004,512
4990,163313836,512
4991,163345993,512
4992,163378074,512
4993,163410248,512
4994,163442323,512
4995,163474351,512
4996,163506457,512
4997,163538551,512
4998,163570683,512
4999,163604977,512
5000,163637284,512
5001,163671198,512
5002,163704874,512
5003,163737181,512
5004,163770378,512
5005,163804772,512
5006,163836992,512
5007,163870050,512
5008,163902112,512
5009,163934121,512
5010,163966217,512
5011,164000506,512
5012,164032664,512
5013,164065111,512
5014,164097218,512
5015,164129252,512
5016,164161319,512
5017,164193481,512
5018,164225495,512
5019,164257583,512
5020,164289658,512
5021,164321808,512
5022,164356492,512
5023,164388619,512
5024,164420621,512
5025,164452760,512
5026,164486867,512
5027,164519802,512
5028,164552099,512
5029,164584379,512
5030,164616449,512
5031,164648641,512
5032,164680657,512
5033,164712723,512
5034,164744844,512
5035,164776859,512
5036,164809041,512
5037,164841213,512
5038,164875853,512
5039,164907861,512
5040,164940158,512
5041,164972240,512
5042,165004485,512
5043,165036570,512
5044,165068579,512
5045,165102097,512
5046,165135165,512
5047,165167607,512
5048,165201411,512
5049,165235051,512
5050,165267507,512
5051,165299594,512
5052,165331701,512
5053,165363879,512
5054,165395948,512
5055,165428029,512
5056,165460165,512
5057,165492371,512
5058,165524460,512
5059,165558813,512
5060,165591123,512
5061,165623343,512
5062,165655492,512
5063,165687537,512
5064,165719639,512
5065,165751787,512
5066,165783790,512
5067,165816877,512
5068,165851181,512
5069,165883447,512
5070,165915641,512
5071,165947831,512
5072,165979924,512
5073,166015012,512
5074,166047128,512
5075,166079162,512
5076,166111165,512
5077,166143250,512
5078,166175258,512
5079,166207331,512
5080,166239461,512
5081,166271484,512
5082,166306128,512
5083,166338267,512
5084,166370336,512
5085,166402691,512
5086,166435790,512
5087,166470314,512
5088,166502483,512
5089,166535261,512
5090,166569597,512
5091,166601841,512
5092,166634983,512
5093,166667029,512
5094,166701870,512
5095,166733983,512
5096,166766083,512
5097,166798269,512
5098,166830429,512
5099,166862536,512
5100,166894656,512
5101,166926806,512
5102,166958828,512
5103,166993519,512
5104,167025756,512
5105,167057763,512
5106,167090196,512
5107,167122337,512
5108,167154469,512
5109,167189270,512
5110,167221640,512
5111,167255275,512
5112,167288762,512
5113,167321140,512
5114,167354427,512
5115,167388804,512
5116,167420919,512
5117,167454266,512
5118,167488424,512
5119,167520774,512
5120,167552820,512
5121,167584836,512
5122,167617158,512
5123,167649178,512
5124,167681329,512
5125,167713492,512
5126,167745494,512
5127,167777677,512
5128,167809858,512
5129,167844360,512
5130,167876562,512
5131,167908743,512
5132,167940857,512
5133,167972980,512
5134,168005103,512
5135,168037260,512
5136,168070737,512
5137,168103693,512
5138,168136032,512
5139,168168155,512
5140,168200349,512
5141,168232526,512
5142,168264591,512
5143,168296713,512
5144,168328724,512
5145,168360762,512
5146,168392827,512
5147,168424858,512
5148,168457025,512
5149,168491664,512
5150,168524099,512
5151,168556447,512
5152,168588516,512
5153,168620595,512
5154,168652790,512
5155,168685156,512
5156,168719256,512
5157,168751518,512
5158,168783909,512
5159,168815946,512
5160,168848128,512
5161,168880156,512
5162,168912189,512
5163,168944243,512
5164,168976349,512
5165,169008532,512
5166,169043174,512
5167,169075642,512
5168,169107834,512
5169,169139866,512
5170,169171935,512
5171,169206866,512
5172,169239191,512
5173,169271231,512
5174,169303604,512
5175,169335668,512
5176,169367750,512
5177,169400817,512
5178,169434518,512
5179,169466811,512
5180,169498822,512
5181,169531051,512
5182,169563290,512
5183,169595479,512
5184,169627671,512
5185,169659683,512
5186,169691709,512
5187,169726477,512
5188,169758628,512
5189,169790756,512
5190,169822802,512
5191,169854848,512
5192,169886851,512
5193,169919167,512
5194,169951238,512
5195,169983260,512
5196,170016983,512
5197,170049673,512
5198,170081935,512
5199,170114114,512
5200,170146305,512
5201,170178421,512
5202,170210524,512
5203,170242642,512
5204,170274697,512
5205,170306707,512
5206,170338756,512
5207,170370838,512
5208,170405603,512
5209,170437997,512
5210,170470020,512
5211,170502228,512
5212,170534432,512
5213,170566573,512
5214,170598724,512
5215,170631142,512
5216,170665358,512
5217,170697656,512
5218,170730784,512
5219,170765189,512
5220,170797259,512
5221,170829560,512
5222,170861592,512
5223,170893703,512
5224,170925733,512
5225,170957733,512
5226,170989804,512
5227,171021842,512
5228,171053940,512
5229,171086009,512
5230,171118057,512
5231,171153047,512
5232,171185114,512
5233,171217177,512
5234,171249230,512
5235,171281405,512
5236,171313472,512
5237,171346145,512
5238,171380041,512
5239,171412678,512
5240,171444864,512
5241,171476965,512
5242,171509056,512
5243,171541217,512
5244,171573275,512
5245,171605284,512
5246,171637348,512
5247,171672062,512
5248,171704301,512
5249,171736560,512
5250,171768580,512
5251,171800682,512
5252,171832694,512
5253,171865056,512
5254,171897096,512
5255,171929147,512
5256,171961973,512
5257,171995582,512
5258,172027706,512
5259,172059831,512
5260,172092054,512
5261,172124134,512
5262,172156266,512
5263,172188408,512
5264,172220511,512
5265,172252606,512
5266,172284674,512
5267,172316701,512
5268,172348698,512
5269,172383275,512
5270,172415355,512
5271,172447721,512
5272,172479780,512
5273,172511901,512
5274,172544017,512
5275,172576809,512
5276,172611131,512
5277,172643525,512
5278,172675537,512
5279,172707620,512
5280,172739694,512
5281,172771705,512
5282,172803807,512
5283,172835884,512
5284,172868082,512
5285,172903054,512
5286,172935356,512
5287,172967421,512
5288,172999638,512
5289,173031798,512
5290,173063800,512
5291,173095873,512
5292,173130593,512
5293,173162960,512
5294,173195319,512
5295,173227380,512
5296,173259471,512
5297,173292550,512
5298,173325866,512
5299,173358356,512
5300,173390445,512
5301,173422590,512
5302,173454867,512
5303,173487008,512
5304,173519055,512
5305,173551115,512
5306,173583176,512
5307,173615236,512
5308,173650290,512
5309,173682388,512
5310,173714535,512
5311,173746699,512
5312,173778724,512
5313,173810870,512
5314,173843041,512
5315,173877633,512
5316,173911240,512
5317,173945694,512
5318,173977891,512
5319,174010389,512
5320,174042496,512
5321,174074662,512
5322,174106689,512
5323,174140883,512
5324,174173490,512
5325,174205833,512
5326,174237867,512
5327,174269915,512
5328,174302090,512
5329,174334221,512
5330,174366291,512
5331,174398313,512
5332,174430329,512
5333,174464654,512
5334,174497375,512
5335,174529543,512
5336,174561709,512
5337,174593777,512
5338,174626313,512
5339,174660789,512
5340,174693094,512
5341,174727155,512
5342,174760380,512
5343,174792775,512
5344,174825097,512
5345,174857229,512
5346,174889354,512
5347,174921490,512
5348,174953632,512
5349,174985733,512
5350,175020396,512
5351,175052419,512
5352,175084478,512
5353,175116811,512
5354,175148817,512
5355,175180983,512
5356,175212998,512
5357,175245323,512
5358,175277357,512
5359,175312063,512
5360,175344838,512
5361,175376859,512
5362,175409058,512
5363,175441306,512
5364,175475574,512
5365,175507813,512
5366,175539972,512
5367,175572160,512
5368,175604262,512
5369,175636381,512
5370,175668458,512
5371,175700524,512
5372,175732698,512
5373,175764741,512
5374,175796864,512
5375,175831546,512
5376,175863861,512
5377,175896050,512
5378,175928139,512
5379,175960195,512
5380,175992296,512
5381,176024485,512
5382,176057822,512
5383,176090688,512
5384,176123135,512
5385,176155269,512
5386,176187397,512
5387,176219486,512
5388,176251549,512
5389,176283557,512
5390,176315583,512
5391,176347613,512
5392,176379808,512
5393,176412008,512
5394,176446714,512
5395,176479076,512
5396,176511158,512
5397,176543282,512
5398,176575596,512
5399,176607697,512
5400,176639860,512
5401,176672700,512
5402,176706035,512
5403,176738461,512
5404,176770764,512
5405,176802923,512
5406,176834979,512
5407,176867109,512
5408,176899238,512
5409,176931348,512
5410,176963517,512
5411,176998234,512
5412,177030574,512
5413,177062585,512
5414,177094733,512
5415,177126921,512
5416,177158958,512
5417,177191055,512
5418,177223173,512
5419,177255188,512
5420,177287231,512
5421,177321837,512
5422,177354162,512
5423,177387086,512
5424,177421351,512
5425,177453515,512
5426,177485722,512
5427,177517903,512
5428,177549940,512
5429,177582037,512
5430,177614099,512
5431,177646214,512
5432,177678260,512
5433,177710329,512
5434,177742511,512
5435,177774563,512
5436,177809193,512
5437,177841527,512
5438,177873674,512
5439,177905754,512
5440,177937763,512
5441,177969890,512
5442,178003703,512
5443,178036724,512
5444,178068889,512
5445,178101183,512
5446,178133314,512
5447,178165456,512
5448,178197651,512
5449,178229843,512
5450,178262048,512
5451,178296627,512
5452,178328790,512
5453,178361186,512
5454,178393298,512
5455,178425390,512
5456,178457420,512
5457,178489596,512
5458,178521601,512
5459,178553673,512
5460,178585689,512
5461,178618447,512
5462,178651969,512
5463,178684282,512
5464,178718250,512
5465,178752230,512
5466,178784490,512
5467,178816679,512
5468,178848775,512
5469,178880884,512
5470,178912985,512
5471,178945083,512
5472,178977260,512
5473,179011811,512
5474,179044074,512
5475,179076330,512
5476,179108518,512
5477,179140637,512
5478,179172674,512
5479,179204774,512
5480,179236962,512
5481,179271298,512
5482,179303519,512
5483,179336652,512
5484,179368787,512
5485,179403485,512
5486,179437500,512
5487,179471337,512
5488,179503345,512
5489,179535826,512
5490,179567884,512
5491,179599914,512
5492,179631940,512
5493,179664083,512
5494,179696148,512
5495,179728298,512
5496,179763120,512
5497,179795471,512
5498,179827503,512
5499,179859804,512
5500,179891885,512
5501,179924062,512
5502,179958846,512
5503,179991242,512
5504,180023428,512
5505,180055549,512
5506,180087637,512
5507,180119730,512
5508,180151993,512
5509,180186631,512
5510,180218969,512
5511,180251011,512
5512,180283142,512
5513,180315260,512
5514,180347336,512
5515,180379380,512
5516,180411562,512
5517,180443611,512
5518,180478272,512
5519,180510644,512
5520,180542723,512
5521,180574791,512
5522,180606866,512
5523,180638922,512
5524,180671086,512
5525,180703169,512
5526,180735187,512
5527,180768524,512
5528,180801832,512
5529,180833987,512
5530,180866247,512
5531,180898266,512
5532,180930373,512
5533,180962484,512
5534,180994606,512
5535,181026680,512
5536,181058859,512
5537,181093434,512
5538,181125812,512
5539,181157883,512
5540,181190073,512
5541,181222221,512
5542,181254348,512
5543,181286625,512
5544,181321331,512
5545,181353860,512
5546,181386017,512
5547,181418213,512
5548,181450272,512
5549,181483068,512
5550,181517593,512
5551,181549738,512
5552,181581867,512
5553,181614027,512
5554,181646229,512
5555,181681254,512
5556,181713433,512
5557,181745566,512
5558,181777674,512
5559,181809805,512
5560,181841833,512
5561,181873977,512
5562,181908727,512
5563,181940936,512
5564,181973131,512
5565,182005124,512
5566,182037125,512
5567,182069325,512
5568,182102286,512
5569,182136462,512
5570,182168644,512
5571,182201308,512
5572,182233352,512
5573,182265488,512
5574,182297546,512
5575,182332223,512
5576,182364512,512
5577,182396664,512
5578,182428811,512
5579,182461010,512
5580,182493146,512
5581,182525159,512
5582,182557265,512
5583,182592047,512
5584,182624234,512
5585,182656291,512
5586,182688295,512
5587,182720540,512
5588,182752689,512
5589,182784875,512
5590,182819959,512
5591,182852039,512
5592,182884084,512
5593,182917539,512
5594,182951481,512
5595,182983761,512
5596,183016009,512
5597,183048019,512
5598,183080176,512
5599,183112247,512
5600,183144435,512
5601,183176474,512
5602,183208516,512
5603,183243102,512
5604,183275113,512
5605,183307229,512
5606,183339283,512
5607,183371351,512
5608,183403402,512
5609,183435578,512
5610,183467716,512
5611,183499885,512
5612,183532920,512
5613,183566997,512
5614,183599356,512
5615,183631412,512
5616,183663426,512
5617,183695532,512
5618,183727595,512
5619,183759750,512
5620,183791836,512
5621,183826499,512
5622,183858778,512
5623,183890868,512
5624,183922913,512
5625,183955084,512
5626,183987276,512
5627,184019294,512
5628,184051334,512
5629,184083447,512
5630,184118131,512
5631,184151063,512
5632,184183219,512
5633,184215399,512
5634,184247760,512
5635,184282042,512
5636,184314095,512
5637,184346440,512
5638,184378447,512
5639,184410478,512
5640,184442619,512
5641,184474789,512
5642,184506897,512
5643,184538977,512
5644,184573619,512
5645,184605631,512
5646,184637742,512
5647,184670015,512
5648,184702084,512
5649,184734187,512
5650,184766321,512
5651,184798337,512
5652,184830371,512
5653,184863560,512
5654,184896945,512
5655,184929160,512
5656,184961281,512
5657,184993352,512
5658,185025530,512
5659,185057554,512
5660,185089760,512
5661,185121837,512
5662,185153903,512
5663,185186006,512
5664,185218169,512
5665,185250184,512
5666,185284840,512
5667,185316930,512
5668,185349078,512
5669,185381367,512
5670,185413398,512
5671,185445580,512
5672,185479014,512
5673,185512197,512
5674,185544635,512
5675,185576734,512
5676,185608903,512
5677,185641108,512
5678,185673105,512
5679,185705294,512
5680,185737326,512
5681,185769335,512
5682,185801477,512
5683,185836140,512
5684,185868232,512
5685,185900259,512
5686,185932658,512
5687,185964860,512
5688,185996882,512
5689,186028956,512
5690,186061125,512
5691,186093972,512
5692,186127676,512
5693,186160018,512
5694,186192325,512
5695,186224384,512
5696,186256578,512
5697,186288801,512
5698,186320952,512
5699,186355598,512
5700,186387945,512
5701,186420050,512
5702,186452255,512
5703,186484398,512
5704,186516511,512
5705,186548586,512
5706,186580598,512
5707,186612641,512
5708,186644687,512
5709,186679173,512
5710,186711516,512
5711,186743658,512
5712,186775804,512
5713,186809620,512
5714,186842660,512
5715,186875018,512
5716,186907099,512
5717,186939461,512
5718,186971491,512
5719,187003670,512
5720,187035695,512
5721,187067800,512
5722,187099803,512
5723,187131991,512
5724,187166714,512
5725,187199028,512
5726,187231217,512
5727,187263281,512
5728,187295399,512
5729,187327414,512
5730,187359574,512
5731,187391620,512
5732,187424188,512
5733,187458117,512
5734,187490376,512
5735,187522713,512
5736,187554716,512
5737,187586843,512
5738,187619004,512
5739,187651079,512
5740,187683279,512
5741,187715450,512
5742,187750047,512
5743,187782136,512
5744,187814431,512
5745,187846493,512
5746,187878619,512
5747,187910791,512
5748,187943085,512
5749,187975188,512
5750,188009837,512
5751,188041964,512
5752,188074093,512
5753,188106266,512
5754,188139186,512
5755,188173253,512
5756,188205538,512
5757,188237722,512
5758,188269863,512
5759,188302179,512
5760,188334281,512
5761,188366479,512
5762,188398480,512
5763,188430578,512
5764,188462639,512
5765,188497151,512
5766,188529240,512
5767,188561690,512
5768,188593777,512
5769,188625842,512
5770,188657859,512
5771,188689882,512
5772,188722060,512
5773,188755770,512
5774,188789120,512
5775,188821257,512
5776,188853466,512
5777,188885497,512
5778,188917636,512
5779,188949820,512
5780,188981928,512
5781,189016900,512
5782,189049029,512
5783,189081189,512
5784,189113573,512
5785,189145613,512
5786,189177662,512
5787,189212353,512
5788,189244384,512
5789,189276416,512
5790,189308743,512
5791,189340857,512
5792,189373293,512
5793,189405407,512
5794,189437427,512
5795,189469493,512
5796,189503866,512
5797,189536079,512
5798,189568192,512
5799,189600250,512
5800,189632260,512
5801,189664322,512
5802,189696372,512
5803,189728569,512
5804,189760600,512
5805,189792683,512
5806,189824870,512
5807,189856999,512
5808,189891439,512
5809,189923664,512
5810,189956091,512
5811,189988309,512
5812,190020487,512
5813,190052532,512
5814,190085459,512
5815,190119449,512
5816,190151456,512
5817,190183553,512
5818,190215735,512
5819,190247810,512
5820,190279894,512
5821,190311945,512
5822,190344052,512
5823,190376097,512
5824,190408226,512
5825,190440276,512
5826,190474999,512
5827,190507388,512
5828,190539387,512
5829,190571466,512
5830,190603518,512
5831,190635633,512
5832,190667663,512
5833,190701847,512
5834,190734595,512
5835,190766722,512
5836,190799085,512
5837,190831233,512
5838,190863419,512
5839,190895551,512
5840,190927659,512
5841,190959799,512
5842,190994461,512
5843,191026631,512
5844,191058853,512
5845,191090997,512
5846,191123056,512
5847,191155192,512
5848,191187399,512
5849,191219580,512
5850,191254349,512
5851,191286471,512
5852,191319267,512
5853,191351386,512
5854,191386009,512
5855,191419639,512
5856,191453762,512
5857,191485947,512
5858,191520066,512
5859,191553544,512
5860,191585886,512
5861,191618270,512
5862,191650516,512
5863,191682656,512
5864,191714773,512
5865,191746789,512
5866,191778827,512
5867,191813566,512
5868,191845882,512
5869,191878036,512
5870,191910226,512
5871,191942310,512
5872,191974487,512
5873,192006570,512
5874,192041304,512
5875,192073306,512
5876,192105458,512
5877,192138063,512
5878,192170213,512
5879,192202296,512
5880,192234852,512
5881,192268750,512
5882,192300900,512
5883,192333037,512
5884,192365165,512
5885,192397448,512
5886,192429631,512
5887,192461779,512
5888,192493947,512
5889,192526100,512
5890,192560631,512
5891,192592781,512
5892,192625133,512
5893,192657156,512
5894,192689270,512
5895,192721428,512
5896,192753516,512
5897,192785639,512
5898,192817659,512
5899,192850378,512
5900,192884394,512
5901,192916738,512
5902,192948989,512
5903,192981175,512
5904,193013310,512
5905,193045472,512
5906,193079759,512
5907,193112067,512
5908,193144104,512
5909,193176477,512
5910,193208615,512
5911,193240709,512
5912,193272829,512
5913,193304921,512
5914,193337036,512
5915,193369158,512
5916,193403697,512
5917,193435773,512
5918,193468952,512
5919,193501031,512
5920,193535789,512
5921,193568749,512
5922,193600859,512
5923,193635541,512
5924,193669050,512
5925,193703176,512
5926,193735588,512
5927,193767631,512
5928,193799702,512
5929,193831937,512
5930,193863986,512
5931,193896043,512
5932,193928151,512
5933,193960172,512
5934,193992196,512
5935,194024282,512
5936,194058907,512
5937,194091313,512
5938,194123490,512
5939,194155602,512
5940,194187947,512
5941,194220111,512
5942,194254828,512
5943,194287669,512
5944,194319690,512
5945,194351746,512
5946,194383906,512
5947,194418561,512
5948,194450584,512
5949,194482893,512
5950,194515088,512
5951,194547151,512
5952,194579311,512
5953,194611477,512
5954,194643532,512
5955,194675721,512
5956,194710287,512
5957,194742371,512
5958,194774546,512
5959,194806761,512
5960,194838819,512
5961,194870921,512
5962,194903137,512
5963,194935265,512
5964,194969817,512
5965,195003626,512
5966,195037497,512
5967,195069984,512
5968,195104654,512
5969,195138087,512
5970,195170283,512
5971,195202288,512
5972,195234469,512
5973,195266489,512
5974,195298535,512
5975,195330672,512
5976,195362841,512
5977,195394932,512
5978,195429764,512
5979,195461883,512
5980,195494021,512
5981,195526163,512
5982,195558213,512
5983,195590300,512
5984,195622373,512
5985,195654486,512
5986,195689216,512
5987,195722100,512
5988,195754097,512
5989,195786159,512
5990,195819168,512
5991,195852703,512
5992,195884980,512
5993,195917183,512
5994,195949381,512
5995,195981562,512
5996,196013621,512
5997,196045810,512
5998,196077926,512
5999,196110091,512
6000,196144790,512
6001,196177192,512
6002,196209340,512
6003,196241498,512
6004,196273674,512
6005,196305732,512
6006,196337797,512
6007,196372432,512
6008,196404497,512
6009,196437588,512
6010,196469688,512
6011,196504295,512
6012,196538478,512
6013,196571739,512
6014,196604312,512
6015,196636370,512
6016,196668548,512
6017,196700738,512
6018,196732822,512
6019,196764953,512
6020,196797000,512
6021,196829013,512
6022,196861189,512
6023,196893230,512
6024,196927840,512
6025,196959910,512
6026,196992275,512
6027,197024336,512
6028,197056657,512
6029,197088828,512
6030,197120960,512
6031,197155726,512
6032,197187994,512
6033,197220012,512
6034,197253065,512
6035,197287116,512
6036,197319379,512
6037,197351478,512
6038,197383520,512
6039,197415796,512
6040,197447838,512
6041,197479863,512
6042,197511874,512
6043,197543984,512
6044,197576084,512
6045,197608176,512
6046,197640277,512
6047,197674951,512
6048,197707348,512
6049,197739516,512
6050,197771610,512
6051,197803762,512
6052,197835932,512
6053,197869380,512
6054,197902614,512
6055,197934624,512
6056,197966726,512
6057,197998729,512
6058,198030804,512
6059,198062949,512
6060,198094997,512
6061,198127034,512
6062,198159123,512
6063,198191260,512
6064,198223598,512
6065,198255712,512
6066,198290409,512
6067,198322821,512
6068,198354955,512
6069,198387002,512
6070,198419112,512
6071,198451217,512
6072,198483890,512
6073,198518111,512
6074,198550499,512
6075,198583904,512
6076,198617861,512
6077,198650185,512
6078,198682444,512
6079,198714628,512
6080,198746732,512
6081,198778879,512
6082,198811072,512
6083,198843077,512
6084,198877594,512
6085,198909614,512
6086,198941663,512
6087,198973946,512
6088,199006064,512
6089,199038213,512
6090,199070413,512
6091,199102461,512
6092,199134547,512
6093,199166547,512
6094,199199405,512
6095,199233096,512
6096,199265337,512
6097,199297444,512
6098,199329494,512
6099,199361650,512
6100,199393722,512
6101,199425806,512
6102,199457968,512
6103,199489992,512
6104,199522186,512
6105,199556845,512
6106,199588931,512
6107,199621313,512
6108,199653441,512
6109,199685563,512
6110,199717627,512
6111,199749754,512
6112,199781932,512
6113,199814554,512
6114,199848618,512
6115,199880719,512
6116,199913068,512
6117,199945172,512
6118,199977221,512
6119,200009411,512
6120,200041484,512
6121,200073526,512
6122,200105636,512
6123,200140254,512
6124,200172256,512
6125,200204284,512
6126,200236516,512
6127,200268554,512
6128,200300723,512
6129,200332808,512
6130,200364899,512
6131,200396935,512
6132,200429337,512
6133,200463508,512
6134,200495918,512
6135,200529725,512
6136,200564116,512
6137,200596385,512
6138,200628399,512
6139,200660438,512
6140,200692441,512
6141,200724535,512
6142,200756673,512
6143,200788823,512
6144,200823454,512
6145,200855574,512
6146,200887606,512
6147,200919919,512
6148,200952105,512
6149,200984148,512
6150,201016314,512
6151,201048373,512
6152,201080421,512
6153,201112550,512
6154,201145897,512
6155,201178858,512
6156,201211213,512
6157,201243258,512
6158,201275486,512
6159,201307682,512
6160,201339706,512
6161,201371758,512
6162,201403860,512
6163,201435904,512
6164,201468088,512
6165,201502766,512
6166,201534981,512
6167,201567102,512
6168,201599250,512
6169,201631396,512
6170,201663624,512
6171,201695811,512
6172,201730480,512
6173,201764086,512
6174,201797953,512
6175,201830239,512
6176,201864032,512
6177,201897997,512
6178,201930308,512
6179,201965429,512
6180,201997871,512
6181,202031693,512
6182,202068388,512
6183,202102121,512
6184,202134213,512
6185,202166336,512
6186,202198494,512
6187,202230516,512
6188,202262702,512
6189,202294752,512
6190,202326867,512
6191,202359057,512
6192,202393542,512
6193,202425778,512
6194,202457868,512
6195,202490079,512
6196,202522269,512
6197,202554346,512
6198,202586480,512
6199,202618682,512
6200,202650800,512
6201,202685523,512
6202,202717591,512
6203,202749851,512
6204,202783923,512
6205,202817542,512
6206,202849595,512
6207,202881714,512
6208,202913854,512
6209,202946035,512
6210,202978170,512
6211,203010348,512
6212,203042436,512
6213,203076548,512
6214,203108895,512
6215,203141163,512
6216,203173368,512
6217,203206433,512
6218,203240830,512
6219,203273234,512
6220,203305405,512
6221,203337439,512
6222,203369590,512
6223,203402082,512
6224,203436194,512
6225,203468898,512
6226,203501244,512
6227,203533352,512
6228,203565398,512
6229,203597501,512
6230,203629658,512
6231,203661681,512
6232,203696410,512
6233,203728627,512
6234,203760703,512
6235,203792744,512
6236,203824927,512
6237,203857119,512
6238,203889170,512
6239,203921187,512
6240,203953314,512
6241,203985323,512
6242,204017390,512
6243,204051875,512
6244,204084311,512
6245,204117231,512
6246,204151695,512
6247,204183790,512
6248,204218113,512
6249,204251772,512
6250,204284138,512
6251,204316177,512
6252,204348507,512
6253,204380675,512
6254,204412757,512
6255,204444839,512
6256,204479169,512
6257,204511470,512
6258,204543780,512
6259,204575886,512
6260,204607969,512
6261,204640040,512
6262,204672155,512
6263,204704259,512
6264,204736267,512
6265,204768263,512
6266,204800385,512
6267,204832854,512
6268,204867034,512
6269,204899491,512
6270,204932507,512
6271,204966873,512
6272,204998963,512
6273,205031012,512
6274,205063148,512
6275,205095487,512
6276,205127651,512
6277,205159710,512
6278,205191833,512
6279,205223957,512
6280,205258989,512
6281,205291085,512
6282,205323112,512
6283,205355116,512
6284,205387317,512
6285,205419317,512
6286,205451490,512
6287,205483586,512
6288,205515655,512
6289,205548834,512
6290,205581896,512
6291,205614114,512
6292,205646317,512
6293,205678460,512
6294,205710837,512
6295,205742891,512
6296,205775004,512
6297,205807100,512
6298,205839189,512
6299,205871250,512
6300,205906043,512
6301,205938259,512
6302,205970312,512
6303,206002460,512
6304,206034532,512
6305,206066667,512
6306,206098813,512
6307,206130954,512
6308,206163733,512
6309,206197173,512
6310,206229855,512
6311,206262052,512
6312,206294070,512
6313,206326188,512
6314,206358275,512
6315,206390285,512
6316,206422420,512
6317,206454597,512
6318,206489200,512
6319,206521294,512
6320,206553503,512
6321,206585523,512
6322,206617698,512
6323,206649871,512
6324,206682041,512
6325,206714112,512
6326,206746174,512
6327,206778213,512
6328,206812746,512
6329,206844927,512
6330,206878732,512
6331,206912918,512
6332,206945297,512
6333,206977482,512
6334,207009611,512
6335,207041713,512
6336,207073845,512
6337,207108502,512
6338,207140870,512
6339,207173006,512
6340,207205100,512
6341,207237148,512
6342,207269221,512
6343,207301279,512
6344,207333366,512
6345,207365499,512
6346,207400218,512
6347,207432325,512
6348,207464500,512
6349,207497812,512
6350,207531862,512
6351,207563977,512
6352,207597313,512
6353,207629334,512
6354,207663849,512
6355,207695933,512
6356,207728093,512
6357,207760282,512
6358,207792357,512
6359,207824416,512
6360,207856525,512
6361,207888698,512
6362,207920747,512
6363,207952882,512
6364,207984936,512
6365,208019506,512
6366,208051594,512
6367,208083835,512
6368,208116016,512
6369,208148221,512
6370,208180335,512
6371,208212439,512
6372,208244552,512
6373,208279239,512
6374,208313946,512
6375,208346879,512
6376,208379161,512
6377,208411274,512
6378,208443654,512
6379,208475695,512
6380,208507893,512
6381,208540083,512
6382,208572186,512
6383,208604213,512
6384,208638782,512
6385,208670893,512
6386,208703091,512
6387,208735308,512
6388,208767443,512
6389,208799453,512
6390,208831578,512
6391,208863748,512
6392,208895939,512
6393,208929146,512
6394,208962173,512
6395,208994453,512
6396,209026485,512
6397,209058659,512
6398,209090690,512
6399,209122870,512
6400,209154909,512
6401,209187031,512
6402,209219149,512
6403,209251243,512
6404,209283408,512
6405,209315451,512
6406,209350022,512
6407,209382478,512
6408,209414626,512
6409,209446724,512
6410,209478734,512
6411,209510837,512
6412,209543016,512
6413,209575096,512
6414,209607187,512
6415,209643323,512
6416,209677767,512
6417,209710152,512
6418,209742185,512
6419,209774352,512
6420,209806456,512
6421,209838547,512
6422,209870609,512
6423,209902713,512
6424,209937408,512
6425,209969877,512
6426,210001967,512
6427,210034149,512
6428,210066160,512
6429,210098197,512
6430,210130399,512
6431,210162476,512
6432,210194548,512
6433,210228947,512
6434,210262897,512
6435,210297157,512
6436,210329194,512
6437,210362342,512
6438,210396527,512
6439,210428969,512
6440,210462834,512
6441,210496658,512
6442,210528784,512
6443,210560922,512
6444,210593019,512
6445,210625085,512
6446,210657199,512
6447,210689258,512
6448,210721396,512
6449,210753583,512
6450,210785726,512
6451,210817771,512
6452,210852406,512
6453,210884485,512
6454,210916658,512
6455,210948770,512
6456,210981033,512
6457,211013075,512
6458,211045149,512
6459,211078789,512
6460,211112083,512
6461,211144181,512
6462,211176498,512
6463,211208499,512
6464,211240603,512
6465,211272623,512
6466,211304623,512
6467,211336678,512
6468,211368953,512
6469,211401020,512
6470,211433162,512
6471,211467933,512
6472,211500214,512
6473,211532399,512
6474,211564478,512
6475,211596742,512
6476,211628856,512
6477,211660934,512
6478,211693451,512
6479,211727196,512
6480,211759507,512
6481,211793302,512
6482,211827038,512
6483,211859745,512
6484,211891766,512
6485,211923930,512
6486,211956081,512
6487,211988112,512
6488,212020127,512
6489,212052190,512
6490,212084226,512
6491,212116300,512
6492,212148327,512
6493,212182980,512
6494,212215425,512
6495,212247502,512
6496,212279638,512
6497,212311822,512
6498,212343949,512
6499,212376010,512
6500,212408876,512
6501,212442718,512
6502,212474817,512
6503,212507166,512
6504,212539331,512
6505,212571433,512
6506,212603494,512
6507,212635499,512
6508,212667571,512
6509,212699716,512
6510,212734401,512
6511,212766735,512
6512,212798997,512
6513,212831151,512
6514,212863260,512
6515,212895352,512
6516,212927470,512
6517,212962443,512
6518,212994555,512
6519,213027861,512
6520,213061606,512
6521,213094042,512
6522,213126656,512
6523,213158657,512
6524,213190784,512
6525,213222922,512
6526,213255117,512
6527,213287139,512
6528,213321815,512
6529,213354060,512
6530,213386168,512
6531,213418229,512
6532,213450240,512
6533,213482243,512
6534,213514351,512
6535,213546470,512
6536,213578628,512
6537,213610689,512
6538,213645181,512
6539,213677331,512
6540,213709674,512
6541,213742337,512
6542,213774437,512
6543,213806532,512
6544,213843784,512
6545,213876853,512
6546,213909150,512
6547,213941172,512
6548,213973331,512
6549,214005507,512
6550,214037599,512
6551,214069640,512
6552,214101837,512
6553,214133895,512
6554,214166053,512
6555,214198123,512
6556,214232974,512
6557,214265192,512
6558,214297240,512
6559,214329445,512
6560,214361859,512
6561,214396657,512
6562,214429027,512
6563,214461504,512
6564,214493671,512
6565,214528366,512
6566,214561790,512
6567,214596437,512
6568,214628631,512
6569,214662713,512
6570,214695886,512
6571,214728231,512
6572,214760309,512
6573,214792444,512
6574,214824511,512
6575,214856557,512
6576,214888620,512
6577,214920814,512
6578,214952851,512
6579,214984974,512
6580,215017084,512
6581,215049181,512
6582,215084180,512
6583,215116178,512
6584,215148221,512
6585,215180306,512
6586,215212349,512
6587,215244380,512
6588,215277846,512
6589,215311269,512
6590,215343478,512
6591,215377473,512
6592,215411846,512
6593,215443956,512
6594,215476003,512
6595,215508057,512
6596,215540234,512
6597,215572260,512
6598,215604283,512
6599,215636296,512
6600,215668420,512
6601,215703123,512
6602,215735526,512
6603,215767597,512
6604,215799732,512
6605,215831736,512
6606,215863821,512
6607,215895919,512
6608,215928067,512
6609,215960098,512
6610,215995746,512
6611,216027873,512
6612,216059904,512
6613,216092054,512
6614,216126619,512
6615,216158684,512
6616,216191196,512
6617,216223354,512
6618,216255459,512
6619,216287562,512
6620,216319635,512
6621,216351671,512
6622,216386393,512
6623,216418644,512
6624,216450661,512
6625,216482771,512
6626,216514914,512
6627,216547094,512
6628,216579282,512
6629,216611431,512
6630,216643429,512
6631,216678128,512
6632,216710769,512
6633,216742948,512
6634,216775126,512
6635,216807221,512
6636,216841845,512
6637,216873856,512
6638,216906686,512
6639,216938696,512
6640,216970834,512
6641,217003029,512
6642,217037747,512
6643,217070104,512
6644,217102185,512
6645,217134252,512
6646,217166256,512
6647,217198412,512
6648,217230554,512
6649,217262688,512
6650,217294680,512
6651,217326889,512
6652,217360879,512
6653,217393180,512
6654,217427525,512
6655,217460730,512
6656,217493160,512
6657,217525423,512
6658,217557765,512
6659,217589790,512
6660,217621948,512
6661,217654039,512
6662,217686104,512
6663,217718260,512
6664,217752808,512
6665,217784865,512
6666,217817239,512
6667,217849298,512
6668,217881484,512
6669,217913580,512
6670,217945875,512
6671,217980505,512
6672,218012571,512
6673,218044894,512
6674,218076965,512
6675,218109028,512
6676,218142408,512
6677,218175969,512
6678,218208322,512
6679,218240605,512
6680,218272681,512
6681,218304781,512
6682,218336987,512
6683,218369084,512
6684,218401269,512
6685,218433427,512
6686,218468090,512
6687,218500388,512
6688,218532502,512
6689,218564552,512
6690,218596662,512
6691,218628765,512
6692,218660774,512
6693,218692901,512
6694,218725082,512
6695,218757785,512
6696,218791316,512
6697,218823797,512
6698,218855935,512
6699,218888314,512
6700,218920606,512
6701,218952780,512
6702,218987443,512
6703,219019525,512
6704,219051526,512
6705,219083860,512
6706,219115954,512
6707,219148080,512
6708,219180216,512
6709,219212234,512
6710,219244395,512
6711,219276499,512
6712,219308512,512
6713,219343115,512
6714,219376324,512
6715,219408429,512
6716,219442977,512
6717,219475934,512
6718,219508023,512
6719,219540040,512
6720,219572171,512
6721,219606864,512
6722,219639200,512
6723,219671278,512
6724,219703399,512
6725,219735446,512
6726,219767533,512
6727,219799694,512
6728,219831805,512
6729,219863859,512
6730,219898465,512
6731,219930516,512
6732,219962891,512
6733,219995055,512
6734,220027200,512
6735,220059217,512
6736,220091818,512
6737,220125818,512
6738,220158261,512
6739,220192342,512
6740,220226091,512
6741,220258099,512
6742,220290119,512
6743,220322300,512
6744,220354431,512
6745,220386506,512
6746,220418553,512
6747,220450683,512
6748,220482704,512
6749,220514839,512
6750,220546875,512
6751,220579070,512
6752,220613790,512
6753,220645939,512
6754,220678130,512
6755,220710156,512
6756,220742199,512
6757,220774245,512
6758,220807160,512
6759,220841416,512
6760,220873792,512
6761,220907363,512
6762,220941424,512
6763,220973790,512
6764,221005921,512
6765,221038029,512
6766,221070083,512
6767,221102162,512
6768,221134181,512
6769,221166348,512
6770,221198438,512
6771,221233155,512
6772,221265443,512
6773,221297517,512
6774,221329592,512
6775,221361732,512
6776,221393778,512
6777,221425947,512
6778,221457973,512
6779,221490112,512
6780,221523522,512
6781,221556673,512
6782,221588820,512
6783,221621043,512
6784,221653071,512
6785,221685229,512
6786,221717430,512
6787,221749511,512
6788,221781550,512
6789,221813664,512
6790,221848425,512
6791,221880565,512
6792,221912693,512
6793,221944844,512
6794,221977001,512
6795,222009146,512
6796,222041181,512
6797,222073260,512
6798,222105446,512
6799,222138073,512
6800,222172111,512
6801,222204445,512
6802,222237905,512
6803,222272031,512
6804,222304425,512
6805,222336431,512
6806,222368447,512
6807,222400545,512
6808,222432670,512
6809,222464738,512
6810,222496757,512
6811,222528887,512
6812,222563570,512
6813,222595653,512
6814,222627680,512
6815,222659982,512
6816,222691997,512
6817,222724002,512
6818,222756013,512
6819,222788098,512
6820,222820123,512
6821,222853218,512
6822,222887132,512
6823,222919458,512
6824,222951801,512
6825,222983949,512
6826,223016145,512
6827,223048260,512
6828,223080411,512
6829,223114994,512
6830,223147069,512
6831,223179520,512
6832,223211529,512
6833,223243576,512
6834,223275681,512
6835,223307785,512
6836,223339788,512
6837,223371968,512
6838,223404022,512
6839,223438681,512
6840,223472307,512
6841,223507075,512
6842,223539089,512
6843,223571666,512
6844,223603677,512
6845,223635772,512
6846,223672233,512
6847,223706332,512
6848,223738363,512
6849,223770543,512
6850,223802696,512
6851,223834881,512
6852,223867071,512
6853,223899084,512
6854,223931268,512
6855,223963290,512
6856,223995338,512
6857,224029997,512
6858,224062070,512
6859,224094303,512
6860,224126311,512
6861,224158359,512
6862,224190516,512
6863,224222683,512
6864,224254784,512
6865,224288304,512
6866,224321710,512
6867,224353784,512
6868,224386140,512
6869,224418174,512
6870,224450317,512
6871,224482359,512
6872,224514438,512
6873,224546547,512
6874,224578573,512
6875,224610630,512
6876,224642684,512
6877,224677396,512
6878,224709710,512
6879,224741848,512
6880,224773880,512
6881,224806305,512
6882,224838347,512
6883,224873565,512
6884,224905589,512
6885,224937642,512
6886,224969720,512
6887,225002905,512
6888,225036976,512
6889,225069348,512
6890,225101372,512
6891,225133516,512
6892,225165670,512
6893,225197862,512
6894,225229899,512
6895,225261955,512
6896,225296554,512
6897,225328990,512
6898,225361158,512
6899,225393321,512
6900,225425504,512
6901,225457704,512
6902,225492379,512
6903,225524755,512
6904,225556818,512
6905,225588829,512
6906,225621997,512
6907,225656300,512
6908,225688364,512
6909,225721658,512
6910,225756128,512
6911,225788473,512
6912,225822100,512
6913,225856422,512
6914,225888457,512
6915,225920502,512
6916,225952553,512
6917,225984638,512
6918,226016694,512
6919,226048791,512
6920,226080901,512
6921,226113045,512
6922,226147649,512
6923,226180126,512
6924,226212323,512
6925,226244421,512
6926,226276462,512
6927,226308483,512
6928,226340659,512
6929,226372682,512
6930,226404740,512
6931,226437292,512
6932,226471395,512
6933,226503759,512
6934,226535860,512
6935,226567882,512
6936,226599955,512
6937,226631977,512
6938,226664173,512
6939,226696318,512
6940,226731012,512
6941,226763385,512
6942,226795447,512
6943,226827524,512
6944,226859551,512
6945,226891663,512
6946,226923684,512
6947,226955735,512
6948,226987931,512
6949,227020001,512
6950,227053292,512
6951,227086370,512
6952,227118726,512
6953,227151089,512
6954,227183100,512
6955,227215301,512
6956,227247358,512
6957,227279516,512
6958,227311551,512
6959,227343622,512
6960,227375627,512
6961,227410320,512
6962,227442684,512
6963,227474837,512
6964,227507007,512
6965,227539170,512
6966,227571247,512
6967,227603285,512
6968,227635323,512
6969,227667830,512
6970,227702132,512
6971,227734497,512
6972,227767538,512
6973,227802128,512
6974,227834406,512
6975,227866466,512
6976,227898502,512
6977,227930689,512
6978,227962747,512
6979,227994783,512
6980,228026899,512
6981,228058997,512
6982,228093516,512
6983,228125652,512
6984,228158109,512
6985,228190266,512
6986,228222378,512
6987,228254454,512
6988,228286640,512
6989,228321249,512
6990,228353287,512
6991,228386412,512
6992,228418415,512
6993,228450549,512
6994,228486737,512
6995,228521079,512
6996,228553305,512
6997,228585514,512
6998,228617564,512
6999,228649741,512
7000,228681740,512
7001,228713750,512
7002,228745761,512
7003,228777808,512
7004,228809848,512
7005,228842032,512
7006,228874071,512
7007,228908901,512
7008,228941162,512
7009,228973317,512
7010,229005413,512
7011,229037546,512
7012,229069645,512
7013,229104570,512
7014,229136901,512
7015,229169063,512
7016,229201836,512
7017,229236421,512
7018,229268781,512
7019,229300883,512
7020,229333034,512
7021,229365094,512
7022,229397283,512
7023,229429496,512
7024,229464013,512
7025,229496055,512
7026,229528415,512
7027,229560458,512
7028,229592514,512
7029,229624641,512
7030,229656767,512
7031,229688794,512
7032,229720979,512
7033,229752994,512
7034,229785013,512
7035,229818168,512
7036,229851784,512
7037,229884034,512
7038,229916176,512
7039,229948169,512
7040,229980221,512
7041,230012262,512
7042,230044410,512
7043,230076532,512
7044,230108559,512
7045,230140587,512
7046,230175250,512
7047,230207304,512
7048,230239298,512
7049,230271360,512
7050,230303589,512
7051,230335955,512
7052,230368020,512
7053,230400047,512
7054,230432406,512
7055,230467250,512
7056,230499274,512
7057,230533017,512
7058,230566948,512
7059,230598981,512
7060,230631309,512
7061,230663469,512
7062,230695638,512
7063,230727806,512
7064,230759831,512
7065,230791954,512
7066,230823996,512
7067,230858506,512
7068,230890908,512
7069,230922940,512
7070,230955004,512
7071,230987078,512
7072,231019238,512
7073,231051266,512
7074,231083460,512
7075,231115608,512
7076,231148893,512
7077,231182317,512
7078,231214603,512
7079,231246837,512
7080,231278962,512
7081,231311058,512
7082,231343243,512
7083,231377890,512
7084,231410018,512
7085,231442328,512
7086,231474325,512
7087,231506369,512
7088,231538454,512
7089,231570575,512
7090,231602640,512
7091,231634690,512
7092,231666866,512
7093,231698914,512
7094,231733611,512
7095,231766868,512
7096,231801489,512
7097,231833555,512
7098,231866402,512
7099,231898452,512
7100,231930453,512
7101,231962626,512
7102,231997257,512
7103,232029274,512
7104,232061670,512
7105,232093840,512
7106,232125996,512
7107,232158193,512
7108,232190312,512
7109,232225373,512
7110,232257553,512
7111,232289592,512
7112,232321694,512
7113,232353883,512
7114,232385884,512
7115,232418041,512
7116,232450167,512
7117,232485037,512
7118,232517311,512
7119,232549316,512
7120,232582777,512
7121,232616793,512
7122,232649019,512
7123,232681135,512
7124,232713285,512
7125,232745421,512
7126,232777490,512
7127,232809658,512
7128,232844705,512
7129,232876969,512
7130,232909123,512
7131,232941152,512
7132,232973215,512
7133,233005213,512
7134,233037353,512
7135,233069465,512
7136,233104175,512
7137,233136503,512
7138,233168623,512
7139,233200689,512
7140,233232787,512
7141,233264826,512
7142,233297901,512
7143,233332422,512
7144,233364589,512
7145,233396699,512
7146,233428713,512
7147,233460864,512
7148,233493008,512
7149,233525076,512
7150,233559869,512
7151,233591936,512
7152,233623958,512
7153,233656144,512
7154,233688187,512
7155,233720260,512
7156,233752309,512
7157,233784467,512
7158,233816690,512
7159,233851293,512
7160,233883434,512
7161,233917167,512
7162,233951324,512
7163,233983702,512
7164,234016009,512
7165,234048152,512
7166,234080311,512
7167,234112427,512
7168,234147083,512
7169,234179279,512
7170,234211418,512
7171,234243533,512
7172,234275544,512
7173,234307695,512
7174,234339690,512
7175,234371873,512
7176,234403938,512
7177,234435957,512
7178,234470420,512
7179,234502703,512
7180,234535101,512
7181,234567219,512
7182,234599260,512
7183,234631874,512
7184,234666437,512
7185,234698461,512
7186,234732913,512
7187,234766413,512
7188,234798754,512
7189,234830812,512
7190,234862902,512
7191,234895047,512
7192,234927076,512
7193,234959235,512
7194,234991371,512
7195,235026105,512
7196,235058541,512
7197,235090642,512
7198,235122741,512
7199,235154796,512
7200,235186922,512
7201,235218932,512
7202,235251168,512
7203,235285740,512
7204,235318046,512
7205,235350826,512
7206,235382883,512
7207,235417541,512
7208,235451250,512
7209,235485496,512
7210,235517641,512
7211,235552097,512
7212,235585558,512
7213,235617927,512
7214,235650068,512
7215,235682201,512
7216,235714296,512
7217,235746312,512
7218,235778511,512
7219,235813238,512
7220,235845673,512
7221,235877783,512
7222,235909884,512
7223,235942087,512
7224,235974126,512
7225,236006137,512
7226,236038235,512
7227,236070289,512
7228,236104984,512
7229,236137245,512
7230,236169861,512
7231,236202034,512
7232,236237087,512
7233,236270246,512
7234,236304698,512
7235,236337068,512
7236,236371280,512
7237,236404570,512
7238,236436602,512
7239,236468681,512
7240,236501115,512
7241,236533364,512
7242,236565461,512
7243,236597472,512
7244,236629589,512
7245,236664230,512
7246,236696256,512
7247,236728257,512
7248,236760701,512
7249,236792738,512
7250,236824897,512
7251,236857016,512
7252,236889235,512
7253,236921384,512
7254,236956011,512
7255,236989373,512
7256,237024554,512
7257,237056583,512
7258,237089153,512
7259,237123961,512
7260,237156349,512
7261,237190658,512
7262,237223980,512
7263,237256172,512
7264,237288347,512
7265,237320350,512
7266,237352465,512
7267,237384523,512
7268,237416582,512
7269,237448621,512
7270,237481116,512
7271,237513901,512
7272,237547523,512
7273,237580027,512
7274,237612221,512
7275,237644331,512
7276,237676478,512
7277,237711135,512
7278,237743251,512
7279,237775507,512
7280,237808115,512
7281,237840311,512
7282,237875405,512
7283,237908992,512
7284,237943007,512
7285,237975340,512
7286,238009655,512
7287,238042935,512
7288,238075198,512
7289,238107557,512
7290,238139751,512
7291,238171833,512
7292,238203884,512
7293,238235927,512
7294,238270645,512
7295,238302827,512
7296,238334891,512
7297,238367005,512
7298,238399065,512
7299,238431077,512
7300,238463146,512
7301,238495313,512
7302,238527340,512
7303,238559415,512
7304,238591575,512
7305,238624012,512
7306,238658230,512
7307,238690662,512
7308,238722736,512
7309,238754796,512
7310,238786803,512
7311,238818881,512
7312,238850943,512
7313,238883133,512
7314,238917818,512
7315,238950312,512
7316,238982461,512
7317,239014563,512
7318,239046583,512
7319,239078608,512
7320,239110718,512
7321,239142732,512
7322,239174811,512
7323,239206839,512
7324,239238915,512
7325,239273797,512
7326,239305987,512
7327,239339605,512
7328,239373387,512
7329,239405614,512
7330,239437816,512
7331,239469997,512
7332,239502193,512
7333,239534285,512
7334,239566464,512
7335,239601171,512
7336,239633487,512
7337,239665659,512
7338,239697786,512
7339,239729869,512
7340,239761975,512
7341,239794047,512
7342,239826091,512
7343,239858147,512
7344,239892797,512
7345,239925173,512
7346,239958111,512
7347,239992645,512
7348,240025002,512
7349,240058030,512
7350,240092583,512
7351,240124849,512
7352,240158432,512
7353,240192545,512
7354,240224558,512
7355,240256834,512
7356,240288864,512
7357,240321062,512
7358,240353102,512
7359,240385166,512
7360,240417260,512
7361,240449260,512
7362,240481274,512
7363,240513412,512
7364,240548033,512
7365,240580496,512
7366,240612591,512
7367,240644658,512
7368,240676740,512
7369,240708888,512
7370,240740914,512
7371,240774463,512
7372,240807837,512
7373,240840081,512
7374,240872295,512
7375,240904484,512
7376,240936664,512
7377,240968731,512
7378,241000912,512
7379,241035529,512
7380,241067630,512
7381,241099818,512
7382,241132001,512
7383,241164180,512
7384,241196334,512
7385,241228522,512
7386,241260532,512
7387,241292577,512
7388,241327573,512
7389,241359741,512
7390,241392558,512
7391,241427075,512
7392,241459451,512
7393,241492061,512
7394,241524216,512
7395,241556260,512
7396,241588313,512
7397,241622870,512
7398,241655220,512
7399,241687312,512
7400,241719488,512
7401,241751681,512
7402,241783737,512
7403,241815757,512
7404,241847772,512
7405,241879957,512
7406,241914726,512
7407,241946945,512
7408,241979111,512
7409,242011101,512
7410,242043239,512
7411,242075238,512
7412,242107846,512
7413,242142411,512
7414,242174673,512
7415,242208517,512
7416,242242256,512
7417,242274623,512
7418,242306677,512
7419,242338721,512
7420,242370836,512
7421,242402890,512
7422,242434957,512
7423,242467022,512
7424,242499119,512
7425,242531221,512
7426,242565841,512
7427,242597858,512
7428,242630229,512
7429,242662404,512
7430,242694555,512
7431,242726676,512
7432,242758693,512
7433,242790828,512
7434,242825424,512
7435,242857711,512
7436,242889830,512
7437,242923062,512
7438,242957517,512
7439,242989813,512
7440,243021858,512
7441,243054036,512
7442,243086090,512
7443,243118247,512
7444,243150277,512
7445,243182357,512
7446,243214460,512
7447,243249107,512
7448,243281256,512
7449,243313683,512
7450,243345698,512
7451,243377735,512
7452,243409831,512
7453,243441930,512
7454,243474073,512
7455,243506235,512
7456,243539167,512
7457,243572947,512
7458,243605280,512
7459,243637432,512
7460,243669471,512
7461,243701496,512
7462,243733548,512
7463,243765630,512
7464,243797814,512
7465,243829897,512
7466,243864567,512
7467,243896721,512
7468,243928914,512
7469,243961040,512
7470,243993081,512
7471,244025221,512
7472,244057611,512
7473,244092363,512
7474,244124778,512
7475,244157746,512
7476,244192240,512
7477,244224553,512
7478,244257621,512
7479,244292079,512
7480,244324107,512
7481,244358671,512
7482,244391981,512
7483,244424342,512
7484,244456511,512
7485,244488511,512
7486,244520516,512
7487,244552661,512
7488,244584746,512
7489,244616819,512
7490,244648993,512
7491,244683341,512
7492,244715614,512
7493,244747984,512
7494,244780139,512
7495,244812337,512
7496,244844338,512
7497,244876406,512
7498,244908480,512
7499,244940659,512
7500,244973134,512
7501,245007213,512
7502,245039601,512
7503,245073054,512
7504,245107127,512
7505,245139213,512
7506,245171252,512
7507,245203470,512
7508,245235623,512
7509,245267743,512
7510,245299933,512
7511,245331953,512
7512,245364034,512
7513,245396082,512
7514,245428163,512
7515,245462902,512
7516,245494964,512
7517,245527130,512
7518,245559259,512
7519,245591452,512
7520,245623650,512
7521,245655724,512
7522,245687865,512
7523,245722486,512
7524,245754578,512
7525,245786947,512
7526,245819034,512
7527,245851235,512
7528,245883415,512
7529,245915619,512
7530,245950194,512
7531,245982255,512
7532,246014629,512
7533,246046799,512
7534,246078878,512
7535,246110880,512
7536,246143195,512
7537,246175375,512
7538,246210742,512
7539,246242864,512
7540,246274999,512
7541,246307724,512
7542,246342152,512
7543,246374320,512
7544,246406933,512
7545,246439007,512
7546,246473654,512
7547,246507981,512
7548,246541633,512
7549,246573714,512
7550,246605713,512
7551,246638097,512
7552,246670185,512
7553,246702354,512
7554,246734362,512
7555,246766440,512
7556,246798493,512
7557,246830665,512
7558,246864996,512
7559,246897275,512
7560,246929281,512
7561,246961625,512
7562,246993771,512
7563,247025877,512
7564,247057977,512
7565,247090134,512
7566,247123524,512
7567,247158361,512
7568,247192907,512
7569,247226166,512
7570,247260836,512
7571,247293276,512
7572,247326896,512
7573,247360810,512
7574,247393219,512
7575,247425329,512
7576,247457421,512
7577,247489607,512
7578,247521714,512
7579,247553878,512
7580,247588483,512
7581,247620640,512
7582,247652808,512
7583,247684810,512
7584,247716929,512
7585,247749138,512
7586,247781186,512
7587,247813380,512
7588,247845437,512
7589,247877480,512
7590,247909501,512
7591,247942732,512
7592,247976171,512
7593,248008593,512
7594,248040793,512
7595,248072981,512
7596,248105060,512
7597,248137074,512
7598,248169164,512
7599,248203996,512
7600,248236270,512
7601,248268442,512
7602,248300494,512
7603,248332578,512
7604,248364683,512
7605,248396733,512
7606,248428864,512
7607,248463559,512
7608,248495823,512
7609,248527998,512
7610,248560188,512
7611,248592379,512
7612,248624478,512
7613,248657405,512
7614,248691430,512
7615,248723453,512
7616,248755493,512
7617,248787676,512
7618,248819696,512
7619,248851818,512
7620,248883939,512
7621,248916126,512
7622,248948253,512
7623,248980351,512
7624,249014976,512
7625,249047381,512
7626,249079383,512
7627,249111539,512
7628,249143676,512
7629,249175751,512
7630,249207798,512
7631,249239972,512
7632,249272755,512
7633,249306614,512
7634,249338722,512
7635,249371053,512
7636,249403078,512
7637,249435179,512
7638,249467269,512
7639,249499323,512
7640,249531374,512
7641,249563435,512
7642,249595631,512
7643,249630276,512
7644,249662355,512
7645,249694661,512
7646,249726782,512
7647,249759048,512
7648,249791167,512
7649,249823224,512
7650,249855300,512
7651,249888366,512
7652,249922071,512
7653,249954295,512
7654,249986431,512
7655,250018730,512
7656,250050910,512
7657,250083020,512
7658,250115167,512
7659,250149786,512
7660,250182191,512
7661,250214217,512
7662,250246255,512
7663,250278409,512
7664,250310575,512
7665,250342731,512
7666,250377451,512
7667,250409780,512
7668,250442001,512
7669,250474025,512
7670,250506291,512
7671,250538413,512
7672,250570576,512
7673,250605447,512
7674,250637696,512
7675,250669739,512
7676,250701930,512
7677,250734106,512
7678,250766132,512
7679,250798309,512
7680,250833117,512
7681,250865378,512
7682,250897409,512
7683,250929563,512
7684,250961618,512
7685,250993680,512
7686,251025851,512
7687,251057864,512
7688,251090037,512
7689,251124762,512
7690,251157052,512
7691,251189171,512
7692,251222380,512
7693,251256481,512
7694,251288516,512
7695,251322631,512
7696,251356494,512
7697,251388518,512
7698,251421889,512
7699,251456458,512
7700,251488904,512
7701,251521071,512
7702,251553260,512
7703,251585383,512
7704,251617447,512
7705,251649516,512
7706,251684138,512
7707,251716153,512
7708,251748529,512
7709,251780670,512
7710,251812753,512
7711,251844777,512
7712,251876873,512
7713,251908897,512
7714,251941088,512
7715,251973096,512
7716,252005104,512
7717,252037948,512
7718,252071756,512
7719,252104096,512
7720,252136172,512
7721,252168245,512
7722,252200397,512
7723,252232588,512
7724,252264676,512
7725,252299366,512
7726,252331516,512
7727,252363726,512
7728,252395756,512
7729,252427888,512
7730,252460020,512
7731,252492192,512
7732,252524277,512
7733,252556415,512
7734,252588458,512
7735,252623164,512
7736,252656143,512
7737,252688286,512
7738,252722906,512
7739,252756565,512
7740,252791018,512
7741,252823278,512
7742,252857439,512
7743,252890849,512
7744,252923275,512
7745,252955314,512
7746,252987490,512
7747,253019622,512
7748,253051782,512
7749,253083820,512
7750,253118502,512
7751,253150947,512
7752,253183012,512
7753,253215038,512
7754,253247058,512
7755,253279083,512
7756,253311183,512
7757,253343324,512
7758,253375496,512
7759,253407554,512
7760,253439580,512
7761,253472280,512
7762,253506108,512
7763,253538186,512
7764,253570641,512
7765,253602639,512
7766,253634631,512
7767,253666669,512
7768,253698737,512
7769,253730781,512
7770,253762967,512
7771,253795115,512
7772,253829810,512
7773,253861889,512
7774,253894145,512
7775,253926177,512
7776,253958337,512
7777,253990553,512
7778,254022552,512
7779,254054732,512
7780,254086879,512
7781,254121617,512
7782,254153983,512
7783,254187528,512
7784,254221344,512
7785,254253472,512
7786,254285627,512
7787,254317850,512
7788,254350040,512
7789,254382085,512
7790,254414240,512
7791,254446374,512
7792,254478427,512
7793,254513136,512
7794,254545316,512
7795,254577507,512
7796,254609628,512
7797,254641746,512
7798,254673798,512
7799,254705836,512
7800,254738026,512
7801,254772702,512
7802,254806284,512
7803,254840742,512
7804,254873256,512
7805,254906172,512
7806,254940579,512
7807,254972639,512
7808,255006324,512
7809,255040499,512
7810,255072502,512
7811,255104762,512
7812,255136841,512
7813,255168985,512
7814,255200981,512
7815,255233107,512
7816,255265269,512
7817,255297292,512
7818,255329325,512
7819,255361509,512
7820,255396099,512
7821,255428218,512
7822,255460419,512
7823,255492467,512
7824,255524585,512
7825,255556709,512
7826,255588727,512
7827,255621696,512
7828,255655846,512
7829,255688165,512
7830,255720315,512
7831,255752464,512
7832,255784578,512
7833,255816773,512
7834,255848881,512
7835,255880883,512
7836,255912884,512
7837,255947598,512
7838,255979664,512
7839,256011918,512
7840,256044097,512
7841,256076255,512
7842,256108260,512
7843,256140300,512
7844,256172360,512
7845,256204484,512
7846,256237353,512
7847,256271214,512
7848,256303342,512
7849,256336684,512
7850,256371063,512
7851,256403328,512
7852,256435609,512
7853,256467779,512
7854,256499820,512
7855,256531975,512
7856,256564043,512
7857,256596066,512
7858,256628139,512
7859,256662710,512
7860,256695095,512
7861,256727157,512
7862,256759185,512
7863,256791314,512
7864,256823470,512
7865,256855588,512
7866,256887658,512
7867,256919827,512
7868,256952661,512
7869,256986669,512
7870,257018868,512
7871,257050980,512
7872,257083052,512
7873,257115172,512
7874,257147320,512
7875,257179491,512
7876,257214373,512
7877,257246580,512
7878,257278689,512
7879,257310699,512
7880,257342822,512
7881,257375007,512
7882,257407061,512
7883,257439136,512
7884,257471248,512
7885,257505434,512
7886,257538057,512
7887,257571134,512
7888,257605447,512
7889,257637880,512
7890,257670834,512
7891,257702887,512
7892,257737570,512
7893,257771631,512
7894,257805602,512
7895,257837813,512
7896,257869910,512
7897,257902060,512
7898,257934155,512
7899,257966265,512
7900,257998360,512
7901,258030365,512
7902,258062410,512
7903,258094511,512
7904,258126584,512
7905,258161219,512
7906,258193385,512
7907,258225428,512
7908,258257429,512
7909,258289779,512
7910,258321956,512
7911,258354118,512
7912,258386937,512
7913,258421051,512
7914,258453469,512
7915,258485507,512
7916,258517554,512
7917,258549647,512
7918,258581722,512
7919,258613781,512
7920,258645884,512
7921,258677922,512
7922,258709963,512
7923,258744631,512
7924,258777018,512
7925,258809053,512
7926,258841139,512
7927,258873213,512
7928,258905302,512
7929,258937488,512
7930,258969591,512
7931,259001850,512
7932,259035870,512
7933,259068197,512
7934,259102229,512
7935,259135947,512
7936,259168152,512
7937,259200215,512
7938,259232332,512
7939,259264447,512
7940,259296558,512
7941,259328650,512
7942,259360819,512
7943,259392834,512
7944,259424904,512
7945,259457072,512
7946,259492022,512
7947,259524254,512
7948,259556414,512
7949,259588485,512
7950,259620557,512
7951,259652573,512
7952,259684638,512
7953,259717825,512
7954,259751182,512
7955,259783375,512
7956,259815671,512
7957,259847822,512
7958,259879958,512
7959,259912122,512
7960,259944126,512
7961,259976213,512
7962,260008388,512
7963,260040492,512
7964,260075061,512
7965,260107148,512
7966,260139566,512
7967,260171643,512
7968,260203789,512
7969,260235906,512
7970,260267999,512
7971,260300171,512
7972,260333122,512
7973,260366594,512
7974,260398717,512
7975,260430928,512
7976,260463098,512
7977,260495245,512
7978,260527414,512
7979,260559456,512
7980,260591518,512
7981,260623535,512
7982,260655603,512
7983,260687733,512
7984,260719819,512
7985,260754324,512
7986,260786453,512
7987,260818494,512
7988,260850519,512
7989,260882672,512
7990,260914864,512
7991,260947094,512
7992,260979099,512
7993,261011167,512
7994,261043177,512
7995,261075230,512
7996,261107291,512
7997,261139311,512
7998,261173984,512
7999,261206230,512
8000,261238445,512
8001,261270590,512
8002,261302733,512
8003,261334860,512
8004,261366977,512
8005,261399035,512
8006,261433610,512
8007,261465651,512
8008,261498004,512
8009,261530078,512
8010,261562639,512
8011,261594780,512
8012,261629458,512
8013,261664163,512
8014,261696978,512
8015,261729253,512
8016,261761392,512
8017,261793549,512
8018,261825742,512
8019,261857751,512
8020,261889768,512
8021,261921824,512
8022,261954012,512
8023,261986140,512
8024,262018274,512
8025,262052935,512
8026,262085018,512
8027,262117347,512
8028,262149469,512
8029,262181655,512
8030,262213733,512
8031,262245822,512
8032,262278753,512
8033,262312952,512
8034,262345037,512
8035,262378553,512
8036,262412842,512
8037,262445081,512
8038,262477102,512
8039,262509124,512
8040,262541235,512
8041,262573248,512
8042,262605413,512
8043,262637563,512
8044,262669609,512
8045,262701639,512
8046,262736304,512
8047,262768417,512
8048,262800545,512
8049,262832925,512
8050,262865033,512
8051,262897181,512
8052,262929350,512
8053,262964002,512
8054,262997184,512
8055,263029260,512
8056,263063875,512
8057,263098044,512
8058,263131483,512
8059,263164022,512
8060,263196024,512
8061,263228045,512
8062,263260098,512
8063,263292185,512
8064,263324297,512
8065,263356377,512
8066,263388494,512
8067,263420564,512
8068,263452596,512
8069,263484657,512
8070,263516723,512
8071,263551328,512
8072,263583405,512
8073,263615832,512
8074,263647986,512
8075,263680152,512
8076,263712271,512
8077,263744460,512
8078,263779116,512
8079,263812361,512
8080,263846637,512
8081,263879194,512
8082,263911225,512
8083,263943498,512
8084,263975539,512
8085,264007553,512
8086,264039725,512
8087,264071729,512
8088,264103924,512
8089,264135990,512
8090,264168124,512
8091,264202889,512
8092,264235043,512
8093,264267135,512
8094,264299322,512
8095,264331543,512
8096,264363618,512
8097,264395666,512
8098,264428970,512
8099,264462475,512
8100,264494568,512
8101,264526694,512
8102,264558835,512
8103,264591009,512
8104,264623194,512
8105,264655253,512
8106,264687372,512
8107,264719376,512
8108,264751422,512
8109,264783483,512
8110,264818152,512
8111,264850156,512
8112,264882288,512
8113,264914604,512
8114,264946776,512
8115,264978790,512
8116,265010873,512
8117,265044349,512
8118,265077428,512
8119,265109809,512
8120,265143770,512
8121,265177308,512
8122,265210071,512
8123,265242121,512
8124,265274255,512
8125,265306450,512
8126,265338496,512
8127,265370524,512
8128,265402600,512
8129,265434705,512
8130,265469285,512
8131,265501413,512
8132,265533643,512
8133,265565796,512
8134,265597857,512
8135,265630023,512
8136,265662198,512
8137,265694236,512
8138,265726263,512
8139,265759038,512
8140,265793215,512
8141,265825426,512
8142,265857604,512
8143,265889664,512
8144,265921724,512
8145,265953763,512
8146,265985799,512
8147,266018019,512
8148,266052685,512
8149,266084706,512
8150,266116943,512
8151,266149058,512
8152,266181265,512
8153,266213332,512
8154,266245381,512
8155,266277399,512
8156,266309408,512
8157,266341454,512
8158,266374672,512
8159,266407917,512
8160,266440294,512
8161,266472384,512
8162,266504417,512
8163,266536511,512
8164,266568801,512
8165,266600884,512
8166,266633015,512
8167,266665093,512
8168,266697280,512
8169,266729417,512
8170,266763873,512
8171,266795997,512
8172,266828137,512
8173,266860476,512
8174,266892647,512
8175,266924779,512
8176,266956924,512
8177,266989126,512
8178,267023790,512
8179,267056216,512
8180,267089613,512
8181,267123181,512
8182,267155706,512
8183,267187896,512
8184,267219909,512
8185,267252014,512
8186,267284047,512
8187,267316169,512
8188,267348240,512
8189,267380359,512
8190,267412438,512
8191,267444460,512
8192,267476462,512
8193,267508472,512
8194,267543365,512
8195,267575694,512
8196,267607985,512
8197,267640003,512
8198,267672191,512
8199,267705213,512
8200,267739005,512
8201,267771269,512
8202,267803486,512
8203,267835637,512
8204,267867780,512
8205,267899859,512
8206,267931900,512
8207,267964097,512
8208,267998777,512
8209,268031022,512
8210,268063030,512
8211,268095061,512
8212,268127170,512
8213,268159260,512
8214,268191387,512
8215,268223616,512
8216,268255733,512
8217,268290390,512
8218,268323518,512
8219,268355581,512
8220,268390266,512
8221,268424169,512
8222,268457960,512
8223,268490247,512
8224,268524980,512
8225,268558349,512
8226,268590649,512
8227,268622748,512
8228,268654750,512
8229,268686860,512
8230,268718887,512
8231,268750944,512
8232,268783023,512
8233,268815169,512
8234,268849726,512
8235,268881790,512
8236,268914214,512
8237,268946237,512
8238,268978267,512
8239,269010437,512
8240,269042512,512
8241,269074547,512
8242,269106650,512
8243,269139287,512
8244,269173640,512
8245,269205805,512
8246,269239270,512
8247,269273592,512
8248,269305758,512
8249,269337862,512
8250,269369975,512
8251,269401994,512
8252,269434064,512
8253,269466100,512
8254,269498273,512
8255,269530275,512
8256,269564988,512
8257,269597111,512
8258,269629274,512
8259,269661303,512
8260,269693540,512
8261,269725652,512
8262,269757758,512
8263,269789932,512
8264,269821936,512
8265,269854556,512
8266,269888762,512
8267,269921038,512
8268,269953040,512
8269,269985171,512
8270,270017349,512
8271,270049467,512
8272,270081574,512
8273,270113656,512
8274,270145762,512
8275,270180442,512
8276,270212863,512
8277,270244946,512
8278,270277020,512
8279,270309141,512
8280,270341152,512
8281,270373341,512
8282,270405425,512
8283,270437464,512
8284,270470509,512
8285,270503684,512
8286,270535969,512
8287,270568166,512
8288,270600168,512
8289,270632295,512
8290,270664304,512
8291,270696318,512
8292,270728439,512
8293,270760623,512
8294,270792823,512
8295,270824979,512
8296,270859591,512
8297,270892013,512
8298,270924049,512
8299,270956056,512
8300,270988061,512
8301,271020185,512
8302,271052232,512
8303,271085024,512
8304,271119072,512
8305,271151378,512
8306,271185303,512
8307,271218978,512
8308,271251262,512
8309,271283423,512
8310,271315621,512
8311,271347625,512
8312,271379701,512
8313,271411817,512
8314,271443896,512
8315,271475901,512
8316,271507953,512
8317,271540061,512
8318,271572170,512
8319,271604213,512
8320,271639034,512
8321,271671245,512
8322,271703603,512
8323,271735658,512
8324,271767722,512
8325,271800717,512
8326,271834717,512
8327,271867069,512
8328,271899138,512
8329,271931245,512
8330,271963416,512
8331,271995422,512
8332,272027482,512
8333,272059481,512
8334,272091525,512
8335,272123628,512
8336,272158294,512
8337,272190760,512
8338,272222897,512
8339,272255037,512
8340,272287213,512
8341,272322075,512
8342,272354124,512
8343,272386421,512
8344,272419340,512
8345,272454391,512
8346,272486438,512
8347,272519165,512
8348,272551230,512
8349,272585929,512
8350,272619838,512
8351,272653421,512
8352,272686047,512
8353,272718859,512
8354,272750864,512
8355,272783002,512
8356,272818176,512
8357,272850187,512
8358,272882323,512
8359,272914361,512
8360,272946462,512
8361,272978586,512
8362,273010762,512
8363,273045448,512
8364,273077876,512
8365,273109895,512
8366,273142083,512
8367,273174221,512
8368,273206357,512
8369,273238400,512
8370,273272914,512
8371,273304973,512
8372,273338056,512
8373,273370089,512
8374,273402264,512
8375,273438979,512
8376,273472959,512
8377,273505283,512
8378,273537572,512
8379,273569629,512
8380,273601716,512
8381,273633884,512
8382,273665953,512
8383,273700829,512
8384,273733074,512
8385,273765151,512
8386,273797260,512
8387,273829312,512
8388,273861379,512
8389,273893372,512
8390,273925427,512
8391,273957563,512
8392,273989685,512
8393,274024261,512
8394,274057554,512
8395,274092160,512
8396,274124213,512
8397,274157400,512
8398,274192132,512
8399,274224149,512
8400,274258276,512
8401,274291619,512
8402,274324021,512
8403,274356232,512
8404,274388289,512
8405,274420371,512
8406,274452571,512
8407,274484666,512
8408,274516854,512
8409,274548958,512
8410,274581039,512
8411,274615602,512
8412,274647623,512
8413,274679661,512
8414,274712051,512
8415,274744170,512
8416,274776245,512
8417,274808331,512
8418,274840468,512
8419,274873707,512
8420,274907453,512
8421,274939749,512
8422,274971825,512
8423,275003909,512
8424,275036054,512
8425,275068221,512
8426,275100352,512
8427,275132398,512
8428,275167035,512
8429,275199387,512
8430,275231498,512
8431,275263610,512
8432,275295721,512
8433,275327739,512
8434,275359911,512
8435,275392005,512
8436,275424137,512
8437,275458949,512
8438,275491061,512
8439,275523172,512
8440,275555278,512
8441,275588573,512
8442,275622656,512
8443,275654699,512
8444,275686750,512
8445,275718862,512
8446,275751029,512
8447,275783108,512
8448,275815127,512
8449,275847323,512
8450,275879494,512
8451,275911498,512
8452,275943661,512
8453,275978193,512
8454,276010595,512
8455,276042768,512
8456,276074964,512
8457,276107176,512
8458,276139188,512
8459,276171230,512
8460,276204676,512
8461,276237570,512
8462,276270042,512
8463,276302349,512
8464,276334383,512
8465,276366536,512
8466,276398587,512
8467,276430622,512
8468,276462721,512
8469,276494825,512
8470,276526899,512
8471,276558984,512
8472,276593698,512
8473,276625938,512
8474,276658022,512
8475,276690030,512
8476,276722050,512
8477,276754110,512
8478,276786275,512
8479,276819394,512
8480,276853419,512
8481,276885775,512
8482,276917963,512
8483,276950147,512
8484,276982256,512
8485,277014378,512
8486,277046429,512
8487,277081213,512
8488,277113468,512
8489,277145572,512
8490,277177572,512
8491,277209652,512
8492,277241788,512
8493,277273935,512
8494,277306110,512
8495,277340950,512
8496,277373331,512
8497,277405338,512
8498,277437398,512
8499,277469462,512
8500,277501533,512
8501,277534580,512
8502,277568571,512
8503,277600833,512
8504,277633102,512
8505,277665168,512
8506,277697213,512
8507,277729279,512
8508,277761400,512
8509,277793421,512
8510,277825611,512
8511,277860304,512
8512,277892342,512
8513,277924517,512
8514,277956571,512
8515,277988649,512
8516,278020853,512
8517,278052880,512
8518,278084945,512
8519,278117111,512
8520,278150516,512
8521,278184018,512
8522,278216361,512
8523,278248447,512
8524,278280507,512
8525,278312641,512
8526,278344705,512
8527,278376881,512
8528,278408963,512
8529,278443578,512
8530,278476010,512
8531,278508136,512
8532,278540341,512
8533,278572361,512
8534,278604447,512
8535,278636584,512
8536,278668587,512
8537,278700606,512
8538,278732710,512
8539,278765636,512
8540,278799361,512
8541,278831729,512
8542,278865302,512
8543,278899197,512
8544,278931246,512
8545,278963579,512
8546,278995637,512
8547,279027728,512
8548,279059866,512
8549,279091957,512
8550,279123984,512
8551,279156022,512
8552,279188156,512
8553,279222489,512
8554,279254860,512
8555,279287118,512
8556,279319221,512
8557,279351308,512
8558,279383620,512
8559,279415738,512
8560,279447880,512
8561,279480598,512
8562,279514567,512
8563,279546861,512
8564,279578973,512
8565,279611094,512
8566,279643289,512
8567,279675374,512
8568,279707381,512
8569,279739551,512
8570,279774189,512
8571,279806294,512
8572,279838524,512
8573,279870631,512
8574,279902685,512
8575,279934734,512
8576,279966831,512
8577,279998890,512
8578,280031032,512
8579,280063196,512
8580,280096236,512
8581,280129807,512
8582,280161924,512
8583,280194324,512
8584,280226327,512
8585,280258511,512
8586,280290658,512
8587,280322774,512
8588,280354887,512
8589,280389573,512
8590,280421627,512
8591,280453730,512
8592,280485975,512
8593,280518014,512
8594,280550075,512
8595,280582214,512
8596,280614563,512
8597,280646638,512
8598,280681345,512
8599,280713861,512
8600,280745951,512
8601,280778042,512
8602,280811039,512
8603,280844910,512
8604,280877045,512
8605,280909495,512
8606,280941656,512
8607,280973775,512
8608,281005863,512
8609,281037881,512
8610,281069910,512
8611,281102071,512
8612,281134094,512
8613,281168835,512
8614,281200873,512
8615,281233162,512
8616,281265268,512
8617,281297442,512
8618,281329515,512
8619,281361583,512
8620,281393771,512
8621,281427248,512
8622,281460269,512
8623,281492427,512
8624,281524469,512
8625,281556732,512
8626,281588941,512
8627,281621078,512
8628,281653264,512
8629,281685377,512
8630,281717534,512
8631,281749537,512
8632,281784149,512
8633,281816149,512
8634,281848180,512
8635,281880447,512
8636,281912675,512
8637,281944832,512
8638,281977014,512
8639,282009116,512
8640,282042040,512
8641,282075627,512
8642,282107750,512
8643,282141717,512
8644,282175649,512
8645,282208087,512
8646,282240241,512
8647,282272397,512
8648,282304475,512
8649,282336592,512
8650,282368721,512
8651,282403355,512
8652,282435379,512
8653,282467534,512
8654,282499944,512
8655,282532144,512
8656,282564311,512
8657,282596460,512
8658,282631155,512
8659,282663214,512
8660,282695234,512
8661,282727663,512
8662,282760194,512
8663,282792350,512
8664,282824371,512
8665,282860505,512
8666,282894989,512
8667,282927473,512
8668,282960720,512
8669,282994581,512
8670,283026844,512
8671,283059127,512
8672,283091263,512
8673,283123300,512
8674,283155396,512
8675,283187542,512
8676,283219552,512
8677,283251658,512
8678,283283658,512
8679,283315724,512
8680,283350288,512
8681,283382401,512
8682,283414565,512
8683,283446610,512
8684,283478800,512
8685,283510972,512
8686,283543170,512
8687,283576344,512
8688,283610141,512
8689,283642481,512
8690,283674569,512
8691,283706682,512
8692,283738833,512
8693,283770950,512
8694,283803123,512
8695,283835187,512
8696,283869839,512
8697,283902187,512
8698,283934364,512
8699,283966442,512
8700,283998599,512
8701,284030630,512
8702,284062666,512
8703,284094823,512
8704,284127009,512
8705,284161674,512
8706,284195005,512
8707,284229068,512
8708,284261359,512
8709,284294708,512
8710,284326725,512
8711,284358779,512
8712,284395310,512
8713,284429180,512
8714,284461607,512
8715,284493856,512
8716,284525883,512
8717,284557957,512
8718,284590002,512
8719,284622060,512
8720,284654180,512
8721,284686221,512
8722,284718235,512
8723,284752809,512
8724,284785003,512
8725,284817294,512
8726,284849427,512
8727,284881540,512
8728,284913682,512
8729,284945721,512
8730,284977847,512
8731,285011192,512
8732,285044371,512
8733,285076662,512
8734,285108746,512
8735,285140921,512
8736,285173194,512
8737,285205376,512
8738,285237548,512
8739,285269659,512
8740,285301694,512
8741,285333749,512
8742,285368301,512
8743,285400770,512
8744,285432817,512
8745,285464847,512
8746,285496982,512
8747,285528999,512
8748,285561058,512
8749,285593099,512
8750,285626128,512
8751,285659710,512
8752,285691931,512
8753,285725506,512
8754,285759668,512
8755,285791886,512
8756,285824165,512
8757,285856262,512
8758,285888435,512
8759,285920621,512
8760,285952658,512
8761,285984755,512
8762,286016858,512
8763,286051362,512
8764,286083853,512
8765,286116017,512
8766,286148238,512
8767,286180349,512
8768,286212398,512
8769,286244532,512
8770,286276535,512
8771,286308714,512
8772,286341859,512
8773,286374838,512
8774,286407160,512
8775,286439266,512
8776,286471321,512
8777,286503566,512
8778,286535628,512
8779,286567775,512
8780,286599952,512
8781,286631954,512
8782,286664151,512
8783,286699025,512
8784,286731378,512
8785,286763403,512
8786,286795575,512
8787,286827596,512
8788,286860213,512
8789,286894367,512
8790,286926858,512
8791,286959903,512
8792,286994257,512
8793,287026672,512
8794,287060026,512
8795,287094318,512
8796,287126362,512
8797,287160367,512
8798,287194425,512
8799,287226821,512
8800,287258866,512
8801,287290908,512
8802,287323033,512
8803,287355161,512
8804,287387255,512
8805,287419277,512
8806,287451348,512
8807,287486022,512
8808,287518141,512
8809,287550505,512
8810,287582705,512
8811,287614819,512
8812,287646948,512
8813,287679049,512
8814,287711150,512
8815,287746284,512
8816,287779408,512
8817,287813636,512
8818,287845698,512
8819,287878679,512
8820,287910733,512
8821,287942874,512
8822,287979601,512
8823,288013681,512
8824,288045879,512
8825,288078114,512
8826,288110124,512
8827,288142213,512
8828,288174399,512
8829,288206438,512
8830,288238466,512
8831,288270579,512
8832,288302629,512
8833,288337393,512
8834,288369785,512
8835,288401797,512
8836,288433926,512
8837,288466115,512
8838,288498173,512
8839,288530288,512
8840,288562296,512
8841,288595308,512
8842,288628783,512
8843,288660993,512
8844,288693225,512
8845,288725420,512
8846,288757516,512
8847,288789562,512
8848,288821575,512
8849,288853576,512
8850,288885674,512
8851,288917831,512
8852,288949886,512
8853,288981911,512
8854,289016991,512
8855,289049319,512
8856,289081334,512
8857,289113421,512
8858,289145586,512
8859,289177721,512
8860,289209937,512
8861,289244554,512
8862,289276776,512
8863,289310137,512
8864,289343888,512
8865,289376230,512
8866,289408306,512
8867,289440481,512
8868,289472682,512
8869,289504766,512
8870,289536896,512
8871,289568984,512
8872,289601106,512
8873,289633199,512
8874,289667506,512
8875,289699878,512
8876,289732048,512
8877,289764280,512
8878,289796397,512
8879,289828615,512
8880,289860726,512
8881,289892922,512
8882,289926220,512
8883,289959602,512
8884,289991855,512
8885,290023869,512
8886,290056108,512
8887,290088285,512
8888,290120382,512
8889,290152431,512
8890,290184467,512
8891,290219136,512
8892,290251266,512
8893,290283436,512
8894,290315556,512
8895,290347714,512
8896,290379796,512
8897,290411982,512
8898,290444163,512
8899,290476315,512
8900,290510835,512
8901,290544095,512
8902,290578787,512
8903,290610881,512
8904,290643594,512
8905,290675619,512
8906,290707627,512
8907,290739698,512
8908,290771762,512
8909,290803819,512
8910,290835859,512
8911,290870374,512
8912,290902726,512
8913,290934977,512
8914,290967062,512
8915,290999141,512
8916,291031273,512
8917,291063316,512
8918,291095516,512
8919,291130167,512
8920,291162692,512
8921,291194873,512
8922,291226905,512
8923,291259652,512
8924,291294447,512
8925,291326748,512
8926,291360160,512
8927,291393709,512
8928,291425995,512
8929,291458009,512
8930,291490173,512
8931,291522176,512
8932,291554273,512
8933,291586283,512
8934,291618484,512
8935,291650595,512
8936,291682774,512
8937,291714915,512
8938,291749590,512
8939,291781614,512
8940,291814049,512
8941,291846252,512
8942,291878530,512
8943,291910562,512
8944,291942710,512
8945,291977138,512
8946,292009561,512
8947,292041662,512
8948,292074960,512
8949,292109144,512
8950,292141215,512
8951,292173304,512
8952,292205614,512
8953,292237628,512
8954,292269778,512
8955,292301844,512
8956,292333859,512
8957,292366009,512
8958,292398107,512
8959,292430245,512
8960,292462250,512
8961,292496857,512
8962,292529194,512
8963,292561285,512
8964,292593450,512
8965,292625498,512
8966,292657509,512
8967,292690475,512
8968,292724270,512
8969,292756574,512
8970,292788749,512
8971,292820820,512
8972,292852853,512
8973,292884957,512
8974,292916956,512
8975,292949152,512
8976,292981195,512
8977,293013382,512
8978,293045484,512
8979,293077630,512
8980,293112295,512
8981,293144506,512
8982,293176696,512
8983,293208962,512
8984,293241068,512
8985,293273121,512
8986,293306321,512
8987,293340019,512
8988,293372248,512
8989,293405917,512
8990,293439638,512
8991,293471862,512
8992,293503987,512
8993,293536183,512
8994,293568221,512
8995,293600325,512
8996,293632438,512
8997,293664623,512
8998,293696660,512
8999,293728753,512
9000,293760855,512
9001,293792858,512
9002,293827412,512
9003,293859518,512
9004,293891783,512
9005,293923937,512
9006,293955944,512
9007,293987954,512
9008,294021244,512
9009,294055036,512
9010,294087159,512
9011,294119340,512
9012,294151494,512
9013,294183652,512
9014,294215762,512
9015,294247762,512
9016,294279950,512
9017,294312139,512
9018,294346825,512
9019,294378952,512
9020,294411259,512
9021,294443327,512
9022,294475487,512
9023,294507526,512
9024,294539552,512
9025,294571557,512
9026,294603659,512
9027,294636879,512
9028,294670217,512
9029,294702681,512
9030,294734891,512
9031,294766988,512
9032,294799050,512
9033,294831185,512
9034,294863267,512
9035,294895447,512
9036,294927637,512
9037,294962249,512
9038,294994614,512
9039,295026950,512
9040,295059167,512
9041,295091252,512
9042,295123386,512
9043,295158071,512
9044,295190111,512
9045,295222414,512
9046,295254664,512
9047,295286849,512
9048,295319024,512
9049,295352022,512
9050,295385596,512
9051,295417606,512
9052,295449867,512
9053,295481966,512
9054,295514190,512
9055,295546199,512
9056,295578199,512
9057,295610359,512
9058,295642488,512
9059,295674576,512
9060,295706694,512
9061,295741436,512
9062,295773896,512
9063,295806244,512
9064,295838289,512
9065,295870581,512
9066,295905265,512
9067,295937746,512
9068,295970997,512
9069,296004964,512
9070,296037213,512
9071,296070439,512
9072,296104770,512
9073,296137067,512
9074,296170957,512
9075,296205087,512
9076,296237506,512
9077,296269586,512
9078,296301666,512
9079,296333716,512
9080,296365734,512
9081,296397873,512
9082,296429900,512
9083,296461949,512
9084,296493976,512
9085,296528710,512
9086,296560807,512
9087,296593062,512
9088,296625234,512
9089,296657283,512
9090,296689594,512
9091,296721658,512
9092,296756463,512
9093,296790120,512
9094,296824535,512
9095,296856591,512
9096,296889662,512
9097,296923927,512
9098,296956182,512
9099,296989617,512
9100,297024132,512
9101,297056566,512
9102,297088658,512
9103,297120768,512
9104,297152922,512
9105,297184956,512
9106,297217071,512
9107,297249165,512
9108,297281185,512
9109,297315857,512
9110,297348283,512
9111,297380454,512
9112,297412455,512
9113,297444534,512
9114,297476622,512
9115,297508773,512
9116,297540811,512
9117,297572822,512
9118,297606029,512
9119,297639396,512
9120,297671826,512
9121,297703938,512
9122,297735998,512
9123,297768108,512
9124,297800274,512
9125,297832323,512
9126,297864356,512
9127,297896467,512
9128,297931219,512
9129,297963583,512
9130,297995613,512
9131,298027755,512
9132,298059857,512
9133,298091898,512
9134,298124095,512
9135,298156294,512
9136,298190934,512
9137,298223849,512
9138,298255971,512
9139,298288062,512
9140,298320823,512
9141,298354228,512
9142,298386726,512
9143,298418922,512
9144,298451117,512
9145,298483217,512
9146,298515374,512
9147,298547456,512
9148,298579572,512
9149,298611578,512
9150,298643756,512
9151,298678463,512
9152,298710941,512
9153,298742948,512
9154,298774969,512
9155,298807165,512
9156,298839315,512
9157,298871510,512
9158,298906150,512
9159,298938856,512
9160,298970922,512
9161,299002922,512
9162,299035099,512
9163,299067147,512
9164,299099260,512
9165,299134966,512
9166,299167058,512
9167,299199171,512
9168,299233958,512
9169,299266255,512
9170,299298357,512
9171,299330519,512
9172,299362522,512
9173,299394691,512
9174,299426757,512
9175,299458873,512
9176,299493523,512
9177,299525543,512
9178,299558501,512
9179,299590597,512
9180,299622751,512
9181,299654858,512
9182,299688838,512
9183,299721361,512
9184,299755275,512
9185,299788828,512
9186,299821230,512
9187,299853253,512
9188,299885642,512
9189,299917716,512
9190,299949897,512
9191,299981992,512
9192,300014031,512
9193,300046127,512
9194,300078171,512
9195,300110245,512
9196,300145017,512
9197,300177291,512
9198,300209457,512
9199,300241639,512
9200,300274614,512
9201,300308190,512
9202,300340737,512
9203,300374685,512
9204,300408796,512
9205,300441149,512
9206,300473253,512
9207,300505399,512
9208,300537555,512
9209,300569722,512
9210,300604412,512
9211,300636445,512
9212,300668802,512
9213,300700958,512
9214,300733122,512
9215,300765213,512
9216,300797260,512
9217,300829260,512
9218,300861355,512
9219,300893375,512
9220,300928011,512
9221,300960435,512
9222,300992493,512
9223,301024537,512
9224,301056607,512
9225,301089377,512
9226,301123816,512
9227,301156161,512
9228,301190310,512
9229,301223712,512
9230,301255752,512
9231,301288073,512
9232,301320263,512
9233,301352347,512
9234,301384517,512
9235,301416562,512
9236,301448689,512
9237,301480786,512
9238,301515654,512
9239,301547918,512
9240,301580018,512
9241,301612105,512
9242,301644161,512
9243,301676316,512
9244,301708512,512
9245,301743293,512
9246,301775635,512
9247,301807696,512
9248,301839845,512
9249,301871998,512
9250,301904997,512
9251,301939196,512
9252,301971406,512
9253,302003550,512
9254,302035687,512
9255,302067889,512
9256,302100001,512
9257,302132085,512
9258,302166609,512
9259,302198690,512
9260,302230725,512
9261,302263067,512
9262,302295182,512
9263,302327230,512
9264,302359320,512
9265,302391418,512
9266,302423574,512
9267,302455718,512
9268,302487732,512
9269,302520172,512
9270,302554338,512
9271,302586411,512
9272,302618420,512
9273,302650736,512
9274,302682865,512
9275,302714963,512
9276,302747120,512
9277,302779185,512
9278,302811265,512
9279,302846077,512
9280,302878336,512
9281,302910538,512
9282,302942661,512
9283,302974801,512
9284,303006882,512
9285,303038904,512
9286,303071102,512
9287,303105668,512
9288,303139022,512
9289,303173498,512
9290,303205726,512
9291,303238666,512
9292,303270713,512
9293,303302872,512
9294,303339619,512
9295,303373084,512
9296,303405546,512
9297,303437680,512
9298,303469681,512
9299,303501915,512
9300,303534080,512
9301,303566195,512
9302,303598372,512
9303,303630533,512
9304,303665168,512
9305,303697423,512
9306,303729529,512
9307,303761644,512
9308,303793838,512
9309,303825996,512
9310,303858019,512
9311,303890040,512
9312,303922121,512
9313,303955397,512
9314,303988743,512
9315,304020828,512
9316,304052990,512
9317,304085158,512
9318,304117239,512
9319,304149430,512
9320,304181576,512
9321,304213740,512
9322,304245906,512
9323,304280790,512
9324,304312980,512
9325,304344979,512
9326,304377047,512
9327,304409222,512
9328,304441422,512
9329,304473472,512
9330,304505490,512
9331,304540217,512
9332,304572828,512
9333,304605018,512
9334,304637021,512
9335,304670129,512
9336,304704099,512
9337,304736364,512
9338,304768626,512
9339,304800639,512
9340,304832804,512
9341,304864993,512
9342,304897081,512
9343,304931776,512
9344,304963803,512
9345,304995886,512
9346,305028232,512
9347,305060532,512
9348,305092651,512
9349,305124659,512
9350,305156697,512
9351,305188862,512
9352,305223650,512
9353,305255986,512
9354,305289023,512
9355,305323456,512
9356,305355715,512
9357,305388850,512
9358,305423341,512
9359,305455791,512
9360,305489117,512
9361,305523322,512
9362,305555706,512
9363,305587707,512
9364,305619907,512
9365,305652101,512
9366,305684298,512
9367,305718692,512
9368,305750915,512
9369,305783016,512
9370,305815496,512
9371,305847683,512
9372,305879873,512
9373,305911873,512
9374,305943985,512
9375,305978644,512
9376,306011063,512
9377,306043116,512
9378,306075174,512
9379,306108304,512
9380,306142161,512
9381,306174539,512
9382,306208064,512
9383,306242258,512
9384,306274756,512
9385,306308496,512
9386,306341883,512
9387,306374249,512
9388,306406420,512
9389,306438681,512
9390,306470750,512
9391,306502929,512
9392,306534996,512
9393,306567107,512
9394,306599286,512
9395,306633984,512
9396,306666151,512
9397,306698575,512
9398,306730586,512
9399,306762732,512
9400,306794801,512
9401,306826861,512
9402,306858972,512
9403,306891083,512
9404,306923834,512
9405,306957656,512
9406,306989730,512
9407,307021810,512
9408,307053858,512
9409,307086069,512
9410,307118074,512
9411,307150185,512
9412,307182213,512
9413,307214391,512
9414,307246524,512
9415,307278598,512
9416,307310631,512
9417,307342623,512
9418,307376883,512
9419,307409306,512
9420,307441579,512
9421,307473689,512
9422,307505750,512
9423,307539078,512
9424,307573173,512
9425,307605301,512
9426,307637377,512
9427,307669423,512
9428,307701622,512
9429,307733709,512
9430,307765902,512
9431,307798005,512
9432,307830040,512
9433,307862059,512
9434,307896794,512
9435,307929166,512
9436,307961228,512
9437,307993254,512
9438,308025404,512
9439,308057691,512
9440,308089882,512
9441,308124544,512
9442,308156593,512
9443,308188686,512
9444,308220822,512
9445,308254237,512
9446,308288760,512
9447,308320830,512
9448,308352927,512
9449,308385083,512
9450,308417269,512
9451,308449362,512
9452,308481478,512
9453,308516168,512
9454,308548334,512
9455,308580356,512
9456,308612663,512
9457,308644859,512
9458,308676962,512
9459,308709169,512
9460,308741174,512
9461,308775873,512
9462,308808138,512
9463,308840287,512
9464,308873357,512
9465,308907787,512
9466,308940124,512
9467,308972446,512
9468,309004511,512
9469,309036538,512
9470,309068547,512
9471,309100622,512
9472,309132800,512
9473,309167333,512
9474,309199425,512
9475,309231654,512
9476,309263842,512
9477,309296083,512
9478,309328281,512
9479,309360474,512
9480,309395095,512
9481,309427487,512
9482,309459676,512
9483,309491822,512
9484,309523932,512
9485,309556046,512
9486,309591045,512
9487,309623090,512
9488,309655214,512
9489,309689460,512
9490,309722833,512
9491,309755183,512
9492,309787281,512
9493,309819415,512
9494,309851428,512
9495,309883557,512
9496,309915619,512
9497,309947627,512
9498,309979684,512
9499,310011839,512
9500,310046461,512
9501,310078879,512
9502,310111044,512
9503,310143217,512
9504,310175332,512
9505,310207480,512
9506,310239609,512
9507,310274685,512
9508,310306841,512
9509,310338890,512
9510,310371017,512
9511,310403118,512
9512,310435260,512
9513,310467383,512
9514,310502518,512
9515,310534571,512
9516,310566660,512
9517,310598663,512
9518,310630856,512
9519,310662908,512
9520,310695086,512
9521,310729909,512
9522,310762043,512
9523,310794059,512
9524,310826328,512
9525,310858460,512
9526,310890482,512
9527,310922487,512
9528,310954641,512
9529,310986657,512
9530,311019554,512
9531,311053473,512
9532,311085763,512
9533,311117803,512
9534,311149831,512
9535,311181948,512
9536,311214083,512
9537,311246102,512
9538,311278217,512
9539,311310243,512
9540,311342260,512
9541,311374312,512
9542,311409161,512
9543,311441254,512
9544,311473334,512
9545,311505412,512
9546,311537455,512
9547,311569586,512
9548,311601697,512
9549,311635116,512
9550,311669026,512
9551,311701219,512
9552,311733285,512
9553,311765470,512
9554,311797566,512
9555,311829659,512
9556,311861750,512
9557,311893897,512
9558,311928526,512
9559,311960884,512
9560,311992981,512
9561,312025066,512
9562,312057141,512
9563,312089310,512
9564,312121374,512
9565,312153442,512
9566,312185547,512
9567,312220218,512
9568,312252664,512
9569,312284828,512
9570,312316920,512
9571,312348981,512
9572,312381150,512
9573,312413345,512
9574,312448138,512
9575,312480360,512
9576,312512410,512
9577,312544521,512
9578,312576658,512
9579,312608762,512
9580,312640825,512
9581,312672923,512
9582,312707660,512
9583,312740021,512
9584,312772132,512
9585,312804516,512
9586,312836681,512
9587,312868723,512
9588,312900746,512
9589,312932762,512
9590,312966178,512
9591,312999019,512
9592,313031300,512
9593,313063384,512
9594,313095563,512
9595,313127712,512
9596,313159901,512
9597,313192023,512
9598,313224198,512
9599,313256278,512
9600,313288429,512
9601,313323085,512
9602,313355099,512
9603,313387389,512
9604,313419534,512
9605,313451689,512
9606,313483842,512
9607,313515875,512
9608,313548042,512
9609,313581196,512
9610,313614733,512
9611,313647184,512
9612,313680096,512
9613,313714828,512
9614,313747038,512
9615,313779151,512
9616,313811291,512
9617,313843377,512
9618,313875473,512
9619,313907477,512
9620,313939557,512
9621,313971723,512
9622,314006213,512
9623,314038300,512
9624,314070643,512
9625,314102677,512
9626,314134729,512
9627,314166855,512
9628,314198882,512
9629,314230986,512
9630,314263113,512
9631,314296033,512
9632,314329996,512
9633,314362319,512
9634,314394440,512
9635,314426477,512
9636,314458657,512
9637,314490856,512
9638,314522889,512
9639,314554913,512
9640,314586976,512
9641,314618980,512
9642,314653676,512
9643,314685710,512
9644,314717993,512
9645,314750076,512
9646,314782368,512
9647,314814536,512
9648,314846578,512
9649,314878642,512
9650,314912036,512
9651,314945265,512
9652,314977387,512
9653,315009397,512
9654,315041574,512
9655,315073647,512
9656,315105779,512
9657,315137787,512
9658,315169983,512
9659,315202156,512
9660,315234336,512
9661,315269438,512
9662,315301501,512
9663,315333657,512
9664,315365663,512
9665,315397859,512
9666,315430007,512
9667,315462080,512
9668,315494083,512
9669,315526337,512
9670,315560384,512
9671,315592584,512
9672,315624795,512
9673,315657046,512
9674,315689122,512
9675,315721169,512
9676,315753238,512
9677,315785265,512
9678,315817289,512
9679,315849472,512
9680,315881474,512
9681,315913572,512
9682,315948294,512
9683,315980486,512
9684,316012870,512
9685,316045033,512
9686,316077160,512
9687,316109160,512
9688,316141430,512
9689,316175787,512
9690,316207964,512
9691,316242264,512
9692,316276114,512
9693,316308384,512
9694,316340385,512
9695,316372389,512
9696,316404393,512
9697,316436515,512
9698,316468637,512
9699,316500699,512
9700,316532876,512
9701,316567505,512
9702,316599553,512
9703,316631649,512
9704,316663976,512
9705,316696099,512
9706,316728280,512
9707,316760473,512
9708,316792572,512
9709,316824697,512
9710,316857595,512
9711,316891000,512
9712,316923332,512
9713,316955403,512
9714,316987681,512
9715,317019785,512
9716,317051803,512
9717,317083997,512
9718,317116177,512
9719,317148230,512
9720,317180347,512
9721,317212348,512
9722,317246997,512
9723,317279259,512
9724,317311420,512
9725,317343565,512
9726,317375683,512
9727,317407859,512
9728,317440021,512
9729,317475008,512
9730,317507011,512
9731,317539101,512
9732,317571856,512
9733,317606298,512
9734,317638549,512
9735,317670680,512
9736,317702761,512
9737,317734982,512
9738,317767155,512
9739,317799183,512
9740,317831312,512
9741,317863429,512
9742,317895487,512
9743,317927622,512
9744,317962249,512
9745,317994500,512
9746,318026576,512
9747,318058683,512
9748,318090807,512
9749,318122815,512
9750,318154936,512
9751,318188603,512
9752,318221943,512
9753,318254136,512
9754,318286340,512
9755,318318459,512
9756,318350485,512
9757,318382623,512
9758,318414782,512
9759,318446794,512
9760,318478828,512
9761,318510856,512
9762,318545518,512
9763,318577574,512
9764,318609619,512
9765,318642029,512
9766,318674157,512
9767,318706396,512
9768,318738589,512
9769,318773300,512
9770,318806021,512
9771,318838154,512
9772,318870330,512
9773,318902390,512
9774,318934521,512
9775,318969175,512
9776,319001273,512
9777,319033348,512
9778,319065563,512
9779,319097669,512
9780,319129808,512
9781,319161937,512
9782,319193951,512
9783,319226128,512
9784,319258182,512
9785,319292894,512
9786,319325330,512
9787,319357426,512
9788,319389540,512
9789,319421736,512
9790,319453775,512
9791,319485947,512
9792,319518764,512
9793,319552555,512
9794,319584627,512
9795,319617001,512
9796,319649030,512
9797,319681063,512
9798,319713075,512
9799,319745186,512
9800,319777231,512
9801,319809372,512
9802,319841471,512
9803,319876404,512
9804,319908797,512
9805,319940884,512
9806,319972938,512
9807,320004992,512
9808,320037130,512
9809,320069300,512
9810,320104191,512
9811,320136196,512
9812,320168334,512
9813,320200386,512
9814,320232515,512
9815,320264572,512
9816,320296750,512
9817,320328876,512
9818,320361060,512
9819,320396102,512
9820,320428260,512
9821,320460435,512
9822,320492510,512
9823,320524555,512
9824,320556638,512
9825,320588658,512
9826,320620748,512
9827,320655024,512
9828,320687083,512
9829,320719336,512
9830,320751820,512
9831,320783885,512
9832,320815906,512
9833,320848752,512
9834,320883402,512
9835,320915509,512
9836,320947598,512
9837,320979614,512
9838,321011748,512
9839,321043768,512
9840,321075960,512
9841,321108146,512
9842,321140264,512
9843,321174804,512
9844,321206999,512
9845,321239326,512
9846,321271439,512
9847,321303474,512
9848,321335623,512
9849,321367813,512
9850,321399859,512
9851,321434510,512
9852,321467420,512
9853,321499580,512
9854,321531683,512
9855,321567497,512
9856,321599630,512
9857,321631737,512
9858,321667905,512
9859,321701850,512
9860,321734293,512
9861,321766424,512
9862,321798661,512
9863,321830786,512
9864,321862942,512
9865,321894968,512
9866,321927043,512
9867,321959121,512
9868,321991233,512
9869,322023317,512
9870,322057866,512
9871,322089954,512
9872,322122002,512
9873,322154293,512
9874,322186470,512
9875,322218576,512
9876,322250674,512
9877,322283933,512
9878,322317516,512
9879,322349641,512
9880,322381685,512
9881,322413862,512
9882,322446045,512
9883,322478119,512
9884,322510182,512
9885,322542277,512
9886,322574298,512
9887,322606364,512
9888,322638563,512
9889,322670596,512
9890,322705195,512
9891,322737389,512
9892,322769638,512
9893,322801863,512
9894,322833884,512
9895,322865909,512
9896,322899061,512
9897,322932824,512
9898,322965092,512
9899,322997520,512
9900,323029598,512
9901,323061643,512
9902,323093721,512
9903,323125823,512
9904,323157844,512
9905,323189914,512
9906,323222075,512
9907,323256881,512
9908,323289001,512
9909,323321178,512
9910,323353294,512
9911,323385472,512
9912,323417571,512
9913,323449571,512
9914,323481687,512
9915,323514095,512
9916,323548756,512
9917,323580864,512
9918,323613380,512
9919,323645572,512
9920,323680217,512
9921,323712333,512
9922,323744375,512
9923,323776514,512
9924,323808601,512
9925,323840684,512
9926,323872854,512
9927,323904961,512
9928,323937098,512
9929,323969155,512
9930,324001189,512
9931,324035924,512
9932,324068029,512
9933,324100055,512
9934,324132635,512
9935,324164822,512
9936,324196910,512
9937,324229455,512
9938,324263685,512
9939,324295998,512
9940,324328003,512
9941,324360152,512
9942,324392349,512
9943,324424375,512
9944,324456573,512
9945,324488721,512
9946,324523280,512
9947,324555317,512
9948,324587479,512
9949,324619795,512
9950,324651798,512
9951,324683897,512
9952,324715902,512
9953,324748049,512
9954,324780076,512
9955,324812164,512
9956,324845030,512
9957,324879103,512
9958,324911441,512
9959,324945006,512
9960,324978637,512
9961,325010935,512
9962,325043037,512
9963,325075163,512
9964,325107340,512
9965,325139497,512
9966,325171499,512
9967,325203509,512
9968,325235662,512
9969,325267689,512
9970,325299859,512
9971,325331859,512
9972,325366502,512
9973,325398587,512
9974,325430677,512
9975,325463042,512
9976,325495230,512
9977,325527243,512
9978,325559360,512
9979,325591365,512
9980,325623556,512
9981,325658384,512
9982,325690414,512
9983,325722571,512
9984,325754657,512
9985,325786664,512
9986,325818716,512
9987,325850843,512
9988,325882845,512
9989,325914897,512
9990,325947086,512
9991,325979230,512
9992,326013308,512
9993,326045680,512
9994,326078558,512
9995,326110740,512
9996,326142839,512
9997,326174973,512
9998,326209653,512
9999,326242036,512
10000,326274112,512
10001,326306255,512
10002,326338405,512
10003,326370511,512
10004,326402685,512
10005,326436867,512
10006,326469305,512
10007,326501397,512
10008,326533631,512
10009,326565785,512
10010,326598149,512
10011,326630279,512
10012,326662453,512
10013,326697188,512
10014,326729587,512
10015,326761750,512
10016,326793850,512
10017,326825968,512
10018,326858037,512
10019,326893806,512
10020,326925910,512
10021,326957967,512
10022,326990121,512
10023,327024754,512
10024,327057076,512
10025,327089340,512
10026,327121381,512
10027,327153516,512
10028,327185631,512
10029,327217790,512
10030,327249859,512
10031,327284545,512
10032,327316817,512
10033,327348997,512
10034,327381111,512
10035,327413118,512
10036,327445217,512
10037,327477408,512
10038,327509770,512
10039,327543943,512
10040,327576176,512
10041,327609492,512
10042,327644105,512
10043,327676111,512
10044,327710128,512
10045,327744026,512
10046,327776083,512
10047,327808423,512
10048,327840571,512
10049,327872641,512
10050,327904686,512
10051,327936689,512
10052,327968747,512
10053,328000950,512
10054,328033070,512
10055,328067444,512
10056,328099451,512
10057,328131681,512
10058,328163928,512
10059,328195992,512
10060,328228107,512
10061,328260134,512
10062,328292175,512
10063,328326191,512
10064,328359610,512
10065,328391783,512
10066,328423968,512
10067,328456136,512
10068,328488144,512
10069,328520173,512
10070,328552288,512
10071,328584329,512
10072,328616407,512
10073,328651233,512
10074,328683447,512
10075,328715483,512
10076,328747613,512
10077,328779795,512
10078,328811834,512
10079,328843944,512
10080,328876040,512
10081,328910524,512
10082,328943781,512
10083,328975859,512
10084,329008042,512
10085,329040576,512
10086,329074664,512
10087,329107044,512
10088,329139250,512
10089,329171260,512
10090,329203386,512
10091,329235471,512
10092,329267600,512
10093,329302317,512
10094,329334391,512
10095,329366417,512
10096,329398565,512
10097,329430639,512
10098,329462851,512
10099,329495149,512
10100,329527284,512
10101,329559324,512
10102,329591473,512
10103,329626074,512
10104,329658900,512
10105,329690927,512
10106,329723069,512
10107,329755172,512
10108,329787260,512
10109,329822062,512
10110,329854522,512
10111,329886656,512
10112,329918663,512
10113,329950758,512
10114,329982928,512
10115,330017593,512
10116,330049967,512
10117,330082065,512
10118,330114387,512
10119,330146516,512
10120,330178583,512
10121,330210672,512
10122,330242762,512
10123,330275487,512
10124,330309035,512
10125,330341343,512
10126,330374573,512
10127,330409045,512
10128,330441156,512
10129,330475093,512
10130,330509309,512
10131,330541669,512
10132,330573858,512
10133,330605929,512
10134,330637954,512
10135,330669958,512
10136,330702130,512
10137,330734267,512
10138,330768817,512
10139,330800835,512
10140,330832890,512
10141,330865113,512
10142,330897286,512
10143,330929376,512
10144,330961397,512
10145,330993463,512
10146,331025548,512
10147,331057662,512
10148,331091011,512
10149,331124125,512
10150,331156674,512
10151,331188775,512
10152,331220889,512
10153,331253062,512
10154,331285181,512
10155,331317215,512
10156,331349291,512
10157,331381297,512
10158,331413377,512
10159,331445460,512
10160,331477461,512
10161,331512111,512
10162,331544169,512
10163,331576467,512
10164,331609008,512
10165,331641173,512
10166,331675914,512
10167,331708399,512
10168,331740434,512
10169,331772563,512
10170,331805779,512
10171,331839977,512
10172,331872390,512
10173,331904571,512
10174,331936748,512
10175,331968752,512
10176,332000895,512
10177,332035558,512
10178,332067904,512
10179,332100270,512
10180,332132270,512
10181,332164457,512
10182,332196641,512
10183,332231338,512
10184,332263666,512
10185,332295828,512
10186,332328114,512
10187,332360245,512
10188,332392390,512
10189,332424576,512
10190,332459381,512
10191,332491500,512
10192,332524622,512
10193,332559103,512
10194,332591553,512
10195,332624521,512
10196,332658774,512
10197,332691094,512
10198,332723443,512
10199,332755638,512
10200,332787774,512
10201,332819839,512
10202,332851972,512
10203,332886649,512
10204,332918979,512
10205,332951049,512
10206,332983164,512
10207,333015352,512
10208,333047375,512
10209,333079381,512
10210,333111488,512
10211,333143583,512
10212,333175726,512
10213,333210292,512
10214,333243353,512
10215,333275437,512
10216,333307587,512
10217,333344017,512
10218,333378190,512
10219,333410596,512
10220,333444064,512
10221,333478161,512
10222,333510574,512
10223,333542588,512
10224,333574779,512
10225,333606781,512
10226,333638994,512
10227,333671164,512
10228,333705853,512
10229,333737857,512
10230,333770045,512
10231,333802265,512
10232,333834373,512
10233,333866557,512
10234,333898683,512
10235,333930870,512
10236,333965453,512
10237,333997617,512
10238,334029975,512
10239,334063193,512
10240,334097099,512
10241,334129378,512
10242,334163020,512
10243,334197012,512
10244,334229345,512
10245,334263291,512
10246,334296902,512
10247,334329144,512
10248,334361289,512
10249,334393401,512
10250,334425423,512
10251,334457555,512
10252,334489659,512
10253,334521739,512
10254,334553789,512
10255,334585796,512
10256,334617991,512
10257,334650121,512
10258,334684982,512
10259,334717236,512
10260,334749322,512
10261,334781382,512
10262,334813441,512
10263,334845448,512
10264,334878693,512
10265,334912561,512
10266,334944635,512
10267,334976762,512
10268,335008883,512
10269,335040927,512
10270,335072991,512
10271,335105182,512
10272,335137242,512
10273,335169348,512
10274,335201474,512
10275,335233610,512
10276,335268282,512
10277,335300691,512
10278,335332761,512
10279,335364828,512
10280,335396939,512
10281,335429003,512
10282,335461030,512
10283,335493819,512
10284,335528116,512
10285,335560313,512
10286,335592443,512
10287,335624598,512
10288,335656669,512
10289,335688776,512
10290,335720967,512
10291,335755977,512
10292,335788221,512
10293,335820381,512
10294,335852389,512
10295,335884435,512
10296,335916570,512
10297,335948659,512
10298,335980764,512
10299,336012768,512
10300,336047083,512
10301,336079358,512
10302,336111933,512
10303,336144103,512
10304,336176165,512
10305,336209198,512
10306,336243582,512
10307,336275817,512
10308,336307879,512
10309,336340052,512
10310,336372087,512
10311,336404260,512
10312,336436260,512
10313,336468318,512
10314,336503270,512
10315,336535499,512
10316,336567577,512
10317,336599686,512
10318,336631762,512
10319,336663882,512
10320,336695932,512
10321,336727932,512
10322,336762463,512
10323,336794605,512
10324,336828045,512
10325,336862304,512
10326,336894528,512
10327,336927962,512
10328,336962141,512
10329,336994409,512
10330,337027833,512
10331,337062337,512
10332,337094661,512
10333,337126728,512
10334,337158862,512
10335,337190864,512
10336,337222988,512
10337,337255121,512
10338,337287126,512
10339,337319185,512
10340,337351260,512
10341,337385952,512
10342,337418010,512
10343,337450014,512
10344,337482364,512
10345,337514444,512
10346,337546463,512
10347,337578621,512
10348,337610764,512
10349,337644476,512
10350,337677241,512
10351,337709555,512
10352,337741754,512
10353,337773998,512
10354,337806333,512
10355,337838421,512
10356,337870511,512
10357,337902665,512
10358,337937877,512
10359,337969875,512
10360,338002012,512
10361,338034096,512
10362,338066184,512
10363,338098328,512
10364,338130471,512
10365,338162530,512
10366,338197694,512
10367,338229823,512
10368,338262283,512
10369,338296717,512
10370,338329017,512
10371,338362521,512
10372,338396646,512
10373,338429006,512
10374,338462723,512
10375,338496992,512
10376,338529073,512
10377,338561356,512
10378,338593539,512
10379,338625628,512
10380,338657785,512
10381,338689926,512
10382,338724405,512
10383,338756518,512
10384,338788610,512
10385,338820643,512
10386,338852740,512
10387,338885079,512
10388,338917187,512
10389,338949251,512
10390,338981283,512
10391,339013349,512
10392,339045375,512
10393,339078147,512
10394,339112338,512
10395,339144854,512
10396,339177942,512
10397,339212111,512
10398,339244611,512
10399,339276655,512
10400,339308784,512
10401,339340822,512
10402,339372859,512
10403,339405023,512
10404,339437195,512
10405,339471808,512
10406,339504034,512
10407,339536308,512
10408,339568429,512
10409,339600489,512
10410,339632700,512
10411,339664825,512
10412,339696907,512
10413,339728950,512
10414,339763418,512
10415,339796864,512
10416,339831309,512
10417,339863405,512
10418,339897442,512
10419,339931246,512
10420,339963393,512
10421,339997174,512
10422,340030867,512
10423,340063241,512
10424,340095420,512
10426,340159552,512
10427,340191728,512
10428,340223722,512
10429,340255858,512
10430,340287971,512
10431,340320105,512
10432,340352130,512
10433,340384147,512
10434,340416167,512
10435,340448175,512
10436,340482811,512
10437,340515058,512
10438,340547189,512
10439,340579372,512
10440,340611717,512
10441,340643834,512
10442,340675897,512
10443,340710693,512
10444,340742982,512
10445,340775081,512
10446,340807083,512
10447,340839110,512
10448,340871128,512
10449,340903222,512
10450,340935236,512
10451,340967382,512
10452,340999446,512
10453,341031526,512
10454,341066701,512
10455,341098820,512
10456,341131175,512
10457,341163287,512
10458,341198013,512
10459,341231507,512
10460,341265854,512
10461,341297972,512
10462,341330946,512
10463,341363065,512
10464,341395229,512
10465,341431778,512
10466,341465304,512
10467,341497433,512
10468,341530032,512
10469,341562077,512
10470,341594267,512
10471,341626312,512
10472,341658490,512
10473,341690516,512
10474,341722620,512
10475,341754819,512
10476,341789646,512
10477,341821822,512
10478,341853962,512
10479,341886038,512
10480,341918046,512
10481,341950134,512
10482,341982328,512
10483,342014419,512
10484,342047834,512
10485,342080870,512
10486,342113003,512
10487,342145297,512
10488,342177360,512
10489,342209431,512
10490,342241505,512
10491,342273728,512
10492,342305783,512
10493,342337974,512
10494,342370025,512
10495,342404911,512
10496,342437188,512
10497,342469268,512
10498,342501356,512
10499,342533433,512
10500,342565478,512
10501,342597657,512
10502,342629695,512
10503,342662248,512
10504,342696636,512
10505,342728878,512
10506,342760999,512
10507,342793013,512
10508,342825042,512
10509,342857171,512
10510,342889260,512
10511,342921408,512
10512,342953600,512
10513,342988164,512
10514,343020307,512
10515,343052681,512
10516,343084819,512
10517,343116855,512
10518,343148991,512
10519,343181058,512
10520,343213163,512
10521,343245217,512
10522,343280176,512
10523,343312356,512
10524,343344494,512
10525,343377855,512
10526,343411774,512
10527,343444077,512
10528,343476282,512
10529,343508337,512
10530,343540425,512
10531,343572547,512
10532,343604660,512
10533,343636778,512
10534,343668822,512
10535,343703304,512
10536,343735406,512
10537,343767531,512
10538,343799924,512
10539,343832093,512
10540,343864158,512
10541,343896314,512
10542,343928337,512
10543,343960421,512
10544,343993439,512
10545,344026743,512
10546,344059164,512
10547,344091574,512
10548,344123659,512
10549,344155681,512
10550,344187730,512
10551,344219908,512
10552,344252069,512
10553,344284158,512
10554,344316198,512
10555,344350897,512
10556,344382920,512
10557,344415274,512
10558,344447422,512
10559,344479447,512
10560,344511615,512
10561,344543659,512
10562,344575746,512
10563,344608077,512
10564,344642521,512
10565,344674736,512
10566,344708367,512
10567,344742067,512
10568,344774297,512
10569,344806463,512
10570,344838646,512
10571,344870787,512
10572,344902976,512
10573,344935076,512
10574,344967252,512
10575,344999406,512
10576,345034108,512
10577,345066147,512
10578,345098596,512
10579,345130774,512
10580,345162846,512
10581,345195038,512
10582,345227144,512
10583,345259227,512
10584,345293844,512
10585,345327457,512
10586,345361928,512
10587,345394270,512
10588,345427220,512
10589,345461772,512
10590,345494146,512
10591,345526980,512
10592,345561181,512
10593,345593596,512
10594,345625738,512
10595,345657759,512
10596,345689965,512
10597,345722004,512
10598,345754078,512
10599,345786244,512
10600,345818299,512
10601,345850470,512
10602,345882588,512
10603,345917271,512
10604,345949511,512
10605,345981680,512
10606,346013701,512
10607,346046033,512
10608,346078142,512
10609,346110281,512
10610,346143520,512
10611,346176919,512
10612,346209038,512
10613,346241068,512
10614,346273303,512
10615,346305339,512
10616,346337459,512
10617,346369485,512
10618,346401518,512
10619,346433697,512
10620,346465723,512
10621,346497748,512
10622,346529765,512
10623,346561889,512
10624,346596590,512
10625,346628942,512
10626,346661077,512
10627,346693159,512
10628,346725293,512
10629,346758188,512
10630,346792222,512
10631,346824586,512
10632,346857946,512
10633,346891781,512
10634,346924556,512
10635,346956673,512
10636,346988867,512
10637,347021011,512
10638,347053111,512
10639,347085303,512
10640,347117310,512
10641,347152034,512
10642,347184504,512
10643,347216631,512
10644,347248679,512
10645,347280863,512
10646,347312881,512
10647,347344905,512
10648,347377052,512
10649,347411289,512
10650,347443738,512
10651,347476808,512
10652,347508881,512
10653,347540897,512
10654,347577321,512
10655,347611537,512
10656,347643819,512
10657,347675959,512
10658,347707963,512
10659,347739999,512
10660,347772163,512
10661,347804325,512
10662,347836373,512
10663,347868511,512
10664,347903200,512
10665,347935551,512
10666,347967708,512
10667,347999707,512
10668,348031862,512
10669,348063984,512
10670,348096177,512
10671,348128286,512
10672,348162919,512
10673,348195361,512
10674,348227462,512
10675,348259589,512
10676,348292743,512
10677,348326269,512
10678,348358765,512
10679,348390987,512
10680,348423016,512
10681,348455185,512
10682,348487273,512
10683,348519460,512
10684,348551547,512
10685,348583576,512
10686,348615661,512
10687,348647721,512
10688,348682401,512
10689,348714830,512
10690,348746840,512
10691,348778907,512
10692,348810974,512
10693,348843021,512
10694,348875124,512
10695,348908547,512
10696,348942109,512
10697,348974494,512
10698,349006530,512
10699,349038584,512
10700,349070773,512
10701,349102868,512
10702,349134897,512
10703,349167057,512
10704,349199186,512
10705,349233870,512
10706,349266150,512
10707,349298411,512
10708,349330600,512
10709,349362796,512
10710,349394836,512
10711,349426935,512
10712,349461630,512
10713,349493762,512
10714,349526698,512
10715,349561365,512
10716,349593440,512
10717,349626841,512
10718,349661291,512
10719,349693367,512
10720,349727691,512
10721,349760838,512
10722,349793704,512
10723,349825770,512
10724,349857858,512
10725,349890032,512
10726,349922073,512
10727,349954174,512
10728,349986358,512
10729,350020799,512
10730,350052910,512
10731,350085393,512
10732,350117494,512
10733,350149525,512
10734,350181547,512
10735,350213613,512
10736,350245638,512
10737,350277721,512
10738,350309783,512
10739,350342308,512
10740,350376471,512
10741,350408815,512
10742,350441976,512
10743,350476084,512
10744,350508539,512
10745,350540792,512
10746,350572819,512
10747,350605094,512
10748,350637102,512
10749,350669194,512
10750,350701254,512
10751,350733360,512
10752,350765536,512
10753,350799795,512
10754,350832128,512
10755,350864201,512
10756,350896260,512
10757,350928659,512
10758,350960689,512
10759,350992856,512
10760,351024985,512
10761,351058040,512
10762,351091582,512
10763,351124024,512
10764,351156181,512
10765,351188349,512
10766,351220484,512
10767,351252516,512
10768,351284565,512
10769,351316655,512
10770,351348851,512
10771,351383606,512
10772,351415706,512
10773,351447997,512
10774,351479989,512
10775,351512084,512
10776,351544084,512
10777,351576271,512
10778,351608453,512
10779,351640571,512
10780,351673659,512
10781,351706858,512
10782,351739284,512
10783,351771792,512
10784,351803842,512
10785,351835987,512
10786,351868067,512
10787,351900260,512
10788,351932373,512
10789,351966988,512
10790,351999338,512
10791,352031356,512
10792,352063547,512
10793,352095588,512
10794,352127659,512
10795,352159762,512
10796,352191947,512
10797,352224069,512
10798,352258619,512
10799,352290964,512
10800,352323068,512
10801,352355174,512
10802,352388236,512
10803,352422182,512
10804,352454344,512
10805,352486567,512
10806,352518848,512
10807,352550915,512
10808,352583074,512
10809,352615171,512
10810,352647217,512
10811,352679245,512
10812,352711410,512
10813,352743450,512
10814,352778123,512
10815,352810244,512
10816,352842647,512
10817,352874790,512
10818,352906887,512
10819,352938968,512
10820,352971114,512
10821,353004554,512
10822,353037854,512
10823,353069955,512
10824,353102229,512
10825,353134415,512
10826,353166488,512
10827,353198546,512
10828,353230683,512
10829,353262828,512
10830,353294880,512
10831,353326963,512
10832,353361660,512
10833,353394021,512
10834,353426187,512
10835,353458178,512
10836,353490247,512
10837,353522431,512
10838,353554493,512
10839,353586658,512
10840,353621581,512
10841,353653774,512
10842,353685890,512
10843,353718724,512
10844,353752802,512
10845,353785172,512
10846,353817310,512
10847,353849315,512
10848,353881501,512
10849,353913603,512
10850,353945803,512
10851,353977944,512
10852,354009956,512
10853,354042108,512
10854,354074146,512
10855,354108790,512
10856,354140856,512
10857,354173219,512
10858,354205701,512
10859,354237736,512
10860,354269855,512
10861,354304445,512
10862,354337970,512
10863,354372313,512
10864,354404399,512
10865,354438187,512
10866,354472308,512
10867,354504341,512
10868,354537837,512
10869,354572939,512
10870,354604980,512
10871,354637125,512
10872,354669287,512
10873,354701471,512
10874,354736951,512
10875,354769094,512
10876,354801100,512
10877,354833260,512
10878,354867939,512
10879,354900103,512
10880,354932168,512
10881,354964264,512
10882,354996381,512
10883,355028426,512
10884,355060613,512
10885,355092623,512
10886,355124659,512
10887,355157494,512
10888,355191215,512
10889,355223677,512
10890,355257337,512
10891,355291641,512
10892,355323661,512
10893,355357005,512
10894,355391560,512
10895,355423774,512
10896,355456088,512
10897,355488194,512
10898,355520229,512
10899,355552412,512
10900,355584437,512
10901,355616499,512
10902,355651131,512
10903,355683200,512
10904,355715620,512
10905,355747744,512
10906,355779814,512
10907,355811995,512
10908,355844024,512
10909,355876080,512
10910,355908145,512
10911,355940248,512
10912,355973484,512
10913,356006641,512
10914,356038824,512
10915,356070878,512
10916,356103158,512
10917,356135323,512
10918,356167540,512
10919,356199600,512
10920,356231726,512
10921,356263822,512
10922,356295831,512
10923,356330449,512
10924,356362488,512
10925,356394771,512
10926,356426937,512
10927,356459236,512
10928,356491395,512
10929,356523550,512
10930,356558279,512
10931,356591272,512
10932,356623419,512
10933,356658099,512
10934,356690982,512
10935,356723041,512
10936,356755099,512
10937,356787229,512
10938,356819373,512
10939,356854029,512
10940,356886497,512
10941,356918562,512
10942,356950698,512
10943,356982866,512
10944,357015041,512
10945,357047086,512
10946,357081766,512
10947,357114132,512
10948,357146289,512
10949,357178371,512
10950,357210410,512
10951,357242511,512
10952,357274699,512
10953,357307038,512
10954,357341525,512
10955,357373733,512
10956,357407704,512
10957,357441313,512
10958,357473345,512
10959,357505487,512
10960,357537553,512
10961,357569635,512
10962,357601722,512
10963,357633724,512
10964,357665883,512
10965,357697960,512
10966,357730126,512
10967,357762250,512
10968,357794311,512
10969,357828871,512
10970,357861123,512
10971,357893240,512
10972,357925480,512
10973,357957586,512
10974,357989714,512
10975,358022138,512
10976,358056324,512
10977,358088380,512
10978,358121985,512
10979,358156734,512
10980,358188808,512
10981,358220810,512
10982,358252940,512
10983,358285106,512
10984,358317196,512
10985,358349328,512
10986,358381454,512
10987,358413574,512
10988,358445620,512
10989,358477644,512
10990,358512350,512
10991,358544387,512
10992,358576633,512
10993,358608674,512
10994,358640876,512
10995,358672982,512
10996,358705114,512
10997,358738488,512
10998,358771950,512
10999,358803956,512
11000,358836336,512
11001,358868551,512
11002,358900579,512
11003,358932658,512
11004,358964789,512
11005,358996839,512
11006,359029045,512
11007,359063818,512
11008,359095843,512
11009,359127865,512
11010,359159952,512
11011,359192190,512
11012,359224321,512
11013,359256687,512
11014,359288709,512
11015,359323718,512
11016,359356980,512
11017,359390878,512
11018,359423283,512
11019,359456360,512
11020,359488532,512
11021,359523210,512
11022,359557786,512
11023,359591197,512
11024,359623627,512
11025,359655753,512
11026,359687933,512
11027,359720009,512
11028,359752099,512
11029,359784133,512
11030,359816284,512
11031,359850877,512
11032,359882897,512
11033,359915249,512
11034,359947438,512
11035,359979593,512
11036,360011712,512
11037,360043854,512
11038,360075969,512
11039,360107996,512
11040,360142689,512
11041,360175633,512
11042,360207776,512
11043,360242382,512
11044,360276863,512
11045,360310120,512
11046,360342438,512
11047,360377200,512
11048,360410354,512
11049,360442368,512
11050,360474751,512
11051,360506811,512
11052,360538977,512
11053,360571189,512
11054,360603344,512
11055,360635460,512
11056,360670015,512
11057,360702441,512
11058,360734557,512
11059,360766682,512
11060,360798831,512
11061,360830925,512
11062,360863121,512
11063,360897996,512
11064,360930161,512
11065,360962352,512
11066,360994551,512
11067,361026607,512
11068,361058773,512
11069,361090919,512
11070,361125177,512
11071,361157309,512
11072,361189788,512
11073,361221884,512
11074,361253998,512
11075,361286078,512
11076,361318235,512
11077,361350435,512
11078,361382461,512
11079,361414549,512
11080,361446631,512
11081,361481331,512
11082,361513687,512
11083,361545705,512
11084,361577877,512
11085,361610082,512
11086,361642102,512
11087,361674252,512
11088,361706544,512
11089,361740517,512
11090,361772799,512
11091,361805029,512
11092,361837105,512
11093,361869272,512
11094,361901380,512
11095,361933386,512
11096,361965562,512
11097,361997671,512
11098,362029776,512
11099,362061775,512
11100,362093899,512
11101,362125897,512
11102,362160495,512
11103,362192573,512
11104,362225050,512
11105,362257139,512
11106,362289271,512
11107,362322929,512
11108,362356317,512
11109,362388661,512
11110,362420798,512
11111,362452822,512
11112,362484873,512
11113,362517057,512
11114,362549172,512
11115,362581248,512
11116,362613273,512
11117,362645414,512
11118,362679975,512
11119,362713787,512
11120,362747758,512
11121,362780100,512
11122,362812446,512
11123,362844886,512
11124,362877019,512
11125,362909037,512
11126,362944021,512
11127,362976213,512
11128,363008380,512
11129,363041243,512
11130,363075694,512
11131,363108066,512
11132,363142090,512
11133,363175565,512
11134,363207901,512
11135,363240103,512
11136,363272192,512
11137,363304213,512
11138,363336337,512
11139,363368461,512
11140,363400473,512
11141,363432532,512
11142,363467406,512
11143,363499712,512
11144,363531798,512
11145,363563989,512
11146,363596103,512
11147,363628228,512
11148,363660335,512
11149,363694812,512
11150,363729635,512
11151,363764043,512
11152,363796173,512
11153,363830846,512
11154,363862906,512
11155,363895083,512
11156,363927247,512
11157,363961481,512
11158,363994681,512
11159,364026846,512
11160,364059044,512
11161,364091095,512
11162,364123300,512
11163,364155350,512
11164,364187474,512
11165,364219541,512
11166,364251716,512
11167,364286378,512
11168,364318763,512
11169,364350907,512
11170,364382927,512
11171,364415106,512
11172,364447146,512
11173,364479195,512
11174,364511383,512
11175,364546283,512
11176,364578915,512
11177,364611085,512
11178,364643153,512
11179,364676043,512
11180,364709947,512
11181,364742008,512
11182,364774053,512
11183,364806347,512
11184,364838388,512
11185,364870579,512
11186,364902749,512
11187,364934778,512
11188,364966963,512
11189,365001593,512
11190,365033646,512
11191,365065812,512
11192,365097968,512
11193,365130033,512
11194,365162227,512
11195,365194456,512
11196,365226479,512
11197,365258504,512
11198,365291577,512
11199,365324912,512
11200,365357309,512
11201,365389465,512
11202,365421894,512
11203,365453976,512
11204,365486172,512
11205,365518348,512
11206,365553022,512
11207,365585488,512
11208,365617678,512
11209,365649684,512
11210,365681741,512
11211,365713771,512
11212,365745781,512
11213,365777857,512
11214,365809982,512
11215,365844706,512
11216,365876839,512
11217,365909961,512
11218,365942024,512
11219,365976603,512
11220,366009520,512
11221,366041620,512
11222,366073657,512
11223,366105658,512
11224,366137659,512
11225,366169724,512
11226,366201749,512
11227,366236329,512
11228,366268696,512
11229,366300843,512
11230,366332870,512
11231,366365003,512
11232,366397096,512
11233,366429295,512
11234,366461459,512
11235,366493494,512
11236,366528353,512
11237,366560376,512
11238,366592603,512
11239,366624851,512
11240,366656923,512
11241,366689012,512
11242,366721057,512
11243,366753125,512
11244,366785176,512
11245,366820216,512
11246,366852245,512
11247,366884313,512
11248,366916478,512
11249,366948518,512
11250,366980526,512
11251,367012690,512
11252,367044697,512
11253,367076786,512
11254,367108776,512
11255,367143443,512
11256,367175489,512
11257,367207904,512
11258,367240794,512
11259,367275228,512
11260,367307235,512
11261,367340258,512
11262,367372417,512
11263,367404557,512
11264,367441059,512
11265,367474845,512
11266,367507288,512
11267,367539606,512
11268,367571768,512
11269,367603773,512
11270,367635774,512
11271,367667916,512
11272,367700113,512
11273,367734854,512
11274,367766853,512
11275,367798901,512
11276,367831276,512
11277,367863411,512
11278,367895422,512
11279,367927483,512
11280,367959499,512
11281,367991532,512
11282,368023620,512
11283,368056606,512
11284,368090501,512
11285,368122574,512
11286,368154846,512
11287,368187027,512
11288,368219124,512
11289,368251252,512
11290,368283320,512
11291,368315321,512
11292,368347483,512
11293,368379511,512
11294,368411547,512
11295,368446242,512
11296,368478644,512
11297,368510650,512
11298,368542840,512
11299,368574880,512
11300,368606992,512
11301,368639073,512
11302,368671608,512
11303,368705615,512
11304,368737648,512
11305,368771834,512
11306,368806022,512
11307,368838295,512
11308,368870299,512
11309,368902397,512
11310,368934452,512
11311,368966525,512
11312,368998659,512
11313,369030721,512
11314,369062746,512
11315,369097335,512
11316,369129501,512
11317,369161818,512
11318,369194031,512
11319,369226118,512
11320,369258257,512
11321,369290252,512
11322,369322351,512
11323,369354517,512
11324,369387301,512
11325,369420973,512
11326,369453445,512
11327,369485703,512
11328,369517821,512
11329,369549863,512
11330,369581893,512
11331,369614088,512
11332,369646187,512
11333,369678217,512
11334,369710217,512
11335,369744963,512
11336,369777375,512
11337,369809535,512
11338,369841713,512
11339,369873721,512
11340,369905844,512
11341,369937858,512
11342,369972553,512
11343,370005976,512
11344,370040656,512
11345,370072957,512
11346,370105538,512
11347,370137656,512
11348,370169721,512
11349,370206470,512
11350,370240104,512
11351,370272293,512
11352,370304627,512
11353,370336810,512
11354,370368960,512
11355,370401043,512
11356,370433130,512
11357,370465186,512
11358,370497233,512
11359,370529260,512
11360,370563902,512
11361,370595997,512
11362,370628281,512
11363,370660305,512
11364,370692383,512
11365,370724474,512
11366,370756557,512
11367,370788696,512
11368,370822030,512
11369,370855517,512
11370,370887645,512
11371,370919680,512
11372,370951740,512
11373,370984042,512
11374,371016157,512
11375,371048350,512
11376,371080520,512
11377,371112658,512
11378,371147324,512
11379,371179333,512
11380,371211658,512
11381,371243699,512
11382,371275740,512
11383,371307839,512
11384,371340131,512
11385,371372213,512
11386,371404252,512
11387,371436311,512
11388,371468374,512
11389,371503083,512
11390,371537133,512
11391,371570658,512
11392,371602874,512
11393,371635073,512
11394,371667104,512
11395,371699168,512
11396,371731580,512
11397,371763741,512
11398,371795923,512
11399,371827952,512
11400,371860014,512
11401,371894897,512
11402,371927308,512
11403,371959487,512
11404,371991606,512
11405,372023762,512
11406,372058465,512
11407,372090631,512
11408,372122886,512
11409,372156582,512
11410,372190217,512
11411,372222341,512
11412,372255628,512
11413,372290256,512
11414,372322280,512
11415,372356238,512
11416,372389833,512
11417,372422313,512
11418,372454554,512
11419,372486571,512
11420,372518814,512
11421,372550944,512
11422,372582980,512
11423,372614997,512
11424,372647096,512
11425,372679182,512
11426,372713783,512
11427,372745799,512
11428,372778278,512
11429,372810469,512
11430,372842621,512
11431,372874698,512
11432,372906822,512
11433,372938913,512
11434,372972336,512
11435,373005048,512
11436,373037601,512
11437,373069948,512
11438,373102147,512
11439,373134234,512
11440,373166258,512
11441,373198413,512
11442,373230599,512
11443,373265302,512
11444,373297439,512
11445,373329821,512
11446,373361914,512
11447,373393970,512
11448,373426159,512
11449,373458260,512
11450,373490294,512
11451,373522327,512
11452,373556964,512
11453,373589865,512
11454,373621939,512
11455,373654108,512
11456,373686740,512
11457,373720694,512
11458,373752791,512
11459,373784898,512
11460,373817049,512
11461,373849240,512
11462,373881260,512
11463,373913458,512
11464,373945492,512
11465,373977552,512
11466,374009703,512
11467,374041828,512
11468,374076327,512
11469,374108437,512
11470,374140774,512
11471,374172945,512
11472,374205144,512
11473,374237221,512
11474,374269386,512
11475,374302229,512
11476,374335710,512
11477,374368113,512
11478,374400432,512
11479,374432580,512
11480,374464763,512
11481,374496949,512
11482,374529079,512
11483,374561112,512
11484,374593262,512
11485,374627939,512
11486,374660315,512
11487,374692425,512
11488,374724540,512
11489,374756697,512
11490,374788883,512
11491,374823597,512
11492,374855659,512
11493,374887676,512
11494,374920975,512
11495,374955494,512
11496,374987825,512
11497,375020485,512
11498,375052516,512
11499,375084699,512
11500,375116726,512
11501,375151460,512
11502,375183904,512
11503,375216033,512
11504,375248163,512
11505,375280196,512
11506,375312311,512
11507,375344325,512
11508,375376390,512
11509,375411033,512
11510,375443412,512
11511,375475562,512
11512,375507672,512
11513,375539695,512
11514,375571732,512
11515,375603809,512
11516,375636023,512
11517,375670436,512
11518,375702784,512
11519,375736741,512
11520,375770726,512
11521,375803144,512
11522,375835185,512
11523,375867238,512
11524,375899421,512
11525,375931478,512
11526,375963490,512
11527,375995525,512
11528,376027710,512
11529,376062317,512
11530,376094502,512
11531,376126799,512
11532,376158878,512
11533,376190914,512
11534,376222985,512
11535,376255015,512
11536,376287229,512
11537,376319263,512
11538,376351827,512
11539,376385688,512
11540,376418026,512
11541,376451941,512
11542,376486124,512
11543,376518446,512
11544,376550628,512
11545,376582686,512
11546,376614826,512
11547,376646897,512
11548,376678947,512
11549,376711004,512
11550,376745891,512
11551,376778062,512
11552,376810096,512
11553,376842148,512
11554,376874276,512
11555,376906302,512
11556,376938458,512
11557,376970574,512
11558,377002578,512
11559,377034775,512
11560,377067134,512
11561,377101383,512
11562,377133720,512
11563,377165903,512
11564,377197942,512
11565,377229986,512
11566,377262166,512
11567,377294338,512
11568,377326384,512
11569,377358451,512
11570,377393175,512
11571,377425373,512
11572,377457637,512
11573,377489635,512
11574,377521676,512
11575,377553794,512
11576,377585898,512
11577,377618023,512
11578,377650075,512
11579,377682793,512
11580,377716405,512
11581,377748698,512
11582,377782634,512
11583,377816676,512
11584,377849137,512
11585,377881176,512
11586,377913281,512
11587,377945388,512
11588,377977443,512
11589,378009474,512
11590,378041633,512
11591,378076316,512
11592,378108519,512
11593,378140605,512
11594,378172798,512
11595,378204844,512
11596,378236970,512
11597,378268980,512
11598,378301003,512
11599,378333123,512
11600,378365215,512
11601,378398001,512
11602,378431644,512
11603,378463992,512
11604,378496138,512
11605,378528243,512
11606,378560589,512
11607,378592599,512
11608,378624740,512
11609,378656840,512
11610,378688981,512
11611,378721022,512
11612,378756031,512
11613,378788217,512
11614,378820355,512
11615,378852622,512
11616,378884714,512
11617,378916863,512
11618,378948897,512
11619,378981283,512
11620,379014784,512
11621,379047087,512
11622,379079267,512
11623,379111380,512
11624,379143602,512
11625,379175611,512
11626,379207807,512
11627,379239873,512
11628,379271897,512
11629,379303922,512
11630,379335964,512
11631,379368080,512
11632,379400662,512
11633,379434606,512
11634,379467068,512
11635,379499119,512
11636,379531213,512
11637,379563267,512
11638,379595426,512
11639,379628661,512
11640,379662269,512
11641,379694785,512
11642,379727832,512
11643,379760000,512
11644,379794677,512
11645,379826754,512
11646,379858763,512
11647,379891031,512
11648,379923069,512
11649,379955095,512
11650,379987178,512
11651,380019260,512
11652,380051372,512
11653,380083399,512
11654,380115572,512
11655,380147597,512
11656,380182803,512
11657,380214950,512
11658,380247026,512
11659,380279164,512
11660,380311182,512
11661,380344765,512
11662,380377625,512
11663,380409965,512
11664,380442295,512
11665,380474527,512
11666,380506596,512
11667,380538707,512
11668,380570723,512
11669,380602912,512
11670,380635096,512
11671,380669750,512
11672,380702009,512
11673,380734116,512
11674,380766125,512
11675,380798259,512
11676,380830391,512
11677,380862397,512
11678,380894474,512
11679,380926485,512
11680,380959509,512
11681,380993517,512
11682,381025826,512
11683,381057954,512
11684,381090043,512
11685,381122185,512
11686,381154306,512
11687,381186331,512
11688,381218494,512
11689,381250511,512
11690,381285109,512
11691,381317322,512
11692,381349522,512
11693,381381596,512
11694,381413701,512
11695,381445773,512
11696,381478052,512
11697,381510162,512
11698,381542236,512
11699,381576911,512
11700,381609259,512
11701,381641279,512
11702,381674183,512
11703,381708463,512
11704,381740648,512
11705,381772814,512
11706,381804859,512
11707,381837034,512
11708,381869166,512
11709,381901369,512
11710,381933481,512
11711,381965659,512
11712,381997675,512
11713,382032312,512
11714,382064336,512
11715,382096549,512
11716,382128788,512
11717,382160944,512
11718,382192953,512
11719,382224988,512
11720,382257075,512
11721,382290402,512
11722,382324058,512
11723,382356440,512
11724,382388602,512
11725,382420698,512
11726,382452782,512
11727,382484818,512
11728,382516838,512
11729,382548949,512
11730,382580991,512
11731,382615571,512
11732,382647746,512
11733,382679797,512
11734,382711873,512
11735,382743962,512
11736,382776027,512
11737,382808388,512
11738,382840574,512
11739,382872710,512
11740,382905335,512
11741,382939437,512
11742,382971541,512
11743,383005330,512
11744,383039075,512
11745,383071282,512
11746,383103437,512
11747,383135773,512
11748,383167963,512
11749,383200036,512
11750,383232234,512
11751,383264349,512
11752,383296400,512
11753,383328409,512
11754,383363086,512
11755,383395511,512
11756,383427673,512
11757,383459685,512
11758,383491856,512
11759,383523898,512
11760,383555998,512
11761,383588065,512
11762,383621347,512
11763,383655242,512
11764,383687303,512
11765,383719458,512
11766,383751465,512
11767,383783652,512
11768,383815841,512
11769,383847862,512
11770,383882847,512
11771,383914937,512
11772,383947080,512
11773,383979089,512
11774,384011250,512
11775,384043266,512
11776,384075346,512
11777,384107532,512
11778,384142193,512
11779,384174257,512
11780,384206425,512
11781,384239323,512
11782,384271425,512
11783,384306063,512
11784,384338984,512
11785,384371060,512
11786,384403186,512
11787,384439501,512
11788,384474375,512
11789,384506417,512
11790,384538591,512
11791,384570676,512
11792,384602875,512
11793,384634909,512
11794,384667007,512
11795,384699039,512
11796,384733614,512
11797,384766043,512
11798,384798121,512
11799,384830310,512
11800,384862380,512
11801,384894541,512
11802,384926607,512
11803,384958712,512
11804,384993623,512
11805,385025821,512
11806,385058820,512
11807,385093311,512
11808,385125489,512
11809,385158117,512
11810,385190240,512
11811,385222247,512
11812,385254381,512
11813,385286430,512
11814,385321038,512
11815,385353253,512
11816,385385379,512
11817,385417496,512
11818,385449520,512
11819,385481829,512
11820,385513935,512
11821,385545958,512
11822,385577987,512
11823,385612777,512
11824,385645108,512
11825,385677145,512
11826,385709254,512
11827,385741267,512
11828,385774186,512
11829,385808697,512
11830,385840967,512
11831,385874840,512
11832,385908601,512
11833,385940760,512
11834,385972842,512
11835,386004986,512
11836,386037192,512
11837,386069320,512
11838,386101475,512
11839,386136516,512
11840,386168641,512
11841,386200738,512
11842,386232845,512
11843,386264960,512
11844,386297032,512
11845,386329228,512
11846,386363876,512
11847,386396079,512
11848,386428479,512
11849,386460563,512
11850,386492597,512
11851,386524733,512
11852,386556924,512
11853,386589641,512
11854,386624002,512
11855,386656260,512
11856,386688412,512
11857,386720581,512
11858,386752658,512
11859,386784736,512
11860,386816775,512
11861,386851393,512
11862,386883693,512
11863,386915808,512
11864,386947947,512
11865,386980006,512
11866,387012082,512
11867,387044129,512
11868,387076258,512
11869,387108311,512
11870,387140355,512
11871,387172358,512
11872,387205577,512
11873,387239077,512
11874,387271165,512
11875,387303462,512
11876,387335588,512
11877,387367721,512
11878,387399748,512
11879,387431858,512
11880,387463902,512
11881,387495926,512
11882,387528001,512
11883,387560061,512
11884,387592081,512
11885,387626758,512
11886,387658946,512
11887,387691062,512
11888,387723107,512
11889,387755228,512
11890,387787238,512
11891,387820046,512
11892,387854834,512
11893,387887027,512
11894,387919857,512
11895,387954134,512
11896,387986304,512
11897,388018802,512
11898,388050854,512
11899,388083021,512
11900,388115067,512
11901,388147168,512
11902,388179226,512
11903,388211324,512
11904,388243422,512
11905,388278179,512
11906,388310395,512
11907,388342493,512
11908,388374626,512
11909,388406721,512
11910,388438787,512
11911,388470963,512
11912,388503062,512
11913,388536116,512
11914,388569774,512
11915,388601924,512
11916,388634136,512
11917,388666336,512
11918,388698387,512
11919,388730446,512
11920,388762545,512
11921,388794563,512
11922,388826747,512
11923,388858785,512
11924,388893355,512
11925,388925703,512
11926,388957886,512
11927,388989929,512
11928,389022107,512
11929,389054286,512
11930,389086450,512
11931,389118563,512
11932,389151508,512
11933,389185031,512
11934,389217124,512
11935,389249216,512
11936,389281387,512
11937,389313516,512
11938,389345619,512
11939,389377674,512
11940,389409811,512
11941,389441953,512
11942,389474095,512
11943,389508748,512
11944,389541619,512
11945,389573627,512
11946,389605704,512
11947,389637892,512
11948,389670052,512
11949,389704246,512
11950,389736623,512
11951,389769238,512
11952,389801348,512
11953,389833372,512
11954,389866165,512
11955,389900104,512
11956,389932598,512
11957,389964850,512
11958,389996858,512
11959,390029001,512
11960,390061036,512
11961,390093228,512
11962,390125248,512
11963,390157270,512
11964,390189317,512
11965,390221461,512
11966,390256066,512
11967,390288131,512
11968,390320410,512
11969,390352499,512
11970,390384518,512
11971,390416562,512
11972,390448576,512
11973,390482491,512
11974,390515910,512
11975,390548125,512
11976,390580187,512
11977,390612371,512
11978,390644516,512
11979,390676535,512
11980,390708698,512
11981,390740873,512
11982,390772922,512
11983,390807492,512
11984,390839830,512
11985,390871932,512
11986,390903976,512
11987,390935976,512
11988,390968022,512
11989,391000306,512
11990,391032315,512
11991,391064377,512
11992,391097140,512
11993,391130951,512
11994,391163257,512
11995,391196926,512
11996,391230846,512
11997,391262955,512
11998,391295252,512
11999,391327458,512
12000,391359548,512
12001,391391707,512
12002,391423774,512
12003,391455961,512
12004,391488095,512
12005,391520123,512
12006,391554764,512
12007,391586878,512
12008,391619158,512
12009,391651179,512
12010,391683234,512
12011,391715358,512
12012,391747438,512
12013,391779549,512
12014,391812115,512
12015,391846518,512
12016,391878875,512
12017,391910964,512
12018,391943030,512
12019,391975195,512
12020,392007272,512
12021,392039311,512
12022,392071436,512
12023,392103488,512
12024,392138052,512
12025,392170349,512
12026,392202552,512
12027,392234576,512
12028,392266689,512
12029,392298851,512
12030,392330888,512
12031,392362973,512
12032,392395162,512
12033,392428373,512
12034,392461668,512
12035,392493787,512
12036,392525875,512
12037,392558263,512
12038,392590623,512
12039,392622754,512
12040,392654932,512
12041,392686979,512
12042,392721606,512
12043,392753998,512
12044,392786244,512
12045,392818319,512
12046,392850399,512
12047,392882487,512
12048,392914562,512
12049,392946586,512
12050,392980931,512
12051,393013235,512
12052,393045909,512
12053,393078014,512
12054,393110198,512
12055,393143156,512
12056,393177201,512
12057,393209232,512
12058,393241237,512
12059,393273266,512
12060,393305323,512
12061,393337499,512
12062,393369611,512
12063,393401778,512
12064,393433823,512
12065,393466009,512
12066,393498167,512
12067,393532725,512
12068,393564804,512
12069,393596935,512
12070,393629225,512
12071,393661354,512
12072,393693516,512
12073,393725632,512
12074,393759161,512
12075,393792490,512
12076,393824904,512
12077,393857064,512
12078,393889140,512
12079,393921324,512
12080,393953418,512
12081,393985563,512
12082,394017619,512
12083,394052517,512
12084,394084657,512
12085,394116856,512
12086,394149005,512
12087,394181022,512
12088,394213157,512
12089,394245275,512
12090,394280027,512
12091,394312190,512
12092,394344490,512
12093,394376989,512
12094,394409001,512
12095,394441125,512
12096,394473673,512
12097,394507428,512
12098,394539736,512
12099,394571937,512
12100,394604096,512
12101,394636221,512
12102,394668260,512
12103,394700379,512
12104,394732516,512
12105,394764681,512
12106,394796822,512
12107,394828836,512
12108,394863371,512
12109,394895507,512
12110,394927548,512
12111,394959812,512
12112,394991875,512
12113,395023985,512
12114,395056123,512
12115,395089150,512
12116,395123146,512
12117,395155609,512
12118,395187654,512
12119,395219659,512
12120,395251780,512
12121,395283903,512
12122,395316066,512
12123,395348139,512
12124,395380284,512
12125,395415116,512
12126,395447325,512
12127,395479359,512
12128,395511516,512
12129,395543639,512
12130,395575799,512
12131,395607899,512
12132,395642213,512
12133,395674623,512
12134,395708685,512
12135,395742402,512
12136,395774414,512
12137,395807815,512
12138,395842357,512
12139,395874810,512
12140,395908361,512
12141,395942544,512
12142,395974680,512
12143,396006846,512
12144,396038959,512
12145,396071083,512
12146,396103248,512
12147,396135348,512
12148,396167400,512
12149,396202091,512
12150,396234505,512
12151,396266628,512
12152,396298707,512
12153,396330808,512
12154,396362912,512
12155,396394951,512
12156,396429918,512
12157,396461991,512
12158,396494278,512
12159,396527217,512
12160,396561455,512
12161,396593714,512
12162,396627297,512
12163,396661568,512
12164,396694005,512
12165,396727236,512
12166,396761103,512
12167,396793598,512
12168,396825938,512
12169,396857951,512
12170,396890005,512
12171,396922176,512
12172,396954290,512
12173,396986329,512
12174,397018387,512
12175,397050562,512
12176,397085000,512
12177,397117079,512
12178,397149253,512
12179,397181373,512
12180,397213396,512
12181,397245511,512
12182,397277661,512
12183,397309710,512
12184,397343909,512
12185,397377196,512
12186,397409258,512
12187,397441288,512
12188,397473313,512
12189,397505384,512
12190,397537453,512
12191,397569645,512
12192,397601789,512
12193,397633982,512
12194,397668553,512
12195,397700752,512
12196,397732935,512
12197,397765022,512
12198,397797046,512
12199,397829166,512
12200,397861681,512
12201,397896005,512
12202,397928304,512
12203,397961067,512
12204,397993116,512
12205,398025237,512
12206,398058105,512
12207,398091849,512
12208,398124112,512
12209,398156337,512
12210,398188440,512
12211,398220502,512
12212,398252684,512
12213,398284698,512
12214,398316772,512
12215,398348898,512
12216,398381021,512
12217,398413050,512
12218,398445096,512
12219,398479818,512
12220,398512015,512
12221,398544130,512
12222,398576519,512
12223,398608630,512
12224,398640714,512
12225,398674309,512
12226,398708023,512
12227,398740104,512
12228,398772115,512
12229,398804309,512
12230,398836461,512
12231,398868576,512
12232,398900619,512
12233,398935313,512
12234,398967641,512
12235,398999841,512
12236,399031953,512
12237,399063951,512
12238,399096144,512
12239,399128313,512
12240,399160469,512
12241,399195029,512
12242,399227296,512
12243,399259360,512
12244,399292689,512
12245,399327398,512
12246,399359411,512
12247,399391814,512
12248,399423822,512
12249,399455911,512
12250,399487993,512
12251,399520025,512
12252,399552026,512
12253,399587475,512
12254,399619673,512
12255,399651820,512
12256,399683842,512
12257,399715889,512
12258,399750602,512
12259,399782943,512
12260,399815086,512
12261,399847137,512
12262,399879266,512
12263,399911461,512
12264,399943532,512
12265,399975605,512
12266,400007875,512
12267,400042058,512
12268,400074176,512
12269,400108280,512
12270,400142149,512
12271,400174394,512
12272,400206546,512
12273,400238731,512
12274,400270790,512
12275,400302971,512
12276,400335007,512
12277,400367097,512
12278,400399138,512
12279,400433850,512
12280,400466225,512
12281,400498391,512
12282,400530400,512
12283,400562515,512
12284,400594683,512
12285,400626699,512
12286,400658861,512
12287,400690874,512
12288,400725948,512
12289,400757950,512
12290,400790144,512
12291,400823446,512
12292,400858034,512
12293,400890112,512
12294,400922236,512
12295,400954408,512
12296,400986413,512
12297,401018599,512
12298,401053099,512
12299,401085309,512
12300,401117710,512
12301,401149801,512
12302,401181924,512
12303,401214037,512
12304,401246037,512
12305,401278118,512
12306,401310193,512
12307,401342303,512
12308,401376570,512
12309,401408960,512
12310,401442465,512
12311,401476627,512
12312,401508772,512
12313,401541950,512
12314,401574022,512
12315,401608650,512
12316,401642360,512
12317,401676359,512
12318,401708684,512
12319,401740766,512
12320,401772938,512
12321,401805018,512
12322,401837101,512
12323,401869250,512
12324,401901250,512
12325,401933352,512
12326,401965456,512
12327,401997489,512
12328,402029599,512
12329,402064190,512
12330,402096217,512
12331,402128589,512
12332,402160696,512
12333,402192770,512
12334,402224921,512
12335,402258461,512
12336,402291593,512
12337,402323832,512
12338,402356161,512
12339,402388417,512
12340,402420493,512
12341,402452554,512
12342,402484562,512
12343,402516601,512
12344,402548705,512
12345,402580762,512
12346,402612858,512
12347,402644961,512
12348,402679689,512
12349,402711824,512
12350,402743966,512
12351,402776306,512
12352,402808466,512
12353,402840588,512
12354,402873773,512
12355,402906987,512
12356,402939428,512
12357,402972484,512
12358,403004525,512
12359,403036576,512
12360,403071380,512
12361,403103440,512
12362,403135712,512
12363,403167854,512
12364,403199938,512
12365,403232074,512
12366,403264273,512
12367,403298927,512
12368,403331325,512
12369,403363364,512
12370,403395423,512
12371,403427564,512
12372,403459779,512
12373,403491826,512
12374,403523935,512
12375,403556098,512
12376,403589383,512
12377,403622271,512
12378,403654554,512
12379,403686705,512
12380,403718744,512
12381,403750758,512
12382,403782977,512
12383,403815088,512
12384,403847250,512
12385,403879378,512
12386,403911473,512
12387,403943599,512
12388,403978218,512
12389,404010384,512
12390,404042659,512
12391,404074850,512
12392,404107270,512
12393,404139438,512
12394,404174025,512
12395,404207256,512
12396,404241948,512
12397,404274175,512
12398,404306930,512
12399,404339010,512
12400,404371028,512
12401,404403181,512
12402,404437774,512
12403,404470243,512
12404,404502621,512
12405,404534675,512
12406,404566755,512
12407,404598833,512
12408,404630922,512
12409,404662974,512
12410,404697554,512
12411,404729896,512
12412,404761968,512
12413,404794115,512
12414,404826139,512
12415,404858336,512
12416,404890508,512
12417,404922619,512
12418,404954663,512
12419,404989356,512
12420,405023557,512
12421,405057156,512
12422,405089184,512
12423,405121241,512
12424,405153706,512
12425,405185766,512
12426,405217935,512
12427,405249943,512
12428,405282034,512
12429,405314092,512
12430,405346168,512
12431,405378185,512
12432,405412889,512
12433,405445200,512
12434,405477280,512
12435,405509428,512
12436,405541674,512
12437,405573796,512
12438,405605981,512
12439,405638098,512
12440,405672660,512
12441,405705055,512
12442,405738043,512
12443,405772627,512
12444,405804833,512
12445,405837023,512
12446,405869217,512
12447,405901397,512
12448,405933562,512
12449,405965620,512
12450,405997629,512
12451,406032281,512
12452,406064413,512
12453,406096575,512
12454,406128715,512
12455,406160846,512
12456,406193033,512
12457,406225148,512
12458,406257340,512
12459,406291504,512
12460,406323665,512
12461,406357527,512
12462,406391993,512
12463,406424383,512
12464,406457035,512
12465,406491338,512
12466,406523948,512
12467,406557560,512
12468,406591467,512
12469,406623549,512
12470,406655734,512
12471,406687951,512
12472,406720310,512
12473,406752493,512
12474,406784562,512
12475,406816685,512
12476,406848715,512
12477,406880755,512
12478,406915402,512
12479,406947735,512
12480,406979754,512
12481,407011924,512
12482,407044035,512
12483,407076480,512
12484,407111132,512
12485,407143164,512
12486,407176505,512
12487,407211017,512
12488,407243152,512
12489,407276491,512
12490,407310763,512
12491,407343361,512
12492,407376977,512
12493,407411013,512
12494,407443363,512
12495,407475539,512
12496,407507710,512
12497,407539767,512
12498,407571871,512
12499,407603919,512
12500,407638754,512
12501,407671145,512
12502,407703174,512
12503,407735347,512
12504,407767511,512
12505,407799557,512
12506,407831685,512
12507,407866369,512
12508,407898371,512
12509,407930471,512
12510,407962495,512
12511,407996336,512
12512,408030259,512
12513,408062416,512
12514,408095670,512
12515,408129834,512
12516,408162332,512
12517,408195977,512
12518,408229736,512
12519,408262001,512
12520,408294094,512
12521,408326260,512
12522,408358315,512
12523,408390418,512
12524,408422425,512
12525,408454533,512
12526,408486553,512
12527,408518662,512
12528,408550827,512
12529,408582842,512
12530,408614932,512
12531,408646969,512
12532,408681562,512
12533,408714486,512
12534,408746519,512
12535,408778714,512
12536,408812082,512
12537,408845003,512
12538,408877445,512
12539,408909550,512
12540,408941768,512
12541,408973853,512
12542,409006040,512
12543,409038245,512
12544,409070298,512
12545,409102414,512
12546,409137189,512
12547,409169597,512
12548,409201633,512
12549,409233744,512
12550,409265899,512
12551,409297916,512
12552,409330027,512
12553,409362041,512
12554,409394068,512
12555,409426515,512
12556,409460508,512
12557,409492757,512
12558,409526161,512
12559,409560810,512
12560,409593128,512
12561,409625252,512
12562,409657396,512
12563,409689481,512
12564,409721538,512
12565,409753596,512
12566,409785690,512
12567,409817691,512
12568,409852395,512
12569,409884789,512
12570,409916915,512
12571,409948938,512
12572,409980940,512
12573,410013013,512
12574,410045217,512
12575,410077325,512
12576,410109511,512
12577,410142184,512
12578,410176028,512
12579,410208369,512
12580,410240562,512
12581,410272580,512
12582,410304714,512
12583,410336835,512
12584,410368870,512
12585,410400890,512
12586,410432943,512
12587,410464984,512
12588,410497058,512
12589,410529069,512
12590,410563754,512
12591,410596398,512
12592,410628516,512
12593,410660605,512
12594,410692682,512
12595,410724715,512
12596,410757831,512
12597,410791011,512
12598,410823498,512
12599,410855864,512
12600,410887951,512
12601,410920017,512
12602,410952140,512
12603,410984320,512
12604,411016466,512
12605,411048516,512
12606,411080549,512
12607,411115139,512
12608,411147447,512
12609,411179586,512
12610,411211752,512
12611,411243802,512
12612,411276235,512
12613,411308287,512
12614,411342974,512
12615,411375597,512
12616,411407657,512
12617,411439783,512
12618,411472765,512
12619,411506547,512
12620,411538818,512
12621,411570963,512
12622,411603144,512
12623,411635345,512
12624,411667495,512
12625,411699622,512
12626,411731799,512
12627,411763897,512
12628,411798599,512
12629,411831008,512
12630,411863372,512
12631,411895516,512
12632,411927656,512
12633,411962254,512
12634,411994506,512
12635,412026620,512
12636,412058647,512
12637,412091738,512
12638,412126161,512
12639,412158585,512
12640,412191318,512
12641,412223319,512
12642,412255372,512
12643,412291764,512
12644,412325653,512
12645,412357997,512
12646,412390041,512
12647,412422182,512
12648,412454627,512
12649,412486691,512
12650,412518814,512
12651,412550888,512
12652,412583070,512
12653,412617689,512
12654,412650015,512
12655,412682150,512
12656,412714213,512
12657,412746374,512
12658,412778487,512
12659,412810623,512
12660,412842806,512
12661,412877421,512
12662,412911035,512
12663,412945558,512
12664,412977879,512
12665,413010678,512
12666,413044826,512
12667,413077167,512
12668,413110304,512
12669,413142376,512
12670,413174483,512
12671,413209200,512
12672,413241336,512
12673,413273381,512
12674,413305476,512
12675,413337495,512
12676,413369660,512
12677,413401843,512
12678,413434029,512
12679,413466086,512
12680,413498153,512
12681,413532777,512
12682,413564816,512
12683,413597112,512
12684,413629148,512
12685,413661229,512
12686,413693240,512
12687,413727126,512
12688,413760071,512
12689,413792413,512
12690,413824672,512
12691,413856863,512
12692,413888932,512
12693,413920986,512
12694,413953088,512
12695,413985175,512
12696,414017212,512
12697,414049304,512
12698,414081348,512
12699,414113465,512
12700,414148066,512
12701,414180266,512
12702,414212586,512
12703,414244623,512
12704,414276804,512
12705,414308985,512
12706,414341946,512
12707,414375478,512
12708,414407919,512
12709,414439970,512
12710,414472288,512
12711,414504406,512
12712,414536553,512
12713,414568562,512
12714,414600614,512
12715,414632688,512
12716,414664745,512
12717,414696752,512
12718,414728922,512
12719,414763594,512
12720,414795730,512
12721,414828019,512
12722,414860378,512
12723,414892437,512
12724,414924460,512
12725,414956511,512
12726,414988549,512
12727,415023239,512
12728,415056811,512
12729,415090780,512
12730,415123080,512
12731,415155117,512
12732,415187238,512
12733,415219478,512
12734,415251640,512
12735,415283794,512
12736,415315873,512
12737,415348072,512
12738,415380168,512
12739,415412199,512
12740,415446418,512
12741,415478738,512
12742,415510969,512
12743,415543073,512
12744,415575388,512
12745,415607417,512
12746,415639553,512
12747,415672835,512
12748,415706602,512
12749,415738865,512
12750,415771199,512
12751,415803278,512
12752,415835413,512
12753,415867442,512
12754,415899550,512
12755,415931619,512
12756,415963714,512
12757,415998475,512
12758,416030644,512
12759,416062656,512
12760,416094848,512
12761,416126987,512
12762,416159075,512
12763,416191262,512
12764,416223324,512
12765,416255405,512
12766,416290916,512
12767,416323083,512
12768,416355217,512
12769,416391366,512
12770,416425509,512
12771,416457910,512
12772,416491727,512
12773,416525615,512
12774,416557951,512
12775,416590426,512
12776,416622523,512
12777,416654566,512
12778,416686675,512
12779,416718772,512
12780,416750843,512
12781,416782881,512
12782,416817413,512
12783,416849546,512
12784,416881733,512
12785,416913897,512
12786,416946044,512
12787,416978188,512
12788,417010271,512
12789,417042383,512
12790,417074491,512
12791,417106636,512
12792,417140809,512
12793,417173238,512
12794,417207231,512
12795,417241169,512
12796,417273477,512
12797,417305519,512
12798,417337536,512
12799,417369632,512
12800,417401681,512
12801,417433825,512
12802,417465935,512
12803,417498155,512
12804,417532815,512
12805,417565025,512
12806,417597393,512
12807,417629497,512
12808,417661689,512
12809,417693721,512
12810,417725842,512
12811,417757859,512
12812,417789897,512
12813,417823379,512
12814,417856583,512
12815,417888754,512
12816,417920863,512
12817,417952934,512
12818,417985037,512
12819,418017162,512
12820,418049263,512
12821,418081374,512
12822,418113524,512
12823,418148198,512
12824,418180219,512
12825,418212294,512
12826,418244557,512
12827,418276746,512
12828,418308801,512
12829,418340877,512
12830,418373075,512
12831,418405133,512
12832,418437813,512
12833,418471776,512
12834,418504102,512
12835,418537677,512
12836,418571376,512
12837,418603754,512
12838,418635876,512
12839,418667988,512
12840,418700090,512
12841,418732212,512
12842,418764269,512
12843,418796416,512
12844,418828426,512
12845,418860516,512
12846,418892658,512
12847,418924774,512
12848,418958921,512
12849,418991079,512
12850,419023322,512
12851,419055412,512
12852,419087669,512
12853,419119818,512
12854,419153613,512
12855,419187434,512
12856,419219541,512
12857,419251741,512
12858,419283786,512
12859,419315803,512
12860,419347848,512
12861,419379856,512
12862,419411859,512
12863,419443887,512
12864,419475899,512
12865,419508044,512
12866,419542701,512
12867,419574743,512
12868,419606911,512
12869,419639049,512
12870,419671410,512
12871,419703430,512
12872,419735518,512
12873,419769044,512
12874,419802441,512
12875,419834511,512
12876,419866668,512
12877,419898841,512
12878,419931032,512
12879,419963120,512
12880,419995260,512
12881,420027436,512
12882,420059486,512
12883,420091509,512
12884,420126132,512
12885,420158481,512
12886,420190799,512
12887,420222821,512
12888,420255009,512
12889,420287088,512
12890,420319158,512
12891,420351230,512
12892,420383382,512
12893,420418442,512
12894,420450606,512
12895,420483660,512
12896,420517353,512
12897,420549758,512
12898,420581927,512
12899,420614047,512
12900,420646236,512
12901,420678255,512
12902,420710260,512
12903,420742410,512
12904,420774477,512
12905,420806585,512
12906,420838770,512
12907,420870828,512
12908,420905405,512
12909,420937602,512
12910,420969847,512
12911,421002132,512
12912,421034323,512
12913,421066379,512
12914,421099600,512
12915,421132863,512
12916,421165127,512
12917,421197266,512
12918,421229571,512
12919,421261750,512
12920,421293750,512
12921,421325804,512
12922,421357838,512
12923,421389854,512
12924,421421895,512
12925,421453906,512
12926,421486031,512
12927,421518179,512
12928,421552559,512
12929,421584738,512
12930,421617066,512
12931,421649245,512
12932,421681292,512
12933,421714583,512
12934,421748257,512
12935,421780660,512
12936,421812920,512
12937,421844983,512
12938,421877113,512
12939,421909273,512
12940,421941332,512
12941,421973454,512
12942,422005589,512
12943,422037639,512
12944,422072730,512
12945,422104823,512
12946,422136934,512
12947,422169006,512
12948,422201149,512
12949,422233376,512
12950,422268193,512
12951,422300500,512
12952,422332698,512
12953,422364776,512
12954,422396788,512
12955,422429911,512
12956,422463688,512
12957,422495898,512
12958,422528045,512
12959,422560245,512
12960,422592308,512
12961,422624454,512
12962,422656582,512
12963,422688666,512
12964,422720858,512
12965,422752972,512
12966,422787502,512
12967,422819729,512
12968,422852009,512
12969,422884000,512
12970,422916113,512
12971,422948119,512
12972,422980152,512
12973,423012215,512
12974,423045753,512
12975,423079058,512
12976,423111210,512
12977,423143388,512
12978,423175417,512
12979,423207796,512
12980,423239917,512
12981,423272000,512
12982,423304054,512
12983,423336151,512
12984,423368170,512
12985,423400248,512
12986,423434782,512
12987,423466802,512
12988,423498935,512
12989,423531130,512
12990,423563314,512
12991,423595339,512
12992,423627351,512
12993,423659356,512
12994,423691367,512
12995,423723516,512
12996,423755560,512
12997,423787659,512
12998,423819689,512
12999,423851851,512
13000,423886558,512
13001,423918828,512
13002,423951013,512
13003,423983167,512
13004,424015300,512
13005,424047458,512
13006,424079460,512
13007,424111547,512
13008,424145945,512
13009,424178185,512
13010,424210482,512
13011,424242517,512
13012,424275917,512
13013,424310095,512
13014,424342274,512
13015,424376688,512
13016,424410095,512
13017,424442133,512
13018,424474503,512
13019,424506659,512
13020,424538766,512
13021,424570929,512
13022,424603102,512
13023,424637965,512
13024,424670110,512
13025,424702155,512
13026,424734279,512
13027,424766352,512
13028,424798404,512
13029,424830408,512
13030,424862475,512
13031,424894517,512
13032,424926562,512
13033,424958628,512
13034,424991491,512
13035,425024957,512
13036,425057257,512
13037,425091314,512
13038,425125185,512
13039,425157213,512
13040,425189401,512
13041,425221561,512
13042,425253725,512
13043,425285885,512
13044,425317936,512
13045,425350030,512
13046,425382230,512
13047,425414269,512
13048,425448967,512
13049,425481213,512
13050,425513329,512
13051,425545518,512
13052,425577540,512
13053,425609596,512
13054,425641750,512
13055,425673772,512
13056,425706250,512
13057,425740190,512
13058,425772517,512
13059,425804546,512
13060,425836730,512
13061,425868769,512
13062,425900799,512
13063,425932893,512
13064,425965026,512
13065,425997028,512
13066,426029233,512
13067,426061346,512
13068,426093349,512
13069,426125470,512
13070,426157583,512
13071,426192264,512
13072,426224560,512
13073,426256593,512
13074,426288696,512
13075,426322614,512
13076,426355973,512
13077,426387981,512
13078,426420192,512
13079,426452360,512
13080,426484388,512
13081,426516388,512
13082,426548482,512
13083,426580620,512
13084,426612745,512
13085,426644932,512
13086,426676987,512
13087,426709021,512
13088,426743640,512
13089,426775762,512
13090,426808073,512
13091,426840083,512
13092,426872252,512
13093,426904267,512
13094,426936905,512
13095,426971230,512
13096,427003312,512
13097,427035603,512
13098,427067723,512
13099,427099889,512
13100,427132070,512
13101,427164158,512
13102,427196250,512
13103,427228311,512
13104,427260477,512
13105,427295216,512
13106,427327490,512
13107,427359557,512
13108,427391748,512
13109,427423844,512
13110,427455935,512
13111,427488084,512
13112,427520092,512
13113,427552438,512
13114,427586911,512
13115,427619299,512
13116,427653313,512
13117,427686919,512
13118,427719102,512
13119,427751245,512
13120,427783338,512
13121,427815495,512
13122,427847659,512
13123,427879747,512
13124,427911747,512
13125,427943762,512
13126,427978439,512
13127,428010839,512
13128,428042848,512
13129,428074970,512
13130,428107141,512
13131,428139192,512
13132,428171249,512
13133,428203258,512
13134,428235260,512
13135,428267344,512
13136,428302039,512
13137,428334427,512
13138,428366440,512
13139,428398516,512
13140,428430611,512
13141,428462711,512
13142,428494805,512
13143,428526821,512
13144,428558845,512
13145,428591037,512
13146,428623074,512
13147,428657754,512
13148,428690142,512
13149,428722291,512
13150,428754430,512
13151,428786864,512
13152,428821326,512
13153,428853566,512
13154,428885596,512
13155,428917735,512
13156,428949933,512
13157,428983290,512
13158,429017136,512
13159,429049280,512
13160,429081448,512
13161,429113857,512
13162,429145972,512
13163,429178114,512
13164,429210255,512
13165,429242376,512
13166,429277100,512
13167,429309187,512
13168,429341507,512
13169,429373557,512
13170,429405608,512
13171,429437614,512
13172,429469658,512
13173,429501823,512
13174,429533969,512
13175,429565990,512
13176,429599060,512
13177,429632657,512
13178,429664821,512
13179,429696851,512
13180,429729082,512
13181,429761178,512
13182,429793360,512
13183,429825491,512
13184,429857682,512
13185,429889789,512
13186,429924547,512
13187,429956550,512
13188,429988869,512
13189,430020923,512
13190,430053134,512
13191,430085178,512
13192,430117558,512
13193,430152059,512
13194,430184263,512
13195,430217225,512
13196,430249264,512
13197,430281454,512
13198,430314117,512
13199,430348026,512
13200,430380383,512
13201,430412516,512
13202,430444602,512
13203,430476673,512
13204,430508790,512
13205,430540984,512
13206,430573124,512
13207,430607798,512
13208,430640240,512
13209,430672335,512
13210,430704455,512
13211,430736485,512
13212,430768498,512
13213,430800698,512
13214,430832801,512
13215,430864799,512
13216,430896859,512
13217,430930122,512
13218,430963153,512
13219,430995461,512
13220,431027647,512
13221,431059725,512
13222,431091763,512
13223,431123904,512
13224,431155926,512
13225,431188080,512
13226,431220110,512
13227,431252291,512
13228,431284419,512
13229,431316441,512
13230,431351172,512
13231,431383323,512
13232,431415407,512
13233,431447783,512
13234,431479807,512
13235,431511857,512
13236,431544979,512
13237,431578833,512
13238,431610877,512
13239,431644724,512
13240,431678574,512
13241,431710578,512
13242,431742926,512
13243,431774926,512
13244,431806975,512
13245,431839086,512
13246,431871254,512
13247,431903399,512
13248,431935460,512
13249,431967460,512
13250,431999576,512
13251,432031716,512
13252,432066815,512
13253,432098967,512
13254,432131061,512
13255,432163070,512
13256,432195153,512
13257,432227350,512
13258,432259797,512
13259,432294165,512
13260,432326542,512
13261,432358649,512
13262,432390806,512
13263,432422876,512
13264,432454922,512
13265,432487085,512
13266,432519114,512
13267,432551228,512
13268,432585899,512
13269,432617926,512
13270,432650221,512
13271,432682312,512
13272,432714363,512
13273,432746443,512
13274,432778616,512
13275,432810790,512
13276,432842952,512
13277,432876040,512
13278,432909578,512
13279,432941619,512
13280,432973895,512
13281,433005911,512
13282,433037984,512
13283,433069990,512
13284,433102147,512
13285,433134310,512
13286,433166378,512
13287,433198461,512
13288,433233091,512
13289,433265286,512
13290,433297480,512
13291,433329479,512
13292,433361664,512
13293,433393724,512
13294,433425876,512
13295,433458027,512
13296,433490674,512
13297,433524908,512
13298,433557221,512
13299,433589311,512
13300,433621318,512
13301,433653379,512
13302,433685463,512
13303,433717652,512
13304,433749794,512
13305,433781821,512
13306,433813886,512
13307,433848494,512
13308,433880693,512
13309,433913084,512
13310,433945092,512
13311,433977135,512
13312,434009225,512
13313,434041357,512
13314,434073532,512
13315,434106008,512
13316,434140218,512
13317,434172238,512
13318,434207253,512
13319,434240080,512
13320,434272575,512
13321,434304677,512
13322,434336871,512
13323,434368928,512
13324,434401012,512
13325,434433120,512
13326,434465173,512
13327,434499706,512
13328,434531952,512
13329,434563969,512
13330,434596330,512
13331,434628382,512
13332,434660572,512
13333,434692753,512
13334,434724815,512
13335,434756856,512
13336,434791366,512
13337,434824576,512
13338,434856751,512
13339,434891436,512
13340,434924442,512
13341,434956507,512
13342,434988539,512
13343,435020622,512
13344,435052660,512
13345,435087331,512
13346,435120050,512
13347,435152068,512
13348,435184109,512
13349,435216215,512
13350,435248229,512
13351,435280355,512
13352,435312473,512
13353,435347120,512
13354,435379237,512
13355,435411575,512
13356,435443690,512
13357,435475708,512
13358,435507789,512
13359,435540308,512
13360,435574964,512
13361,435607313,512
13362,435640942,512
13363,435674710,512
13364,435706722,512
13365,435738772,512
13366,435771040,512
13367,435803113,512
13368,435835126,512
13369,435867137,512
13370,435899152,512
13371,435931330,512
13372,435963520,512
13373,435995632,512
13374,436030317,512
13375,436062321,512
13376,436094368,512
13377,436126698,512
13378,436158899,512
13379,436191069,512
13380,436223175,512
13381,436255595,512
13382,436290234,512
13383,436322623,512
13384,436356143,512
13385,436390078,512
13386,436422534,512
13387,436454632,512
13388,436486775,512
13389,436518925,512
13390,436551031,512
13391,436583191,512
13392,436617819,512
13393,436649967,512
13394,436681968,512
13395,436714070,512
13396,436746302,512
13397,436778351,512
13398,436810463,512
13399,436842562,512
13400,436874620,512
13401,436906800,512
13402,436941482,512
13403,436975061,512
13404,437009366,512
13405,437041676,512
13406,437074013,512
13407,437106060,512
13408,437138235,512
13409,437170347,512
13410,437202390,512
13411,437234475,512
13412,437266521,512
13413,437301026,512
13414,437333109,512
13415,437365316,512
13416,437397333,512
13417,437429352,512
13418,437461401,512
13419,437493576,512
13420,437525573,512
13421,437557596,512
13422,437589811,512
13423,437621954,512
13424,437654020,512
13425,437686850,512
13426,437720535,512
13427,437752775,512
13428,437784827,512
13429,437817167,512
13430,437849269,512
13431,437881457,512
13432,437913496,512
13433,437945599,512
13434,437977633,512
13435,438012354,512
13436,438044417,512
13437,438076438,512
13438,438108889,512
13439,438141027,512
13440,438173087,512
13441,438205101,512
13442,438237281,512
13443,438269282,512
13444,438302195,512
13445,438336263,512
13446,438368629,512
13447,438400779,512
13448,438432828,512
13449,438464906,512
13450,438496942,512
13451,438529100,512
13452,438561268,512
13453,438595885,512
13454,438627889,512
13455,438659931,512
13456,438692136,512
13457,438724356,512
13458,438756373,512
13459,438788677,512
13460,438820876,512
13461,438852914,512
13462,438887627,512
13463,438920096,512
13464,438952289,512
13465,438984438,512
13466,439016612,512
13467,439048707,512
13468,439083273,512
13469,439115488,512
13470,439147773,512
13471,439179853,512
13472,439211949,512
13473,439244053,512
13474,439276122,512
13475,439308260,512
13476,439340314,512
13477,439372460,512
13478,439407057,512
13479,439439241,512
13480,439471348,512
13481,439503838,512
13482,439536031,512
13483,439568133,512
13484,439600187,512
13485,439632812,512
13486,439666873,512
13487,439699354,512
13488,439731399,512
13489,439763486,512
13490,439795623,512
13491,439827700,512
13492,439859714,512
13493,439891786,512
13494,439926482,512
13495,439958835,512
13496,439990945,512
13497,440023116,512
13498,440055196,512
13499,440087285,512
13500,440119328,512
13501,440151595,512
13502,440186213,512
13503,440218523,512
13504,440251046,512
13505,440283217,512
13506,440315279,512
13507,440347329,512
13508,440379327,512
13509,440411330,512
13510,440446365,512
13511,440478431,512
13512,440510537,512
13513,440542615,512
13514,440574802,512
13515,440606902,512
13516,440639026,512
13517,440671106,512
13518,440705726,512
13519,440737756,512
13520,440769870,512
13521,440802084,512
13522,440834162,512
13523,440866539,512
13524,440898606,512
13525,440930746,512
13526,440963035,512
13527,440997770,512
13528,441029934,512
13529,441061998,512
13530,441093998,512
13531,441126167,512
13532,441158285,512
13533,441190434,512
13534,441222517,512
13535,441257037,512
13536,441289271,512
13537,441321565,512
13538,441353766,512
13539,441385872,512
13540,441417961,512
13541,441450024,512
13542,441482670,512
13543,441517119,512
13544,441549372,512
13545,441583144,512
13546,441616791,512
13547,441648815,512
13548,441682415,512
13549,441716977,512
13550,441749322,512
13551,441782302,512
13552,441816261,512
13553,441848663,512
13554,441880881,512
13555,441913015,512
13556,441945225,512
13557,441977371,512
13558,442009422,512
13559,442041516,512
13560,442073524,512
13561,442105563,512
13562,442140398,512
13563,442172839,512
13564,442205033,512
13565,442237139,512
13566,442269234,512
13567,442301349,512
13568,442335999,512
13569,442368149,512
13570,442401307,512
13571,442433429,512
13572,442468176,512
13573,442501757,512
13574,442536107,512
13575,442568581,512
13576,442600752,512
13577,442632884,512
13578,442664967,512
13579,442697079,512
13580,442731965,512
13581,442764075,512
13582,442796217,512
13583,442828381,512
13584,442860564,512
13585,442892659,512
13586,442924762,512
13587,442956897,512
13588,442991366,512
13589,443023562,512
13590,443055667,512
13591,443087981,512
13592,443120097,512
13593,443152085,512
13594,443184262,512
13595,443217595,512
13596,443251414,512
13597,443283471,512
13598,443315829,512
13599,443347863,512
13600,443380083,512
13601,443412150,512
13602,443444250,512
13603,443476364,512
13604,443510902,512
13605,443542977,512
13606,443575283,512
13607,443607384,512
13608,443639469,512
13609,443671508,512
13610,443703633,512
13611,443736011,512
13612,443768041,512
13613,443802562,512
13614,443835885,512
13615,443870677,512
13616,443902990,512
13617,443936317,512
13618,443971022,512
13619,444003060,512
13620,444037007,512
13621,444070023,512
13622,444102472,512
13623,444134839,512
13624,444167028,512
13625,444199181,512
13626,444231260,512
13627,444263353,512
13628,444295487,512
13629,444330190,512
13630,444362215,512
13631,444394270,512
13632,444426443,512
13633,444458532,512
13634,444490611,512
13635,444522754,512
13636,444554961,512
13637,444587097,512
13638,444619240,512
13639,444652296,512
13640,444685663,512
13641,444717854,512
13642,444750183,512
13643,444782276,512
13644,444814371,512
13645,444846557,512
13646,444878620,512
13647,444910670,512
13648,444942700,512
13649,444974883,512
13650,445009597,512
13651,445041856,512
13652,445073983,512
13653,445106024,512
13654,445138131,512
13655,445170317,512
13656,445202465,512
13657,445234621,512
13658,445266745,512
13659,445301054,512
13660,445333218,512
13661,445366625,512
13662,445401079,512
13663,445433218,512
13664,445465387,512
13665,445497410,512
13666,445529485,512
13667,445561605,512
13668,445593771,512
13669,445625881,512
13670,445657902,512
13671,445689926,512
13672,445721994,512
13673,445753998,512
13674,445786085,512
13675,445820257,512
13676,445852519,512
13677,445884815,512
13678,445916888,512
13679,445949062,512
13680,445983077,512
13681,446016198,512
13682,446048414,512
13683,446080471,512
13684,446112708,512
13685,446144764,512
13686,446176854,512
13687,446208922,512
13688,446240998,512
13689,446273109,512
13690,446305312,512
13691,446337348,512
13692,446369386,512
13693,446401468,512
13694,446436242,512
13695,446468537,512
13696,446500582,512
13697,446532620,512
13698,446564805,512
13699,446597664,512
13700,446631463,512
13701,446664129,512
13702,446697945,512
13703,446731395,512
13704,446763594,512
13705,446796111,512
13706,446828236,512
13707,446860318,512
13708,446892477,512
13709,446924640,512
13710,446956683,512
13711,446988850,512
13712,447023437,512
13713,447055750,512
13714,447087814,512
13715,447119989,512
13716,447152106,512
13717,447184192,512
13718,447216196,512
13719,447248359,512
13720,447280535,512
13721,447313276,512
13722,447346858,512
13723,447379415,512
13724,447411517,512
13725,447443846,512
13726,447476025,512
13727,447508057,512
13728,447540168,512
13729,447572336,512
13730,447606825,512
13731,447639018,512
13732,447671156,512
13733,447703217,512
13734,447735413,512
13735,447767487,512
13736,447799672,512
13737,447831721,512
13738,447863841,512
13739,447895884,512
13740,447928797,512
13741,447962664,512
13742,447994762,512
13743,448027005,512
13744,448059060,512
13745,448091167,512
13746,448123343,512
13747,448155380,512
13748,448187447,512
13749,448219459,512
13750,448251532,512
13751,448283550,512
13752,448318120,512
13753,448350149,512
13754,448382486,512
13755,448414516,512
13756,448446665,512
13757,448479027,512
13758,448511083,512
13759,448543256,512
13760,448577944,512
13761,448610038,512
13762,448643847,512
13763,448677984,512
13764,448710322,512
13765,448742466,512
13766,448774636,512
13767,448806795,512
13768,448838876,512
13769,448870988,512
13770,448905726,512
13771,448937762,512
13772,448970142,512
13773,449002347,512
13774,449034386,512
13775,449066477,512
13776,449098624,512
13777,449130641,512
13778,449165338,512
13779,449197444,512
13780,449229824,512
13781,449262940,512
13782,449297265,512
13783,449329304,512
13784,449362425,512
13785,449394433,512
13786,449429418,512
13787,449463271,512
13788,449497165,512
13789,449529599,512
13790,449561651,512
13791,449593737,512
13792,449625841,512
13793,449657900,512
13794,449690044,512
13795,449722072,512
13796,449756428,512
13797,449788674,512
13798,449821090,512
13799,449853122,512
13800,449885283,512
13801,449917796,512
13802,449949799,512
13803,449981846,512
13804,450016540,512
13805,450048812,512
13806,450082020,512
13807,450116246,512
13808,450148502,512
13809,450180819,512
13810,450213015,512
13811,450245045,512
13812,450277218,512
13813,450309364,512
13814,450341524,512
13815,450376172,512
13816,450408555,512
13817,450440639,512
13818,450472682,512
13819,450504764,512
13820,450536922,512
13821,450569098,512
13822,450601128,512
13823,450633295,512
13824,450667971,512
13825,450700256,512
13826,450732352,512
13827,450764401,512
13828,450797350,512
13829,450831752,512
13830,450863822,512
13831,450898326,512
13832,450931722,512
13833,450963859,512
13834,450996138,512
13835,451028247,512
13836,451060430,512
13837,451092606,512
13838,451124767,512
13839,451159397,512
13840,451191469,512
13841,451223943,512
13842,451256105,512
13843,451288260,512
13844,451320419,512
13845,451352534,512
13846,451387221,512
13847,451419597,512
13848,451451681,512
13849,451483694,512
13850,451515812,512
13851,451547931,512
13852,451580106,512
13853,451612840,512
13854,451647244,512
13855,451679353,512
13856,451711539,512
13857,451743662,512
13858,451775690,512
13859,451807742,512
13860,451839884,512
13861,451871913,512
13862,451906602,512
13863,451938749,512
13864,451971152,512
13865,452003175,512
13866,452035274,512
13867,452067324,512
13868,452099480,512
13869,452131673,512
13870,452163686,512
13871,452195697,512
13872,452228516,512
13873,452262261,512
13874,452294406,512
13875,452326462,512
13876,452358679,512
13877,452390744,512
13878,452422904,512
13879,452455063,512
13880,452487109,512
13881,452519245,512
13882,452551375,512
13883,452586103,512
13884,452618361,512
13885,452650366,512
13886,452682499,512
13887,452715017,512
13888,452747139,512
13889,452781864,512
13890,452814048,512
13891,452846974,512
13892,452879042,512
13893,452913627,512
13894,452947627,512
13895,452981895,512
13896,453014063,512
13897,453046803,512
13898,453078864,512
13899,453113521,512
13900,453145582,512
13901,453177883,512
13902,453209930,512
13903,453242126,512
13904,453274157,512
13905,453306179,512
13906,453338229,512
13907,453370236,512
13908,453402264,512
13909,453434379,512
13910,453466392,512
13911,453498417,512
13912,453532697,512
13913,453565566,512
13914,453597807,512
13915,453629981,512
13916,453663255,512
13917,453697013,512
13918,453729308,512
13919,453761336,512
13920,453793516,512
13921,453825705,512
13922,453857876,512
13923,453889958,512
13924,453922027,512
13925,453956658,512
13926,453989074,512
13927,454021110,512
13928,454053217,512
13929,454085221,512
13930,454117297,512
13931,454149470,512
13932,454181725,512
13933,454216445,512
13934,454248804,512
13935,454280948,512
13936,454313072,512
13937,454345077,512
13938,454378279,512
13939,454412214,512
13940,454444577,512
13941,454476634,512
13942,454508702,512
13943,454540815,512
13944,454572935,512
13945,454605007,512
13946,454637048,512
13947,454669254,512
13948,454701302,512
13949,454735974,512
13950,454768287,512
13951,454800447,512
13952,454832459,512
13953,454864457,512
13954,454896666,512
13955,454928683,512
13956,454960859,512
13957,454994130,512
13958,455027668,512
13959,455060005,512
13960,455092073,512
13961,455124196,512
13962,455156258,512
13963,455188397,512
13964,455220563,512
13965,455252628,512
13966,455287388,512
13967,455319803,512
13968,455351957,512
13969,455384151,512
13970,455416185,512
13971,455448217,512
13972,455480267,512
13973,455512271,512
13974,455544347,512
13975,455576385,512
13976,455609075,512
13977,455643091,512
13978,455675103,512
13979,455707218,512
13980,455739256,512
13981,455771278,512
13982,455803300,512
13983,455835439,512
13984,455867451,512
13985,455899605,512
13986,455931666,512
13987,455963773,512
13988,455995796,512
13989,456027934,512
13990,456062493,512
13991,456094774,512
13992,456127130,512
13993,456159279,512
13994,456191450,512
13995,456223670,512
13996,456258152,512
13997,456290355,512
13998,456324160,512
13999,456358019,512
14000,456390273,512
14001,456422293,512
14002,456454346,512
14003,456486593,512
14004,456518783,512
14005,456550883,512
14006,456582891,512
14007,456614966,512
14008,456647102,512
14009,456679273,512
14010,456713850,512
14011,456746025,512
14012,456778213,512
14013,456810421,512
14014,456842435,512
14015,456874592,512
14016,456906633,512
14017,456939737,512
14018,456973730,512
14019,457006112,512
14020,457038165,512
14021,457070336,512
14022,457102399,512
14023,457134407,512
14024,457166468,512
14025,457198551,512
14026,457230644,512
14027,457265304,512
14028,457297750,512
14029,457329818,512
14030,457361814,512
14031,457393844,512
14032,457425894,512
14033,457458351,512
14034,457490520,512
14035,457525627,512
14036,457557638,512
14037,457589713,512
14038,457621735,512
14039,457655027,512
14040,457689043,512
14041,457721274,512
14042,457753349,512
14043,457785461,512
14044,457817595,512
14045,457849698,512
14046,457881775,512
14047,457913958,512
14048,457948664,512
14049,457980991,512
14050,458013045,512
14051,458045313,512
14052,458077491,512
14053,458109682,512
14054,458141735,512
14055,458176386,512
14056,458208415,512
14057,458240813,512
14058,458274047,512
14059,458308440,512
14060,458340904,512
14061,458373447,512
14062,458405460,512
14063,458440122,512
14064,458474184,512
14065,458508214,512
14066,458540616,512
14067,458572659,512
14068,458604712,512
14069,458636815,512
14070,458668968,512
14071,458701019,512
14072,458733170,512
14073,458765242,512
14074,458799965,512
14075,458832244,512
14076,458864246,512
14077,458896297,512
14078,458928362,512
14079,458960374,512
14080,458992683,512
14081,459024751,512
14082,459056922,512
14083,459089934,512
14084,459123988,512
14085,459156125,512
14086,459188130,512
14087,459220155,512
14088,459252232,512
14089,459284364,512
14090,459316469,512
14091,459348637,512
14092,459383304,512
14093,459415792,512
14094,459447883,512
14095,459480008,512
14096,459512185,512
14097,459544227,512
14098,459576262,512
14099,459608362,512
14100,459640372,512
14101,459675013,512
14102,459708198,512
14103,459742849,512
14104,459775284,512
14105,459808543,512
14106,459842915,512
14107,459875360,512
14108,459909325,512
14109,459942758,512
14110,459975258,512
14111,460007249,512
14112,460039325,512
14113,460071437,512
14114,460103594,512
14115,460135763,512
14116,460167871,512
14117,460202368,512
14118,460234837,512
14119,460266867,512
14120,460298986,512
14121,460331114,512
14122,460363297,512
14123,460395328,512
14124,460427422,512
14125,460461934,512
14126,460494197,512
14127,460526840,512
14128,460558963,512
14129,460591121,512
14130,460624120,512
14131,460657939,512
14132,460690062,512
14133,460722459,512
14134,460754516,512
14135,460786698,512
14136,460818794,512
14137,460850828,512
14138,460882953,512
14139,460915050,512
14140,460947082,512
14141,460979083,512
14142,461013919,512
14143,461046118,512
14144,461078260,512
14145,461110446,512
14146,461142448,512
14147,461174476,512
14148,461206621,512
14149,461239496,512
14150,461273433,512
14151,461305761,512
14152,461337854,512
14153,461369987,512
14154,461402061,512
14155,461434131,512
14156,461466188,512
14157,461498329,512
14158,461530400,512
14159,461562412,512
14160,461597087,512
14161,461629436,512
14162,461661588,512
14163,461693741,512
14164,461725893,512
14165,461758043,512
14166,461790246,512
14167,461825103,512
14168,461858172,512
14169,461892736,512
14170,461924915,512
14171,461957774,512
14172,461989925,512
14173,462022058,512
14174,462058737,512
14175,462092533,512
14176,462124619,512
14177,462156718,512
14178,462188955,512
14179,462220989,512
14180,462253129,512
14181,462285277,512
14182,462317424,512
14183,462349458,512
14184,462381571,512
14185,462416325,512
14186,462448595,512
14187,462480735,512
14188,462512779,512
14189,462544898,512
14190,462577252,512
14191,462609248,512
14192,462641283,512
14193,462674375,512
14194,462707969,512
14195,462739973,512
14196,462772314,512
14197,462804384,512
14198,462836420,512
14199,462868525,512
14200,462900620,512
14201,462932767,512
14202,462964917,512
14203,462997044,512
14204,463029057,512
14205,463063672,512
14206,463095956,512
14207,463128162,512
14208,463160260,512
14209,463192322,512
14210,463224352,512
14211,463256430,512
14212,463288948,512
14213,463323064,512
14214,463355525,512
14215,463389444,512
14216,463423309,512
14217,463455371,512
14218,463487396,512
14219,463519516,512
14220,463551718,512
14221,463583781,512
14222,463615855,512
14223,463648016,512
14224,463680156,512
14225,463712314,512
14226,463747186,512
14227,463779450,512
14228,463811490,512
14229,463843553,512
14230,463875682,512
14231,463907708,512
14232,463939792,512
14233,463971889,512
14234,464005388,512
14235,464038665,512
14236,464070833,512
14237,464103065,512
14238,464135141,512
14239,464167168,512
14240,464199266,512
14241,464231325,512
14242,464263523,512
14243,464295620,512
14244,464327659,512
14245,464362341,512
14246,464394733,512
14247,464426910,512
14248,464459002,512
14249,464491040,512
14250,464523237,512
14251,464555284,512
14252,464587291,512
14253,464619917,512
14254,464653898,512
14255,464686088,512
14256,464720092,512
14257,464753653,512
14258,464786371,512
14259,464818387,512
14260,464850571,512
14261,464882730,512
14262,464914751,512
14263,464946873,512
14264,464978942,512
14265,465013689,512
14266,465045747,512
14267,465078287,512
14268,465110455,512
14269,465142525,512
14270,465174525,512
14271,465206658,512
14272,465238659,512
14273,465270750,512
14274,465305447,512
14275,465339426,512
14276,465373444,512
14277,465405768,512
14278,465439166,512
14279,465473373,512
14280,465505668,512
14281,465537732,512
14282,465569880,512
14283,465602006,512
14284,465634184,512
14285,465666352,512
14286,465701016,512
14287,465733046,512
14288,465765107,512
14289,465797431,512
14290,465829495,512
14291,465861622,512
14292,465893744,512
14293,465925788,512
14294,465957962,512
14295,465990012,512
14296,466022106,512
14297,466054218,512
14298,466088610,512
14299,466120673,512
14300,466154662,512
14301,466188598,512
14302,466220786,512
14303,466253118,512
14304,466285272,512
14305,466317358,512
14306,466349399,512
14307,466381580,512
14308,466413599,512
14309,466448273,512
14310,466480520,512
14311,466512666,512
14312,466544847,512
14313,466576957,512
14314,466608992,512
14315,466641171,512
14316,466673225,512
14317,466705417,512
14318,466740070,512
14319,466772829,512
14320,466804973,512
14321,466837020,512
14322,466869047,512
14323,466901176,512
14324,466935819,512
14325,466967983,512
14326,467000020,512
14327,467032270,512
14328,467064331,512
14329,467096395,512
14330,467128462,512
14331,467160657,512
14332,467192677,512
14333,467224753,512
14334,467256762,512
14335,467288854,512
14336,467323408,512
14337,467355471,512
14338,467387619,512
14339,467419733,512
14340,467451771,512
14341,467485371,512
14342,467519186,512
14343,467551194,512
14344,467583354,512
14345,467615451,512
14346,467647691,512
14347,467679706,512
14348,467711890,512
14349,467743943,512
14350,467776007,512
14351,467808112,512
14352,467840311,512
14353,467874878,512
14354,467906923,512
14355,467939018,512
14356,467971188,512
14357,468003363,512
14358,468035405,512
14359,468067547,512
14360,468100099,512
14361,468134746,512
14362,468166982,512
14363,468199156,512
14364,468231240,512
14365,468263289,512
14366,468295361,512
14367,468327499,512
14368,468359532,512
14369,468391672,512
14370,468423751,512
14371,468458267,512
14372,468490268,512
14373,468522656,512
14374,468554808,512
14375,468586827,512
14376,468618926,512
14377,468650973,512
14378,468683037,512
14379,468715878,512
14380,468749698,512
14381,468782091,512
14382,468815896,512
14383,468850030,512
14384,468882353,512
14385,468914558,512
14386,468946641,512
14387,468978804,512
14388,469010832,512
14389,469042921,512
14390,469075050,512
14391,469109782,512
14392,469142172,512
14393,469174167,512
14394,469206223,512
14395,469238338,512
14396,469270447,512
14397,469302445,512
14398,469334466,512
14399,469366627,512
14400,469401332,512
14401,469435021,512
14402,469469217,512
14403,469501326,512
14404,469535261,512
14405,469569170,512
14406,469601233,512
14407,469635169,512
14408,469668789,512
14409,469701198,512
14410,469733569,512
14411,469765637,512
14412,469797810,512
14413,469829928,512
14414,469861929,512
14415,469894081,512
14416,469926090,512
14417,469958216,512
14418,469992968,512
14419,470025064,512
14420,470057393,512
14421,470089532,512
14422,470121697,512
14423,470153721,512
14424,470185838,512
14425,470217892,512
14426,470251828,512
14427,470284563,512
14428,470316885,512
14429,470349016,512
14430,470381041,512
14431,470413107,512
14432,470445108,512
14433,470477275,512
14434,470509283,512
14435,470541362,512
14436,470573376,512
14437,470605488,512
14438,470640113,512
14439,470672184,512
14440,470704261,512
14441,470736674,512
14442,470768734,512
14443,470800915,512
14444,470832928,512
14445,470866349,512
14446,470899623,512
14447,470931828,512
14448,470963968,512
14449,470996301,512
14450,471028483,512
14451,471060504,512
14452,471092661,512
14453,471124774,512
14454,471156873,512
14455,471188950,512
14456,471220964,512
14457,471255579,512
14458,471287624,512
14459,471320021,512
14460,471352101,512
14461,471384544,512
14462,471416707,512
14463,471451392,512
14464,471484058,512
14465,471516149,512
14466,471548277,512
14467,471581174,512
14468,471615299,512
14469,471647640,512
14470,471679666,512
14471,471711707,512
14472,471743823,512
14473,471775995,512
14474,471808184,512
14475,471840283,512
14476,471872337,512
14477,471907034,512
14478,471939229,512
14479,471971284,512
14480,472003345,512
14481,472035469,512
14482,472067659,512
14483,472099706,512
14484,472131787,512
14485,472163932,512
14486,472197006,512
14487,472230594,512
14488,472262971,512
14489,472295154,512
14490,472327322,512
14491,472359392,512
14492,472391534,512
14493,472423642,512
14494,472455765,512
14495,472490401,512
14496,472522463,512
14497,472554756,512
14498,472586785,512
14499,472618861,512
14500,472650995,512
14501,472683121,512
14502,472715261,512
14503,472747447,512
14504,472779459,512
14505,472811855,512
14506,472845963,512
14507,472878296,512
14508,472911961,512
14509,472946117,512
14510,472978457,512
14511,473010546,512
14512,473042623,512
14513,473074813,512
14514,473106883,512
14515,473138987,512
14516,473173681,512
14517,473205973,512
14518,473238009,512
14519,473270069,512
14520,473302213,512
14521,473334290,512
14522,473366387,512
14523,473398471,512
14524,473430534,512
14525,473462665,512
14526,473497407,512
14527,473530757,512
14528,473565406,512
14529,473597410,512
14530,473631032,512
14531,473665282,512
14532,473697691,512
14533,473731022,512
14534,473764902,512
14535,473797139,512
14536,473829185,512
14537,473861471,512
14538,473893499,512
14539,473925705,512
14540,473957724,512
14541,473989827,512
14542,474021897,512
14543,474054063,512
14544,474086091,512
14545,474120702,512
14546,474152778,512
14547,474185011,512
14548,474217074,512
14549,474249136,512
14550,474281176,512
14551,474313370,512
14552,474347117,512
14553,474380081,512
14554,474412543,512
14555,474444915,512
14556,474476931,512
14557,474509080,512
14558,474541149,512
14559,474573243,512
14560,474605350,512
14561,474637518,512
14562,474672342,512
14563,474704522,512
14564,474736665,512
14565,474768822,512
14566,474800834,512
14567,474832861,512
14568,474864958,512
14569,474897087,512
14570,474929191,512
14571,474962320,512
14572,474996169,512
14573,475028316,512
14574,475060396,512
14575,475092500,512
14576,475124663,512
14577,475156859,512
14578,475189042,512
14579,475223698,512
14580,475256021,512
14581,475288061,512
14582,475320090,512
14583,475352105,512
14584,475384178,512
14585,475416364,512
14586,475448443,512
14587,475480463,512
14588,475512596,512
14589,475547317,512
14590,475580177,512
14591,475612372,512
14592,475644542,512
14593,475677250,512
14594,475711392,512
14595,475743628,512
14596,475775626,512
14597,475807807,512
14598,475839838,512
14599,475871932,512
14600,475903954,512
14601,475936128,512
14602,475970873,512
14603,476003221,512
14604,476035403,512
14605,476067590,512
14606,476099674,512
14607,476131853,512
14608,476163926,512
14609,476195951,512
14610,476227965,512
14611,476262681,512
14612,476296385,512
14613,476330696,512
14614,476362860,512
14615,476395830,512
14616,476430511,512
14617,476462759,512
14618,476496037,512
14619,476529952,512
14620,476562431,512
14621,476594436,512
14622,476626732,512
14623,476658757,512
14624,476690873,512
14625,476723016,512
14626,476755213,512
14627,476787379,512
14628,476819452,512
14629,476854162,512
14630,476886603,512
14631,476918770,512
14632,476950792,512
14633,476982966,512
14634,477015123,512
14635,477047183,512
14636,477079191,512
14637,477112659,512
14638,477145750,512
14639,477177815,512
14640,477209861,512
14641,477242402,512
14642,477274551,512
14643,477306614,512
14644,477338725,512
14645,477370912,512
14646,477406000,512
14647,477438026,512
14648,477470085,512
14649,477502165,512
14650,477534277,512
14651,477566370,512
14652,477598396,512
14653,477630457,512
14654,477662533,512
14655,477697254,512
14656,477729968,512
14657,477762027,512
14658,477794027,512
14659,477827109,512
14660,477861156,512
14661,477893517,512
14662,477925654,512
14663,477957696,512
14664,477989869,512
14665,478022050,512
14666,478054213,512
14667,478088766,512
14668,478120901,512
14669,478153377,512
14670,478185419,512
14671,478217534,512
14672,478249554,512
14673,478281662,512
14674,478313819,512
14675,478345895,512
14676,478381063,512
14677,478413123,512
14678,478445866,512
14679,478480502,512
14680,478512510,512
14681,478545852,512
14682,478580399,512
14683,478612684,512
14684,478646432,512
14685,478679973,512
14686,478712185,512
14687,478744402,512
14688,478776597,512
14689,478808776,512
14690,478840926,512
14691,478872986,512
14692,478905113,512
14693,478937179,512
14694,478969214,512
14695,479004395,512
14696,479036553,512
14697,479068622,512
14698,479100766,512
14699,479132933,512
14700,479165057,512
14701,479197125,512
14702,479231748,512
14703,479265481,512
14704,479299969,512
14705,479332187,512
14706,479364945,512
14707,479399502,512
14708,479431519,512
14709,479465781,512
14710,479499273,512
14711,479531514,512
14712,479563545,512
14713,479595887,512
14714,479628305,512
14715,479660320,512
14716,479692374,512
14717,479724518,512
14718,479759266,512
14719,479791727,512
14720,479823812,512
14721,479855862,512
14722,479888001,512
14723,479920058,512
14724,479952112,512
14725,479984280,512
14726,480018654,512
14727,480050911,512
14728,480084398,512
14729,480118882,512
14730,480150931,512
14731,480184471,512
14732,480218891,512
14733,480250911,512
14734,480284587,512
14735,480318190,512
14736,480350553,512
14737,480382872,512
14738,480415057,512
14739,480447195,512
14740,480479271,512
14741,480511283,512
14742,480543476,512
14743,480575501,512
14744,480607700,512
14745,480642801,512
14746,480674986,512
14747,480707171,512
14748,480739201,512
14749,480771213,512
14750,480803237,512
14751,480835377,512
14752,480867430,512
14753,480900176,512
14754,480934252,512
14755,480966631,512
14756,480998761,512
14757,481030762,512
14758,481062795,512
14759,481094965,512
14760,481127159,512
14761,481161854,512
14762,481193947,512
14763,481226198,512
14764,481258218,512
14765,481290290,512
14766,481322476,512
14767,481354499,512
14768,481386519,512
14769,481418746,512
14770,481450876,512
14771,481485574,512
14772,481518893,512
14773,481553230,512
14774,481585469,512
14775,481618745,512
14776,481653472,512
14777,481685697,512
14778,481719307,512
14779,481753254,512
14780,481785262,512
14781,481817440,512
14782,481849631,512
14783,481881804,512
14784,481913891,512
14785,481946023,512
14786,481978176,512
14787,482010194,512
14788,482044911,512
14789,482076915,512
14790,482109269,512
14791,482141441,512
14792,482173582,512
14793,482205721,512
14794,482237781,512
14795,482269889,512
14796,482302060,512
14797,482335018,512
14798,482368463,512
14799,482400630,512
14800,482432993,512
14801,482465103,512
14802,482497421,512
14803,482529441,512
14804,482561522,512
14805,482593606,512
14806,482625771,512
14807,482660382,512
14808,482692687,512
14809,482724735,512
14810,482756821,512
14811,482788855,512
14812,482820893,512
14813,482852959,512
14814,482885057,512
14815,482917122,512
14816,482949500,512
14817,482983573,512
14818,483016091,512
14819,483049473,512
14820,483083554,512
14821,483115830,512
14822,483147967,512
14823,483180198,512
14824,483212383,512
14825,483244562,512
14826,483276724,512
14827,483308840,512
14828,483340947,512
14829,483375601,512
14830,483408104,512
14831,483440160,512
14832,483472331,512
14833,483504380,512
14834,483536572,512
14835,483568676,512
14836,483600785,512
14837,483635366,512
14838,483668954,512
14839,483703355,512
14840,483735359,512
14841,483769065,512
14842,483802935,512
14843,483835277,512
14844,483869176,512
14845,483902735,512
14846,483935152,512
14847,483967256,512
14848,483999462,512
14849,484031581,512
14850,484063771,512
14851,484095871,512
14852,484127962,512
14853,484160083,512
14854,484192094,512
14855,484224123,512
14856,484258844,512
14857,484291265,512
14858,484323329,512
14859,484355414,512
14860,484387778,512
14861,484419902,512
14862,484451932,512
14863,484485313,512
14864,484518478,512
14865,484550502,512
14866,484582879,512
14867,484614970,512
14868,484647016,512
14869,484679126,512
14870,484711226,512
14871,484743360,512
14872,484775480,512
14873,484810166,512
14874,484842346,512
14875,484874779,512
14876,484906819,512
14877,484938835,512
14878,484970838,512
14879,485002843,512
14880,485034882,512
14881,485066922,512
14882,485099925,512
14883,485133447,512
14884,485166264,512
14885,485199653,512
14886,485234307,512
14887,485266395,512
14888,485298456,512
14889,485330488,512
14890,485362683,512
14891,485394839,512
14892,485427022,512
14893,485462000,512
14894,485494046,512
14895,485526215,512
14896,485558325,512
14897,485590371,512
14898,485622388,512
14899,485654524,512
14900,485686659,512
14901,485721539,512
14902,485753807,512
14903,485785997,512
14904,485818437,512
14905,485850562,512
14906,485885156,512
14907,485919022,512
14908,485952693,512
14909,485985321,512
14910,486019076,512
14911,486052847,512
14912,486085062,512
14913,486117245,512
14914,486149437,512
14915,486181504,512
14916,486213696,512
14917,486245884,512
14918,486278037,512
14919,486310113,512
14920,486342127,512
14921,486376778,512
14922,486409108,512
14923,486441294,512
14924,486473384,512
14925,486505444,512
14926,486537572,512
14927,486569684,512
14928,486601732,512
14929,486634453,512
14930,486668493,512
14931,486700840,512
14932,486732869,512
14933,486765041,512
14934,486797233,512
14935,486829351,512
14936,486861361,512
14937,486893508,512
14938,486928168,512
14939,486960444,512
14940,486992458,512
14941,487024635,512
14942,487056728,512
14943,487088907,512
14944,487120928,512
14945,487153004,512
14946,487185064,512
14947,487217213,512
14948,487250098,512
14949,487283937,512
14950,487316086,512
14951,487348398,512
14952,487380421,512
14953,487412522,512
14954,487445156,512
14955,487479177,512
14956,487512038,512
14957,487544260,512
14958,487576434,512
14959,487608562,512
14960,487640657,512
14961,487672689,512
14962,487704689,512
14963,487736731,512
14964,487771391,512
14965,487803464,512
14966,487835846,512
14967,487869025,512
14968,487902873,512
14969,487935249,512
14970,487968838,512
14971,488003266,512
14972,488035762,512
14973,488069249,512
14974,488102731,512
14975,488134977,512
14976,488167147,512
14977,488199417,512
14978,488231493,512
14979,488263539,512
14980,488295685,512
14981,488327773,512
14982,488359800,512
14983,488391897,512
14984,488423986,512
14985,488459925,512
14986,488492244,512
14987,488526224,512
14988,488558654,512
14989,488591281,512
14990,488623386,512
14991,488655400,512
14992,488687483,512
14993,488719589,512
14994,488751691,512
14995,488784239,512
14996,488818324,512
14997,488850650,512
14998,488882701,512
14999,488914824,512
15000,488946946,512
15001,488979017,512
15002,489011186,512
15003,489043221,512
15004,489075399,512
15005,489110111,512
15006,489142389,512
15007,489174495,512
15008,489206504,512
15009,489238609,512
15010,489270803,512
15011,489303113,512
15012,489335195,512
15013,489369769,512
15014,489403389,512
15015,489437419,512
15016,489470160,512
15017,489502934,512
15018,489537590,512
15019,489569697,512
15020,489603010,512
15021,489637641,512
15022,489669835,512
15023,489702076,512
15024,489734238,512
15025,489766269,512
15026,489798328,512
15027,489830384,512
15028,489862511,512
15029,489894538,512
15030,489929270,512
15031,489961348,512
15032,489993698,512
15033,490025733,512
15034,490057774,512
15035,490089803,512
15036,490122024,512
15037,490154091,512
15038,490186265,512
15039,490219672,512
15040,490252531,512
15041,490284870,512
15042,490316931,512
15043,490348997,512
15044,490381303,512
15045,490413513,512
15046,490445688,512
15047,490477691,512
15048,490509776,512
15049,490541954,512
15050,490576600,512
15051,490608664,512
15052,490640930,512
15053,490672961,512
15054,490704997,512
15055,490737129,512
15056,490769195,512
15057,490801326,512
15058,490834241,512
15059,490867963,512
15060,490900357,512
15061,490934122,512
15062,490968028,512
15063,491000343,512
15064,491032650,512
15065,491064977,512
15066,491097008,512
15067,491129121,512
15068,491161133,512
15069,491193162,512
15070,491225184,512
15071,491259905,512
15072,491291993,512
15073,491324418,512
15074,491356588,512
15075,491388878,512
15076,491421020,512
15077,491453076,512
15078,491485113,512
15079,491519812,512
15080,491552718,512
15081,491584799,512
15082,491616956,512
15083,491653314,512
15084,491687118,512
15085,491719516,512
15086,491753015,512
15087,491787364,512
15088,491819447,512
15089,491851564,512
15090,491883721,512
15091,491915913,512
15092,491948043,512
15093,491980098,512
15094,492012273,512
15095,492044405,512
15096,492079091,512
15097,492111148,512
15098,492143487,512
15099,492175598,512
15100,492207728,512
15101,492239811,512
15102,492271990,512
15103,492304112,512
15104,492336178,512
15105,492368896,512
15106,492402942,512
15107,492435143,512
15108,492467305,512
15109,492499334,512
15110,492531528,512
15111,492563536,512
15112,492595589,512
15113,492627676,512
15114,492659822,512
15115,492691884,512
15116,492726465,512
15117,492758771,512
15118,492790936,512
15119,492822990,512
15120,492855001,512
15121,492887297,512
15122,492919316,512
15123,492951365,512
15124,492984492,512
15125,493017870,512
15126,493050154,512
15127,493082609,512
15128,493114700,512
15129,493146745,512
15130,493178826,512
15131,493210876,512
15132,493242972,512
15133,493275098,512
15134,493307263,512
15135,493342096,512
15136,493374309,512
15137,493406487,512
15138,493438790,512
15139,493470890,512
15140,493503000,512
15141,493537998,512
15142,493570014,512
15143,493602396,512
15144,493634452,512
15145,493666566,512
15146,493699263,512
15147,493733087,512
15148,493765530,512
15149,493797536,512
15150,493829655,512
15151,493861974,512
15152,493894169,512
15153,493926358,512
15154,493958383,512
15155,493990563,512
15156,494025294,512
15157,494057608,512
15158,494089780,512
15159,494122039,512
15160,494154174,512
15161,494186217,512
15162,494218221,512
15163,494250285,512
15164,494282285,512
15165,494315961,512
15166,494348570,512
15167,494380931,512
15168,494413288,512
15169,494445340,512
15170,494477418,512
15171,494509425,512
15172,494541547,512
15173,494573590,512
15174,494605599,512
15175,494637619,512
15176,494669745,512
15177,494701766,512
15178,494733785,512
15179,494768033,512
15180,494800386,512
15181,494832563,512
15182,494864881,512
15183,494897046,512
15184,494930094,512
15185,494964341,512
15186,494996817,512
15187,495029873,512
15188,495064332,512
15189,495096750,512
15190,495128775,512
15191,495160878,512
15192,495192915,512
15193,495224934,512
15194,495256996,512
15195,495289114,512
15196,495321213,512
15197,495353283,512
15198,495387935,512
15199,495420035,512
15200,495452166,512
15201,495484318,512
15202,495516463,512
15203,495548799,512
15204,495580950,512
15205,495613038,512
15206,495645874,512
15207,495679345,512
15208,495711553,512
15209,495743811,512
15210,495776038,512
15211,495808177,512
15212,495840324,512
15213,495872348,512
15214,495904536,512
15215,495936629,512
15216,495971276,512
15217,496003661,512
15218,496035769,512
15219,496067949,512
15220,496100049,512
15221,496132180,512
15222,496164284,512
15223,496196454,512
15224,496231304,512
15225,496264312,512
15226,496296359,512
15227,496331018,512
15228,496364470,512
15229,496398934,512
15230,496431345,512
15231,496465528,512
15232,496498547,512
15233,496530764,512
15234,496563021,512
15235,496595090,512
15236,496627257,512
15237,496659391,512
15238,496691430,512
15239,496723608,512
15240,496755626,512
15241,496787659,512
15242,496819781,512
15243,496851833,512
15244,496886384,512
15245,496918863,512
15246,496951036,512
15247,496983503,512
15248,497015590,512
15249,497047682,512
15250,497080445,512
15251,497113838,512
15252,497146295,512
15253,497178623,512
15254,497210776,512
15255,497242935,512
15256,497274954,512
15257,497307041,512
15258,497339075,512
15259,497371260,512
15260,497405932,512
15261,497438037,512
15262,497470250,512
15263,497502374,512
15264,497534460,512
15265,497566468,512
15266,497598547,512
15267,497630641,512
15268,497662685,512
15269,497695213,512
15270,497729640,512
15271,497762057,512
15272,497795239,512
15273,497829217,512
15274,497861375,512
15275,497893598,512
15276,497925677,512
15277,497957707,512
15278,497989772,512
15279,498021862,512
15280,498054033,512
15281,498086240,512
15282,498118328,512
15283,498150378,512
15284,498182471,512
15285,498217186,512
15286,498249502,512
15287,498281507,512
15288,498313866,512
15289,498345873,512
15290,498377926,512
15291,498411200,512
15292,498444973,512
15293,498477336,512
15294,498509456,512
15295,498541536,512
15296,498573702,512
15297,498605727,512
15298,498637822,512
15299,498669973,512
15300,498704636,512
15301,498736681,512
15302,498768706,512
15303,498800969,512
15304,498833054,512
15305,498865102,512
15306,498897113,512
15307,498929269,512
15308,498961288,512
15309,498993346,512
15310,499026301,512
15311,499060316,512
15312,499092511,512
15313,499126201,512
15314,499160346,512
15315,499192640,512
15316,499224823,512
15317,499256927,512
15318,499289102,512
15319,499321286,512
15320,499353315,512
15321,499385318,512
15322,499420168,512
15323,499452440,512
15324,499484573,512
15325,499516730,512
15326,499548922,512
15327,499581021,512
15328,499613073,512
15329,499645139,512
15330,499679565,512
15331,499711802,512
15332,499745906,512
15333,499779714,512
15334,499811983,512
15335,499845249,512
15336,499879363,512
15337,499911459,512
15338,499945079,512
15339,499979228,512
15340,500011631,512
15341,500043639,512
15342,500075695,512
15343,500107762,512
15344,500139890,512
15345,500172032,512
15346,500204111,512
15347,500236260,512
15348,500268310,512
15349,500300453,512
15350,500335107,512
15351,500367133,512
15352,500399232,512
15353,500431359,512
15354,500463427,512
15355,500495513,512
15356,500527518,512
15357,500561086,512
15358,500594897,512
15359,500627090,512
15360,500659458,512
15361,500691628,512
15362,500723643,512
15363,500755794,512
15364,500787882,512
15365,500820010,512
15366,500854291,512
15367,500886615,512
15368,500918631,512
15369,500950994,512
15370,500983082,512
15371,501015077,512
15372,501047193,512
15373,501079318,512
15374,501111336,512
15375,501143470,512
15376,501176393,512
15377,501210152,512
15378,501242309,512
15379,501276290,512
15380,501309660,512
15381,501342306,512
15382,501374673,512
15383,501406862,512
15384,501439032,512
15385,501471157,512
15386,501503347,512
15387,501537884,512
15388,501569916,512
15389,501602315,512
15390,501634422,512
15391,501666546,512
15392,501698723,512
15393,501730892,512
15394,501763080,512
15395,501797768,512
15396,501829857,512
15397,501861977,512
15398,501895042,512
15399,501929334,512
15400,501961489,512
15401,501995953,512
15402,502029643,512
15403,502061867,512
15404,502093957,512
15405,502126101,512
15406,502158284,512
15407,502190372,512
15408,502222497,512
15409,502254589,512
15410,502289269,512
15411,502321571,512
15412,502353730,512
15413,502385765,512
15414,502417760,512
15415,502449864,512
15416,502481895,512
15417,502514035,512
15418,502546201,512
15419,502580986,512
15420,502613184,512
15421,502645327,512
15422,502677349,512
15423,502710697,512
15424,502744439,512
15425,502776766,512
15426,502808983,512
15427,502841049,512
15428,502873237,512
15429,502905327,512
15430,502937490,512
15431,502969525,512
15432,503001725,512
15433,503036409,512
15434,503068485,512
15435,503100870,512
15436,503132892,512
15437,503164992,512
15438,503197054,512
15439,503229119,512
15440,503261273,512
15441,503293281,512
15442,503326897,512
15443,503359706,512
15444,503392103,512
15445,503424333,512
15446,503456430,512
15447,503488899,512
15448,503521014,512
15449,503553127,512
15450,503585170,512
15451,503619840,512
15452,503651896,512
15453,503684010,512
15454,503716201,512
15455,503748267,512
15456,503780289,512
15457,503812394,512
15458,503844507,512
15459,503876684,512
15460,503908704,512
15461,503941412,512
15462,503975631,512
15463,504007654,512
15464,504041553,512
15465,504075561,512
15466,504107958,512
15467,504140122,512
15468,504172217,512
15469,504204339,512
15470,504236353,512
15471,504268538,512
15472,504300621,512
15473,504335186,512
15474,504367458,512
15475,504399486,512
15476,504431502,512
15477,504463742,512
15478,504495797,512
15479,504527819,512
15480,504560016,512
15481,504592024,512
15482,504624078,512
15483,504656217,512
15484,504690877,512
15485,504722902,512
15486,504755038,512
15487,504787109,512
15488,504819110,512
15489,504851343,512
15490,504883460,512
15491,504915472,512
15492,504947549,512
15493,504979748,512
15494,505011948,512
15495,505046523,512
15496,505078587,512
15497,505110705,512
15498,505142968,512
15499,505174968,512
15500,505207114,512
15501,505239253,512
15502,505272032,512
15503,505306087,512
15504,505338310,512
15505,505370788,512
15506,505402855,512
15507,505434976,512
15508,505467146,512
15509,505499299,512
15510,505531332,512
15511,505565978,512
15512,505598428,512
15513,505630651,512
15514,505662782,512
15515,505694872,512
15516,505726920,512
15517,505759055,512
15518,505791183,512
15519,505826384,512
15520,505858532,512
15521,505890675,512
15522,505922832,512
15523,505954942,512
15524,505987373,512
15525,506021433,512
15526,506053624,512
15527,506085998,512
15528,506118091,512
15529,506150280,512
15530,506182354,512
15531,506214506,512
15532,506246516,512
15533,506278567,512
15534,506310660,512
15535,506345323,512
15536,506378277,512
15537,506410298,512
15538,506442349,512
15539,506477974,512
15540,506512094,512
15541,506545429,512
15542,506577586,512
15543,506609648,512
15544,506641749,512
15545,506673935,512
15546,506706053,512
15547,506738072,512
15548,506772768,512
15549,506806754,512
15550,506840479,512
15551,506872882,512
15552,506905773,512
15553,506937811,512
15554,506969953,512
15555,507005065,512
15556,507037260,512
15557,507069429,512
15558,507101445,512
15559,507133620,512
15560,507165790,512
15561,507200413,512
15562,507232420,512
15563,507264904,512
15564,507297111,512
15565,507329260,512
15566,507361435,512
15567,507393443,512
15568,507426023,512
15569,507460234,512
15570,507492667,512
15571,507525499,512
15572,507559804,512
15573,507592063,512
15574,507625605,512
15575,507659704,512
15576,507692005,512
15577,507724037,512
15578,507756130,512
15579,507788290,512
15580,507820440,512
15581,507852606,512
15582,507884672,512
15583,507916782,512
15584,507948821,512
15585,507980988,512
15586,508015656,512
15587,508047893,512
15588,508080008,512
15589,508112137,512
15590,508144304,512
15591,508176333,512
15592,508208348,512
15593,508241986,512
15594,508275308,512
15595,508307429,512
15596,508339539,512
15597,508371787,512
15598,508403928,512
15599,508436089,512
15600,508468196,512
15601,508500260,512
15602,508532381,512
15603,508564429,512
15604,508596434,512
15605,508631066,512
15606,508663364,512
15607,508695519,512
15608,508727686,512
15609,508759799,512
15610,508791952,512
15611,508823975,512
15612,508857117,512
15613,508890772,512
15614,508922831,512
15615,508956728,512
15616,508990738,512
15617,509023005,512
15618,509055167,512
15619,509087305,512
15620,509119378,512
15621,509151459,512
15622,509183563,512
15623,509215676,512
15624,509247715,512
15625,509279749,512
15626,509311773,512
15627,509346454,512
15628,509378586,512
15629,509410713,512
15630,509442814,512
15631,509474917,512
15632,509506923,512
15633,509538983,512
15634,509572847,512
15635,509606095,512
15636,509638556,512
15637,509670658,512
15638,509702781,512
15639,509734826,512
15640,509766994,512
15641,509799083,512
15642,509831123,512
15643,509865838,512
15644,509897901,512
15645,509930304,512
15646,509962418,512
15647,509994572,512
15648,510026586,512
15649,510058630,512
15650,510090636,512
15651,510122678,512
15652,510154813,512
15653,510187099,512
15654,510221173,512
15655,510253523,512
15656,510285986,512
15657,510317979,512
15658,510350132,512
15659,510382198,512
15660,510414245,512
15661,510446273,512
15662,510478454,512
15663,510510609,512
15664,510544967,512
15665,510577152,512
15666,510609238,512
15667,510641631,512
15668,510673810,512
15669,510706018,512
15670,510738095,512
15671,510770288,512
15672,510805363,512
15673,510837469,512
15674,510869525,512
15675,510903633,512
15676,510936402,512
15677,510968960,512
15678,511001326,512
15679,511033366,512
15680,511065488,512
15681,511097578,512
15682,511129698,512
15683,511161885,512
15684,511193956,512
15685,511228510,512
15686,511260744,512
15687,511293030,512
15688,511325184,512
15689,511357293,512
15690,511389325,512
15691,511421431,512
15692,511453489,512
15693,511485664,512
15694,511518877,512
15695,511551863,512
15696,511584139,512
15697,511616301,512
15698,511648484,512
15699,511680603,512
15700,511712628,512
15701,511744631,512
15702,511776744,512
15703,511808920,512
15704,511841022,512
15705,511873100,512
15706,511905243,512
15707,511940237,512
15708,511972273,512
15709,512004372,512
15710,512036448,512
15711,512068562,512
15712,512100640,512
15713,512133199,512
15714,512167554,512
15715,512199614,512
15716,512231721,512
15717,512263766,512
15718,512296216,512
15719,512328261,512
15720,512360450,512
15721,512392588,512
15722,512424644,512
15723,512456658,512
15724,512491419,512
15725,512523639,512
15726,512555772,512
15727,512587883,512
15728,512620045,512
15729,512652109,512
15730,512684105,512
15731,512716174,512
15732,512748810,512
15733,512782928,512
15734,512815066,512
15735,512849690,512
15736,512882895,512
15737,512914972,512
15738,512947053,512
15739,512979163,512
15740,513011221,512
15741,513043399,512
15742,513075467,512
15743,513107503,512
15744,513139564,512
15745,513171623,512
15746,513203746,512
15747,513235898,512
15748,513267941,512
15749,513302563,512
15750,513335004,512
15751,513367710,512
15752,513399748,512
15753,513434067,512
15754,513466352,512
15755,513498764,512
15756,513530940,512
15757,513563015,512
15758,513595121,512
15759,513627281,512
15760,513659378,512
15761,513691449,512
15762,513726144,512
15763,513758642,512
15764,513790786,512
15765,513822859,512
15766,513854873,512
15767,513887016,512
15768,513919071,512
15769,513951075,512
15770,513983102,512
15771,514018022,512
15772,514050038,512
15773,514082351,512
15774,514114673,512
15775,514146824,512
15776,514179399,512
15777,514213750,512
15778,514246071,512
15779,514278112,512
15780,514310184,512
15781,514342375,512
15782,514374438,512
15783,514406460,512
15784,514438600,512
15785,514470683,512
15786,514505395,512
15787,514537402,512
15788,514569845,512
15789,514601933,512
15790,514634096,512
15791,514666126,512
15792,514698274,512
15793,514730427,512
15794,514762421,512
15795,514795429,512
15796,514828688,512
15797,514860973,512
15798,514893041,512
15799,514925350,512
15800,514957418,512
15801,514989615,512
15802,515021626,512
15803,515053769,512
15804,515085892,512
15805,515117976,512
15806,515150040,512
15807,515184673,512
15808,515216956,512
15809,515248977,512
15810,515281121,512
15811,515313664,512
15812,515345686,512
15813,515377881,512
15814,515410333,512
15815,515443965,512
15816,515476370,512
15817,515508799,512
15818,515540845,512
15819,515572874,512
15820,515605006,512
15821,515637081,512
15822,515669189,512
15823,515701384,512
15824,515736099,512
15825,515768255,512
15826,515800489,512
15827,515832681,512
15828,515864786,512
15829,515896898,512
15830,515928939,512
15831,515961090,512
15832,515993282,512
15833,516025480,512
15834,516059686,512
15835,516091824,512
15836,516126576,512
15837,516159631,512
15838,516191841,512
15839,516223853,512
15840,516255987,512
15841,516288181,512
15842,516320217,512
15843,516352222,512
15844,516384260,512
15845,516416348,512
15846,516448395,512
15847,516480431,512
15848,516512522,512
15849,516544658,512
15850,516576733,512
15851,516610884,512
15852,516643731,512
15853,516675781,512
15854,516707814,512
15855,516741094,512
15856,516774776,512
15857,516807069,512
15858,516841026,512
15859,516875129,512
15860,516907423,512
15861,516939618,512
15862,516971716,512
15863,517003754,512
15864,517035822,512
15865,517067907,512
15866,517099922,512
15867,517131946,512
15868,517164135,512
15869,517198758,512
15870,517231189,512
15871,517263360,512
15872,517295537,512
15873,517327630,512
15874,517359693,512
15875,517391724,512
15876,517423911,512
15877,517456522,512
15878,517490136,512
15879,517522441,512
15880,517554610,512
15881,517586875,512
15882,517619056,512
15883,517651230,512
15884,517683349,512
15885,517715433,512
15886,517747572,512
15887,517782218,512
15888,517814479,512
15889,517846545,512
15890,517878623,512
15891,517910770,512
15892,517942897,512
15893,517974963,512
15894,518007018,512
15895,518039161,512
15896,518072317,512
15897,518106099,512
15898,518138373,512
15899,518170464,512
15900,518202660,512
15901,518234763,512
15902,518266916,512
15903,518298997,512
15904,518333603,512
15905,518365839,512
15906,518397862,512
15907,518429968,512
15908,518462164,512
15909,518494161,512
15910,518526191,512
15911,518558329,512
15912,518590435,512
15913,518622547,512
15914,518654581,512
15915,518686673,512
15916,518718680,512
15917,518753229,512
15918,518786845,512
15919,518820891,512
15920,518853217,512
15921,518885374,512
15922,518917548,512
15923,518949677,512
15924,518981689,512
15925,519013873,512
15926,519046034,512
15927,519078095,512
15928,519110109,512
15929,519142181,512
15930,519176803,512
15931,519209274,512
15932,519241295,512
15933,519273515,512
15934,519305785,512
15935,519337863,512
15936,519369880,512
15937,519402686,512
15938,519436161,512
15939,519468315,512
15940,519500550,512
15941,519532769,512
15942,519564794,512
15943,519597083,512
15944,519629169,512
15945,519661290,512
15946,519693299,512
15947,519725405,512
15948,519757466,512
15949,519789599,512
15950,519821622,512
15951,519856259,512
15952,519888454,512
15953,519920527,512
15954,519952590,512
15955,519984704,512
15956,520017881,512
15957,520052095,512
15958,520084274,512
15959,520116334,512
15960,520148395,512
15961,520180585,512
15962,520212698,512
15963,520244841,512
15964,520276961,512
15965,520309059,512
15966,520343722,512
15967,520376274,512
15968,520408351,512
15969,520440460,512
15970,520472601,512
15971,520504758,512
15972,520539551,512
15973,520571864,512
15974,520603958,512
15975,520635968,512
15976,520668166,512
15977,520700260,512
15978,520733668,512
15979,520767368,512
15980,520799752,512
15981,520831801,512
15982,520864000,512
15983,520896079,512
15984,520928212,512
15985,520960375,512
15986,520994910,512
15987,521027418,512
15988,521059547,512
15989,521091739,512
15990,521123847,512
15991,521155887,512
15992,521188041,512
15993,521220169,512
15994,521254896,512
15995,521287140,512
15996,521319412,512
15997,521352184,512
15998,521386829,512
15999,521419145,512
16000,521452238,512
16001,521486676,512
16002,521518680,512
16003,521552696,512
16004,521586750,512
16005,521619009,512
16006,521651015,512
16007,521683021,512
16008,521715226,512
16009,521747230,512
16010,521779413,512
16011,521811447,512
16012,521843557,512
16013,521878273,512
16014,521910308,512
16015,521942586,512
16016,521974794,512
16017,522006846,512
16018,522039022,512
16019,522071063,512
16020,522103170,512
16021,522135259,512
16022,522168358,512
16023,522201653,512
16024,522233869,512
16025,522266067,512
16026,522298071,512
16027,522330238,512
16028,522362426,512
16029,522394426,512
16030,522426467,512
16031,522458493,512
16032,522490562,512
16033,522522770,512
16034,522554840,512
16035,522586948,512
16036,522621943,512
16037,522654015,512
16038,522686259,512
