seq,timestamp_us,sample_count
6592,215178874,512
6593,215210977,512
6594,215243381,512
6595,215275721,512
6596,215307879,512
6597,215339946,512
6598,215372036,512
6599,215404173,512
6600,215436364,512
6601,215468492,512
6602,215500556,512
6603,215532575,512
6604,215564683,512
6605,215596815,512
6606,215628994,512
6607,215661355,512
6608,215693432,512
6609,215725449,512
6610,215757488,512
6611,215789627,512
6612,215821752,512
6613,215853831,512
6614,215885875,512
6615,215917898,512
6616,215950088,512
6617,215982119,512
6618,216014213,512
6619,216046274,512
6620,216078418,512
6621,216110619,512
6622,216142658,512
6623,216174861,512
6624,216206883,512
6625,216239077,512
6626,216271657,512
6627,216305409,512
6628,216338018,512
6629,216370293,512
6630,216402483,512
6631,216434642,512
6632,216466684,512
6633,216498866,512
6634,216530989,512
6635,216563058,512
6636,216595182,512
6637,216627288,512
6638,216659489,512
6639,216691596,512
6640,216723765,512
6641,216755870,512
6642,216788655,512
6643,216823274,512
6644,216855726,512
6645,216888015,512
6646,216920070,512
6647,216952231,512
6648,216984524,512
6649,217016575,512
6650,217048580,512
6651,217080664,512
6652,217112680,512
6653,217144787,512
6654,217176843,512
6655,217209039,512
6656,217241052,512
6657,217273088,512
6658,217305181,512
6659,217337245,512
6660,217369432,512
6661,217402513,512
6662,217436861,512
6663,217468949,512
6664,217502630,512
6665,217536975,512
6666,217569112,512
6667,217602499,512
6668,217634606,512
6669,217666622,512
6670,217698638,512
6671,217730683,512
6672,217762858,512
6673,217794894,512
6674,217827084,512
6675,217859131,512
6676,217891141,512
6677,217923215,512
6678,217955252,512
6679,217987286,512
6680,218019297,512
6681,218051471,512
6682,218083555,512
6683,218116845,512
6684,218150541,512
6685,218182790,512
6686,218214868,512
6687,218247412,512
6688,218279548,512
6689,218311659,512
6690,218343845,512
6691,218375947,512
6692,218408043,512
6693,218440061,512
6694,218472250,512
6695,218504371,512
6696,218536439,512
6697,218568627,512
6698,218600697,512
6699,218632728,512
6700,218664786,512
6701,218696965,512
6702,218730163,512
6703,218764258,512
6704,218796614,512
6705,218828887,512
6706,218861043,512
6707,218893063,512
6708,218925217,512
6709,218957321,512
6710,218989487,512
6711,219021547,512
6712,219053602,512
6713,219085686,512
6714,219117857,512
6715,219149995,512
6716,219182052,512
6717,219214258,512
6718,219246455,512
6719,219278479,512
6720,219310563,512
6721,219343775,512
6722,219377762,512
6723,219409844,512
6724,219442013,512
6725,219474114,512
6726,219506544,512
6727,219538649,512
6728,219570745,512
6729,219602823,512
6730,219634980,512
6731,219667072,512
6732,219699260,512
6733,219731315,512
6734,219763422,512
6735,219795615,512
6736,219827695,512
6737,219860610,512
6738,219895079,512
6739,219927161,512
6740,219960317,512
6741,219992351,512
6742,220024371,512
6743,220056381,512
6744,220088573,512
6745,220120681,512
6746,220152708,512
6747,220184904,512
6748,220216940,512
6749,220249069,512
6750,220281143,512
6751,220313286,512
6752,220345396,512
6753,220377547,512
6754,220409666,512
6755,220441800,512
6756,220476671,512
6757,220508807,512
6758,220541122,512
6759,220574600,512
6760,220608881,512
6761,220641051,512
6762,220674568,512
6763,220709198,512
6764,220741306,512
6765,220773487,512
6766,220805571,512
6767,220837994,512
6768,220870160,512
6769,220902308,512
6770,220934487,512
6771,220966588,512
6772,220998709,512
6773,221030746,512
6774,221062752,512
6775,221094861,512
6776,221126936,512
6777,221158990,512
6778,221191887,512
6779,221223891,512
6780,221256021,512
6781,221291993,512
6782,221324145,512
6783,221356195,512
6784,221393455,512
6785,221426986,512
6786,221459136,512
6787,221491256,512
6788,221523375,512
6789,221555792,512
6790,221588083,512
6791,221620102,512
6792,221652178,512
6793,221684199,512
6794,221716201,512
6795,221748338,512
6796,221780397,512
6797,221812567,512
6798,221844732,512
6799,221876783,512
6800,221909223,512
6801,221941330,512
6802,221973371,512
6803,222006588,512
6804,222040632,512
6805,222072869,512
6806,222105005,512
6807,222137093,512
6808,222169426,512
6809,222201558,512
6810,222233684,512
6811,222265888,512
6812,222297984,512
6813,222329992,512
6814,222362086,512
6815,222394108,512
6816,222426129,512
6817,222458482,512
6818,222490499,512
6819,222523490,512
6820,222557944,512
6821,222590088,512
6822,222623643,512
6823,222658323,512
6824,222690357,512
6825,222725017,512
6826,222758554,512
6827,222790614,512
6828,222822742,512
6829,222854751,512
6830,222887035,512
6831,222919308,512
6832,222951472,512
6833,222983637,512
6834,223015819,512
6835,223047980,512
6836,223080072,512
6837,223112162,512
6838,223144225,512
6839,223176298,512
6840,223208426,512
6841,223240516,512
6842,223272578,512
6843,223304658,512
6844,223338100,512
6845,223372272,512
6846,223404664,512
6847,223436766,512
6848,223468780,512
6849,223500907,512
6850,223532975,512
6851,223565110,512
6852,223597241,512
6853,223629422,512
6854,223661615,512
6855,223693672,512
6856,223725836,512
6857,223757884,512
6858,223789953,512
6859,223822041,512
6860,223854484,512
6861,223886516,512
6862,223918663,512
6863,223951376,512
6864,223985246,512
6865,224017758,512
6866,224050284,512
6867,224082656,512
6868,224114753,512
6869,224146850,512
6870,224178961,512
6871,224211083,512
6872,224243213,512
6873,224275434,512
6874,224307516,512
6875,224339658,512
6876,224371735,512
6877,224403786,512
6878,224435921,512
6879,224468147,512
6880,224500240,512
6881,224532269,512
6882,224564406,512
6883,224596546,512
6884,224628622,512
6885,224660658,512
6886,224692770,512
6887,224724950,512
6888,224757021,512
6889,224789086,512
6890,224821098,512
6891,224853104,512
6892,224885298,512
6893,224917457,512
6894,224949471,512
6895,224981580,512
6896,225013658,512
6897,225045658,512
6898,225078172,512
6899,225112293,512
6900,225144664,512
6901,225176963,512
6902,225209140,512
6903,225241433,512
6904,225273835,512
6905,225305947,512
6906,225338054,512
6907,225370229,512
6908,225402238,512
6909,225434415,512
6910,225466510,512
6911,225498562,512
6912,225530617,512
6913,225562802,512
6914,225595381,512
6915,225630005,512
6916,225662465,512
6917,225695634,512
6918,225730282,512
6919,225762298,512
6920,225796896,512
6921,225830465,512
6922,225862641,512
6923,225895048,512
6924,225927451,512
6925,225959627,512
6926,225991656,512
6927,226023742,512
6928,226055905,512
6929,226088015,512
6930,226120163,512
6931,226152281,512
6932,226184474,512
6933,226216519,512
6934,226248696,512
6935,226280882,512
6936,226313023,512
6937,226345074,512
6938,226377167,512
6939,226409939,512
6940,226443873,512
6941,226476074,512
6942,226508390,512
6943,226540562,512
6944,226572925,512
6945,226605103,512
6946,226637140,512
6947,226669276,512
6948,226701488,512
6949,226733562,512
6950,226765731,512
6951,226797746,512
6952,226829903,512
6953,226861992,512
6954,226894113,512
6955,226926693,512
6956,226958749,512
6957,226990830,512
6958,227023461,512
6959,227057981,512
6960,227090016,512
6961,227122302,512
6962,227154449,512
6963,227186525,512
6964,227218731,512
6965,227250753,512
6966,227282900,512
6967,227314943,512
6968,227347121,512
6969,227379169,512
6970,227411352,512
6971,227443378,512
6972,227475488,512
6973,227507517,512
6974,227540328,512
6975,227572326,512
6976,227604420,512
6977,227636482,512
6978,227671451,512
6979,227703610,512
6980,227735969,512
6981,227768036,512
6982,227800160,512
6983,227832255,512
6984,227864300,512
6985,227896399,512
6986,227928468,512
6987,227960505,512
6988,227992676,512
6989,228024710,512
6990,228056813,512
6991,228088877,512
6992,228120977,512
6993,228153984,512
6994,228188726,512
6995,228220767,512
6996,228254751,512
6997,228288622,512
6998,228321036,512
6999,228354896,512
7000,228389064,512
7001,228421279,512
7002,228453297,512
7003,228485660,512
7004,228517939,512
7005,228550003,512
7006,228582144,512
7007,228614375,512
7008,228646516,512
7009,228678688,512
7010,228710816,512
7011,228742891,512
7012,228774899,512
7013,228806996,512
7014,228839095,512
7015,228871823,512
7016,228906549,512
7017,228938553,512
7018,228971821,512
7019,229003862,512
7020,229035972,512
7021,229068026,512
7022,229100150,512
7023,229132214,512
7024,229164234,512
7025,229196347,512
7026,229228480,512
7027,229260574,512
7028,229292684,512
7029,229324842,512
7030,229359531,512
7031,229391689,512
7032,229423740,512
7033,229455954,512
7034,229488431,512
7035,229520634,512
7036,229552707,512
7037,229586447,512
7038,229620094,512
7039,229652304,512
7040,229686397,512
7041,229720776,512
7042,229753954,512
7043,229788112,512
7044,229822338,512
7045,229857153,512
7046,229890844,512
7047,229924804,512
7048,229957156,512
7049,229989322,512
7050,230021451,512
7051,230053474,512
7052,230085849,512
7053,230118019,512
7054,230150217,512
7055,230182391,512
7056,230214482,512
7057,230246642,512
7058,230278680,512
7059,230310806,512
7060,230342955,512
7061,230374991,512
7062,230407952,512
7063,230442435,512
7064,230474566,512
7065,230507516,512
7066,230539516,512
7067,230571532,512
7068,230603557,512
7069,230635691,512
7070,230667693,512
7071,230699896,512
7072,230731965,512
7073,230764032,512
7074,230796102,512
7075,230828190,512
7076,230860355,512
7077,230892498,512
7078,230924574,512
7079,230956593,512
7080,230988763,512
7081,231021480,512
7082,231056106,512
7083,231088172,512
7084,231121769,512
7085,231156273,512
7086,231188370,512
7087,231222250,512
7088,231256561,512
7089,231288774,512
7090,231321025,512
7091,231353182,512
7092,231385278,512
7093,231417326,512
7094,231449497,512
7095,231481785,512
7096,231513963,512
7097,231545991,512
7098,231578076,512
7099,231610108,512
7100,231642247,512
7101,231674285,512
7102,231706434,512
7103,231739108,512
7104,231771151,512
7105,231803266,512
7106,231835324,512
7107,231867347,512
7108,231899357,512
7109,231931491,512
7110,231963630,512
7111,231995677,512
7112,232027772,512
7113,232059782,512
7114,232091795,512
7115,232123962,512
7116,232156128,512
7117,232188260,512
7118,232220365,512
7119,232252457,512
7120,232284481,512
7121,232316562,512
7122,232350100,512
7123,232383461,512
7124,232415620,512
7125,232447685,512
7126,232480155,512
7127,232512293,512
7128,232544484,512
7129,232576654,512
7130,232608796,512
7131,232640981,512
7132,232672988,512
7133,232705121,512
7134,232737282,512
7135,232769388,512
7136,232801478,512
7137,232833619,512
7138,232865981,512
7139,232897972,512
7140,232930084,512
7141,232962477,512
7142,232996788,512
7143,233029031,512
7144,233061256,512
7145,233093395,512
7146,233125612,512
7147,233157662,512
7148,233189825,512
7149,233221931,512
7150,233254296,512
7151,233286445,512
7152,233318642,512
7153,233350800,512
7154,233382897,512
7155,233414934,512
7156,233446949,512
7157,233480578,512
7158,233514032,512
7159,233546304,512
7160,233579745,512
7161,233611881,512
7162,233643979,512
7163,233676126,512
7164,233708242,512
7165,233743091,512
7166,233775894,512
7167,233807964,512
7168,233839983,512
7169,233872015,512
7170,233904216,512
7171,233936290,512
7172,233968478,512
7173,234000495,512
7174,234032532,512
7175,234064723,512
7176,234097058,512
7177,234129148,512
7178,234161325,512
7179,234193736,512
7180,234228285,512
7181,234260563,512
7182,234294447,512
7183,234328523,512
7184,234360640,512
7185,234392865,512
7186,234425249,512
7187,234457540,512
7188,234489563,512
7189,234521590,512
7190,234553701,512
7191,234585873,512
7192,234617911,512
7193,234650056,512
7194,234682199,512
7195,234714332,512
7196,234746372,512
7197,234778441,512
7198,234811136,512
7199,234845790,512
7200,234877940,512
7201,234910921,512
7202,234942961,512
7203,234974984,512
7204,235007013,512
7205,235039152,512
7206,235071198,512
7207,235103327,512
7208,235135510,512
7209,235167660,512
7210,235199681,512
7211,235231884,512
7212,235264032,512
7213,235296058,512
7214,235328136,512
7215,235360264,512
7216,235392363,512
7217,235424972,512
7218,235459119,512
7219,235491583,512
7220,235524937,512
7221,235557043,512
7222,235591656,512
7223,235625797,512
7224,235660005,512
7225,235692067,512
7226,235724282,512
7227,235756334,512
7228,235788698,512
7229,235820779,512
7230,235852952,512
7231,235884964,512
7232,235917083,512
7233,235949237,512
7234,235981377,512
7235,236013388,512
7236,236045533,512
7237,236077545,512
7238,236109737,512
7239,236142710,512
7240,236177181,512
7241,236209361,512
7242,236243638,512
7243,236277147,512
7244,236309702,512
7245,236343355,512
7246,236377605,512
7247,236409873,512
7248,236442034,512
7249,236474238,512
7250,236506277,512
7251,236538762,512
7252,236570833,512
7253,236602951,512
7254,236635005,512
7255,236667033,512
7256,236699069,512
7257,236731215,512
7258,236763245,512
7259,236795414,512
7260,236827446,512
7261,236859708,512
7262,236891755,512
7263,236923896,512
7264,236957176,512
7265,236990953,512
7266,237023518,512
7267,237055592,512
7268,237087990,512
7269,237120174,512
7270,237152393,512
7271,237184572,512
7272,237216689,512
7273,237248740,512
7274,237280786,512
7275,237312841,512
7276,237344931,512
7277,237377005,512
7278,237409126,512
7279,237441131,512
7280,237473680,512
7281,237505727,512
7282,237537747,512
7283,237570854,512
7284,237605383,512
7285,237637402,512
7286,237669734,512
7287,237701931,512
7288,237734064,512
7289,237766229,512
7290,237798375,512
7291,237830382,512
7292,237862461,512
7293,237894555,512
7294,237926711,512
7295,237958872,512
7296,237990983,512
7297,238023074,512
7298,238055266,512
7299,238087729,512
7300,238122307,512
7301,238154349,512
7302,238187378,512
7303,238219414,512
7304,238251574,512
7305,238283658,512
7306,238315788,512
7307,238347906,512
7308,238380019,512
7309,238412099,512
7310,238444181,512
7311,238476213,512
7312,238508295,512
7313,238540454,512
7314,238572525,512
7315,238604608,512
7316,238636724,512
7317,238668828,512
7318,238701029,512
7319,238733184,512
7320,238765288,512
7321,238797325,512
7322,238829495,512
7323,238861599,512
7324,238893643,512
7325,238925773,512
7326,238960391,512
7327,238992618,512
7328,239025055,512
7329,239057142,512
7330,239089173,512
7331,239121391,512
7332,239153587,512
7333,239185787,512
7334,239217962,512
7335,239250107,512
7336,239282274,512
7337,239314901,512
7338,239349154,512
7339,239381637,512
7340,239415725,512
7341,239449655,512
7342,239481959,512
7343,239513967,512
7344,239546143,512
7345,239578156,512
7346,239610486,512
7347,239642611,512
7348,239674653,512
7349,239706845,512
7350,239738956,512
7351,239771042,512
7352,239803178,512
7353,239835273,512
7354,239867370,512
7355,239899722,512
7356,239932094,512
7357,239964240,512
7358,239996280,512
7359,240029184,512
7360,240063372,512
7361,240095388,512
7362,240127655,512
7363,240159790,512
7364,240191866,512
7365,240223952,512
7366,240256275,512
7367,240288352,512
7368,240320375,512
7369,240352447,512
7370,240384586,512
7371,240416715,512
7372,240448907,512
7373,240481093,512
7374,240513253,512
7375,240545554,512
7376,240577574,512
7377,240609698,512
7378,240642720,512
7379,240676955,512
7380,240708991,512
7381,240741545,512
7382,240773688,512
7383,240805835,512
7384,240837892,512
7385,240869994,512
7386,240902124,512
7387,240934214,512
7388,240966253,512
7389,240998419,512
7390,241030575,512
7391,241062601,512
7392,241094701,512
7393,241126886,512
7394,241159594,512
7395,241191642,512
7396,241223675,512
7397,241255715,512
7398,241287858,512
7399,241319888,512
7400,241351891,512
7401,241383980,512
7402,241416185,512
7403,241448276,512
7404,241483213,512
7405,241515693,512
7406,241547762,512
7407,241579868,512
7408,241611983,512
7409,241644147,512
7410,241676219,512
7411,241708373,512
7412,241740520,512
7413,241773445,512
7414,241807385,512
7415,241840017,512
7416,241873801,512
7417,241907714,512
7418,241940248,512
7419,241973916,512
7420,242008482,512
7421,242040938,512
7422,242073046,512
7423,242105145,512
7424,242137494,512
7425,242169657,512
7426,242201682,512
7427,242233846,512
7428,242265853,512
7429,242297878,512
7430,242330071,512
7431,242362183,512
7432,242394213,512
7433,242426260,512
7434,242458283,512
7435,242490667,512
7436,242522837,512
7437,242555022,512
7438,242587213,512
7439,242619376,512
7440,242654064,512
7441,242686256,512
7442,242718696,512
7443,242750879,512
7444,242783021,512
7445,242815283,512
7446,242847347,512
7447,242879495,512
7448,242911535,512
7449,242943672,512
7450,242975821,512
7451,243007838,512
7452,243039946,512
7453,243072004,512
7454,243104376,512
7455,243136488,512
7456,243168593,512
7457,243200609,512
7458,243232780,512
7459,243264959,512
7460,243297074,512
7461,243331794,512
7462,243363849,512
7463,243396083,512
7464,243428534,512
7465,243460564,512
7466,243492743,512
7467,243524930,512
7468,243557043,512
7469,243589217,512
7470,243621258,512
7471,243653429,512
7472,243685600,512
7473,243718346,512
7474,243752989,512
7475,243785083,512
7476,243819188,512
7477,243853284,512
7478,243885640,512
7479,243917829,512
7480,243949997,512
7481,243982169,512
7482,244014190,512
7483,244046347,512
7484,244078387,512
7485,244110547,512
7486,244142569,512
7487,244174574,512
7488,244206594,512
7489,244238636,512
7490,244271049,512
7491,244303118,512
7492,244335326,512
7493,244367476,512
7494,244399577,512
7495,244433346,512
7496,244466562,512
7497,244498989,512
7498,244531297,512
7499,244563387,512
7500,244595584,512
7501,244627759,512
7502,244659908,512
7503,244691923,512
7504,244724083,512
7505,244756262,512
7506,244788257,512
7507,244820429,512
7508,244852631,512
7509,244884752,512
7510,244916857,512
7511,244948931,512
7512,244981093,512
7513,245013248,512
7514,245046310,512
7515,245080406,512
7516,245112449,512
7517,245144746,512
7518,245176925,512
7519,245209172,512
7520,245241353,512
7521,245273613,512
7522,245305713,512
7523,245337909,512
7524,245369964,512
7525,245402161,512
7526,245434293,512
7527,245466473,512
7528,245498550,512
7529,245530746,512
7530,245563047,512
7531,245597631,512
7532,245629895,512
7533,245662769,512
7534,245694946,512
7535,245727022,512
7536,245759122,512
7537,245791269,512
7538,245823452,512
7539,245855573,512
7540,245887621,512
7541,245919735,512
7542,245951783,512
7543,245983841,512
7544,246015928,512
7545,246047991,512
7546,246080190,512
7547,246112217,512
7548,246144414,512
7549,246176947,512
7550,246211345,512
7551,246243401,512
7552,246277064,512
7553,246311549,512
7554,246343659,512
7555,246377770,512
7556,246411508,512
7557,246444197,512
7558,246476296,512
7559,246508471,512
7560,246540676,512
7561,246572852,512
7562,246604950,512
7563,246637131,512
7564,246669329,512
7565,246701474,512
7566,246733601,512
7567,246765793,512
7568,246797902,512
7569,246830040,512
7570,246862160,512
7571,246894318,512
7572,246926454,512
7573,246958454,512
7574,246991346,512
7575,247025276,512
7576,247057474,512
7577,247089690,512
7578,247122057,512
7579,247154266,512
7580,247186405,512
7581,247218422,512
7582,247250488,512
7583,247282723,512
7584,247314744,512
7585,247346824,512
7586,247378992,512
7587,247411017,512
7588,247443368,512
7589,247475578,512
7590,247508150,512
7591,247542782,512
7592,247574956,512
7593,247608722,512
7594,247642731,512
7595,247675176,512
7596,247709711,512
7597,247743111,512
7598,247775422,512
7599,247807576,512
7600,247839899,512
7601,247872078,512
7602,247904153,512
7603,247936255,512
7604,247968268,512
7605,248000558,512
7606,248032717,512
7607,248064733,512
7608,248096862,512
7609,248128999,512
7610,248161167,512
7611,248193176,512
7612,248225603,512
7613,248257710,512
7614,248289762,512
7615,248322856,512
7616,248357001,512
7617,248389135,512
7618,248421536,512
7619,248453698,512
7620,248485800,512
7621,248517838,512
7622,248549944,512
7623,248582084,512
7624,248614169,512
7625,248646199,512
7626,248678346,512
7627,248710437,512
7628,248742456,512
7629,248774516,512
7630,248806689,512
7631,248839311,512
7632,248871381,512
7633,248903499,512
7634,248935572,512
7635,248967751,512
7636,248999865,512
7637,249031948,512
7638,249064039,512
7639,249096170,512
7640,249131083,512
7641,249163079,512
7642,249195099,512
7643,249227485,512
7644,249259579,512
7645,249291736,512
7646,249323962,512
7647,249356076,512
7648,249388243,512
7649,249420395,512
7650,249452958,512
7651,249485106,512
7652,249517116,512
7653,249549170,512
7654,249581298,512
7655,249613331,512
7656,249645522,512
7657,249677552,512
7658,249709683,512
7659,249741790,512
7660,249773923,512
7661,249806022,512
7662,249840664,512
7663,249872865,512
7664,249904926,512
7665,249937004,512
7666,249969066,512
7667,250001702,512
7668,250033808,512
7669,250066268,512
7670,250098311,512
7671,250130465,512
7672,250162511,512
7673,250194683,512
7674,250226749,512
7675,250258822,512
7676,250290878,512
7677,250322969,512
7678,250355126,512
7679,250387136,512
7680,250419260,512
7681,250451351,512
7682,250483517,512
7683,250515555,512
7684,250547555,512
7685,250580181,512
7686,250614485,512
7687,250646902,512
7688,250679774,512
7689,250711926,512
7690,250744057,512
7691,250776245,512
7692,250808367,512
7693,250840441,512
7694,250872452,512
7695,250904549,512
7696,250936554,512
7697,250968715,512
7698,251000884,512
7699,251032895,512
7700,251064981,512
7701,251097158,512
7702,251129174,512
7703,251161313,512
7704,251193769,512
7705,251227991,512
7706,251260012,512
7707,251295057,512
7708,251328400,512
7709,251360576,512
7710,251394354,512
7711,251428689,512
7712,251461034,512
7713,251493187,512
7714,251525516,512
7715,251557619,512
7716,251589765,512
7717,251621808,512
7718,251653980,512
7719,251686136,512
7720,251718247,512
7721,251750280,512
7722,251782351,512
7723,251814441,512
7724,251846629,512
7725,251878834,512
7726,251911685,512
7727,251945768,512
7728,251978529,512
7729,252010837,512
7730,252043015,512
7731,252075118,512
7732,252107189,512
7733,252139335,512
7734,252171372,512
7735,252203464,512
7736,252235626,512
7737,252267698,512
7738,252299739,512
7739,252331820,512
7740,252363942,512
7741,252395992,512
7742,252428162,512
7743,252460325,512
7744,252492477,512
7745,252524798,512
7746,252556865,512
7747,252588951,512
7748,252620973,512
7749,252653162,512
7750,252685262,512
7751,252717414,512
7752,252749587,512
7753,252781658,512
7754,252813690,512
7755,252845782,512
7756,252877858,512
7757,252910037,512
7758,252942158,512
7759,252974168,512
7760,253006193,512
7761,253038307,512
7762,253070310,512
7763,253102373,512
7764,253134821,512
7765,253169161,512
7766,253202171,512
7767,253234215,512
7768,253266408,512
7769,253298497,512
7770,253330561,512
7771,253362761,512
7772,253394887,512
7773,253426998,512
7774,253459157,512
7775,253491267,512
7776,253523386,512
7777,253555577,512
7778,253587765,512
7779,253619874,512
7780,253652501,512
7781,253686296,512
7782,253718989,512
7783,253752175,512
7784,253784362,512
7785,253816480,512
7786,253853174,512
7787,253886979,512
7788,253919475,512
7789,253951709,512
7790,253983795,512
7791,254016090,512
7792,254048284,512
7794,254112418,512
7795,254144499,512
7796,254176611,512
7797,254208674,512
7798,254240806,512
7799,254272870,512
7800,254304986,512
7801,254337163,512
7802,254369610,512
7803,254401759,512
7804,254433922,512
7805,254466289,512
7806,254500956,512
7807,254533327,512
7808,254565519,512
7809,254597773,512
7810,254629970,512
7811,254662043,512
7812,254694188,512
7813,254726422,512
7814,254758581,512
7815,254790746,512
7816,254822921,512
7817,254855047,512
7818,254887063,512
7819,254919245,512
7820,254951380,512
7821,254985687,512
7822,255017751,512
7823,255050407,512
7824,255083970,512
7825,255118334,512
7826,255150862,512
7827,255185027,512
7828,255218376,512
7829,255250802,512
7830,255283073,512
7831,255315084,512
7832,255347449,512
7833,255379612,512
7834,255411788,512
7835,255443790,512
7836,255476094,512
7837,255508274,512
7838,255540338,512
7839,255572517,512
7840,255604575,512
7841,255636770,512
7842,255668877,512
7843,255701248,512
7844,255733412,512
7845,255765475,512
7846,255797804,512
7847,255831904,512
7848,255864446,512
7849,255896886,512
7850,255928969,512
7851,255961270,512
7852,255993371,512
7853,256025519,512
7854,256057586,512
7855,256089662,512
7856,256121839,512
7857,256153931,512
7858,256186024,512
7859,256218191,512
7860,256250230,512
7861,256282252,512
7862,256315107,512
7863,256349316,512
7864,256381991,512
7865,256415234,512
7866,256449910,512
7867,256482108,512
7868,256516704,512
7869,256549880,512
7870,256582391,512
7871,256614703,512
7872,256646755,512
7873,256679128,512
7874,256711275,512
7875,256743413,512
7876,256775481,512
7877,256807665,512
7878,256839764,512
7879,256871957,512
7880,256904032,512
7881,256936083,512
7882,256968260,512
7883,257000350,512
7884,257032469,512
7885,257064621,512
7886,257096771,512
7887,257129700,512
7888,257163418,512
7889,257195544,512
7890,257228195,512
7891,257260502,512
7892,257292532,512
7893,257324706,512
7894,257356727,512
7895,257388887,512
7896,257421265,512
7897,257453329,512
7898,257485411,512
7899,257517554,512
7900,257549737,512
7901,257581914,512
7902,257614021,512
7903,257646052,512
7904,257678189,512
7905,257710296,512
7906,257743166,512
7907,257777538,512
7908,257809638,512
7909,257841850,512
7910,257873988,512
7911,257906066,512
7912,257938187,512
7913,257970386,512
7914,258002580,512
7915,258034756,512
7916,258066855,512
7917,258098886,512
7918,258130902,512
7919,258163119,512
7920,258195133,512
7921,258227313,512
7922,258259450,512
7923,258291630,512
7924,258323813,512
7925,258355839,512
7926,258387886,512
7927,258419947,512
7928,258452118,512
7929,258484284,512
7930,258516413,512
7931,258548459,512
7932,258580516,512
7933,258612618,512
7934,258644731,512
7935,258676752,512
7936,258708872,512
7937,258741063,512
7938,258773069,512
7939,258805162,512
7940,258837277,512
7941,258870188,512
7942,258904305,512
7943,258936395,512
7944,258968802,512
7945,259001005,512
7946,259033126,512
7947,259065244,512
7948,259097430,512
7949,259129524,512
7950,259161560,512
7951,259193666,512
7952,259225670,512
7953,259257797,512
7954,259289981,512
7955,259322158,512
7956,259354334,512
7957,259387384,512
7958,259421737,512
7959,259453886,512
7960,259486890,512
7961,259518976,512
7962,259550996,512
7963,259583172,512
7964,259615197,512
7965,259647254,512
7966,259679346,512
7967,259711532,512
7968,259743638,512
7969,259775698,512
7970,259807888,512
7971,259839913,512
7972,259871938,512
7973,259904044,512
7974,259936051,512
7975,259968187,512
7976,260000706,512
7977,260035382,512
7978,260067499,512
7979,260100933,512
7980,260135299,512
7981,260167774,512
7982,260201228,512
7983,260235927,512
7984,260268265,512
7985,260300622,512
7986,260332641,512
7987,260364786,512
7988,260396945,512
7989,260429142,512
7990,260461154,512
7991,260493315,512
7992,260525416,512
7993,260557429,512
7994,260589619,512
7995,260621771,512
7996,260653779,512
7997,260685797,512
7998,260718523,512
7999,260750532,512
8000,260782532,512
8001,260814700,512
8002,260849360,512
8003,260881583,512
8004,260913807,512
8005,260945988,512
8006,260978343,512
8007,261010597,512
8008,261042621,512
8009,261074721,512
8010,261106734,512
8011,261138794,512
8012,261170908,512
8013,261203100,512
8014,261235226,512
8015,261267324,512
8016,261299499,512
8017,261332771,512
8018,261366761,512
8019,261398841,512
8020,261432028,512
8021,261464045,512
8022,261496158,512
8023,261528187,512
8024,261560261,512
8025,261592291,512
8026,261624356,512
8027,261656465,512
8028,261688516,512
8029,261720592,512
8030,261752640,512
8031,261784822,512
8032,261816870,512
8033,261848886,512
8034,261881063,512
8035,261913214,512
8036,261945322,512
8037,261977437,512
8038,262009503,512
8039,262041554,512
8040,262073636,512
8041,262105659,512
8042,262137774,512
8043,262169962,512
8044,262202151,512
8045,262234328,512
8046,262266398,512
8047,262298532,512
8048,262330532,512
8049,262362683,512
8050,262394877,512
8051,262426897,512
8052,262459319,512
8053,262493364,512
8054,262525759,512
8055,262558464,512
8056,262590586,512
8057,262622717,512
8058,262654902,512
8059,262687042,512
8060,262719151,512
8061,262751189,512
8062,262783276,512
8063,262815399,512
8064,262847431,512
8065,262879447,512
8066,262911507,512
8067,262943604,512
8068,262975654,512
8069,263007803,512
8070,263039822,512
8071,263072484,512
8072,263104621,512
8073,263136642,512
8074,263168662,512
8075,263200670,512
8076,263232724,512
8077,263264726,512
8078,263296834,512
8079,263328983,512
8080,263361086,512
8081,263393146,512
8082,263425309,512
8083,263457399,512
8084,263489424,512
8085,263521610,512
8086,263553781,512
8087,263585806,512
8088,263617881,512
8089,263649979,512
8090,263682884,512
8091,263716897,512
8092,263749296,512
8093,263781544,512
8094,263813555,512
8095,263845626,512
8096,263877778,512
8097,263909837,512
8098,263942068,512
8099,263974241,512
8100,264006418,512
8101,264038481,512
8102,264070669,512
8103,264102718,512
8104,264134897,512
8105,264167011,512
8106,264199815,512
8107,264234325,512
8108,264266482,512
8109,264299773,512
8110,264331836,512
8111,264363957,512
8112,264396072,512
8113,264428174,512
8114,264463265,512
8115,264495739,512
8117,264559793,512
8118,264591969,512
8119,264623981,512
8120,264656017,512
8121,264688063,512
8122,264720158,512
8123,264752216,512
8124,264784253,512
8125,264816405,512
8126,264848408,512
8127,264880580,512
8128,264913557,512
8129,264945551,512
8130,264980502,512
8131,265013944,512
8132,265048565,512
8133,265080622,512
8134,265112737,512
8135,265144820,512
8136,265177156,512
8137,265209162,512
8138,265241283,512
8139,265273738,512
8140,265305746,512
8141,265337773,512
8142,265369799,512
8143,265401846,512
8144,265433937,512
8145,265466115,512
8146,265498269,512
8147,265531128,512
8148,265563172,512
8149,265597798,512
8150,265631164,512
8151,265663308,512
8152,265695372,512
8153,265727406,512
8154,265759408,512
8155,265791448,512
8156,265823573,512
8157,265855683,512
8158,265887798,512
8159,265919964,512
8160,265952156,512
8161,265986811,512
8162,266018841,512
8163,266051160,512
8164,266083478,512
8165,266115735,512
8166,266148106,512
8167,266180127,512
8168,266212265,512
8169,266244546,512
8170,266276690,512
8171,266308884,512
8172,266341022,512
8173,266373029,512
8174,266405230,512
8175,266437360,512
8176,266469429,512
8177,266501498,512
8178,266533631,512
8179,266565783,512
8180,266597801,512
8181,266632473,512
8182,266664646,512
8183,266696948,512
8184,266729287,512
8185,266761448,512
8186,266793484,512
8187,266825568,512
8188,266859268,512
8189,266893270,512
8190,266925335,512
8191,266957610,512
8192,266989797,512
8193,267021839,512
8194,267053955,512
8195,267086299,512
8196,267118315,512
8197,267150323,512
8198,267182508,512
8199,267214695,512
8200,267246762,512
8201,267278970,512
8202,267311089,512
8203,267343110,512
8204,267375159,512
8205,267407285,512
8206,267439447,512
8207,267473337,512
8208,267507083,512
8209,267539279,512
8210,267571546,512
8211,267603751,512
8212,267635809,512
8213,267667984,512
8214,267700043,512
8215,267732242,512
8216,267764407,512
8217,267796606,512
8218,267828672,512
8219,267860726,512
8220,267892758,512
8221,267924823,512
8222,267956935,512
8223,267989085,512
8224,268021264,512
8225,268053422,512
8226,268086371,512
8227,268120549,512
8228,268152666,512
8229,268184814,512
8230,268217115,512
8231,268249300,512
8232,268281309,512
8233,268313396,512
8234,268345461,512
8235,268377603,512
8236,268409769,512
8237,268441810,512
8238,268473968,512
8239,268506011,512
8240,268538150,512
8241,268570252,512
8242,268603528,512
8243,268637989,512
8244,268670274,512
8245,268703366,512
8246,268735429,512
8247,268767522,512
8248,268799545,512
8249,268834215,512
8250,268866345,512
8251,268898833,512
8252,268931033,512
8253,268963257,512
8254,268995444,512
8255,269027598,512
8256,269059949,512
8257,269092023,512
8258,269124130,512
8259,269156249,512
8260,269188430,512
8261,269220571,512
8262,269252594,512
8263,269284786,512
8264,269316954,512
8265,269349007,512
8266,269381103,512
8267,269413182,512
8268,269445271,512
8269,269477290,512
8270,269509350,512
8271,269541518,512
8272,269573583,512
8273,269605691,512
8274,269640392,512
8275,269672650,512
8276,269704651,512
8277,269736668,512
8278,269768804,512
8279,269800890,512
8280,269833881,512
8281,269865964,512
8282,269898057,512
8283,269931509,512
8284,269965342,512
8285,269997345,512
8286,270031230,512
8287,270065503,512
8288,270097739,512
8289,270129873,512
8290,270161997,512
8291,270194174,512
8292,270226317,512
8293,270258543,512
8294,270290596,512
8295,270322681,512
8296,270354734,512
8297,270386977,512
8298,270419115,512
8299,270451176,512
8300,270483184,512
8301,270515215,512
8302,270548421,512
8303,270582681,512
8304,270615014,512
8305,270648196,512
8306,270680284,512
8307,270712388,512
8308,270744534,512
8309,270776739,512
8310,270808886,512
8311,270843959,512
8312,270876133,512
8313,270908285,512
8314,270940318,512
8315,270972651,512
8316,271004814,512
8317,271036864,512
8318,271069047,512
8319,271101227,512
8320,271133287,512
8321,271165299,512
8322,271197463,512
8323,271229588,512
8324,271262830,512
8325,271296549,512
8326,271328898,512
8327,271362570,512
8328,271396764,512
8329,271429046,512
8330,271461424,512
8331,271493591,512
8332,271525663,512
8333,271557750,512
8334,271589921,512
8335,271622192,512
8336,271654262,512
8337,271686446,512
8338,271718481,512
8339,271750651,512
8340,271782674,512
8341,271814875,512
8342,271847065,512
8343,271879693,512
8344,271913996,512
8345,271946458,512
8346,271980034,512
8347,272014270,512
8348,272046602,512
8349,272081451,512
8350,272114464,512
8351,272146944,512
8352,272179172,512
8353,272211221,512
8354,272243241,512
8355,272275387,512
8356,272307726,512
8357,272339888,512
8358,272371904,512
8359,272404041,512
8360,272436303,512
8361,272468391,512
8362,272500472,512
8363,272532528,512
8364,272564584,512
8365,272597042,512
8366,272629155,512
8367,272661290,512
8368,272693781,512
8369,272725881,512
8370,272760571,512
8371,272792765,512
8372,272825110,512
8373,272857308,512
8374,272889458,512
8375,272921471,512
8376,272953682,512
8377,272985826,512
8378,273017953,512
8379,273050017,512
8380,273082017,512
8381,273114120,512
8382,273146281,512
8383,273178352,512
8384,273210812,512
8385,273242889,512
8386,273275010,512
8387,273308141,512
8388,273341688,512
8389,273374045,512
8390,273406533,512
8391,273438686,512
8392,273470745,512
8393,273502898,512
8394,273535130,512
8395,273567161,512
8396,273599171,512
8397,273631346,512
8398,273663362,512
8399,273695700,512
8400,273727713,512
8401,273759796,512
8402,273791918,512
8403,273824479,512
8404,273856660,512
8405,273888778,512
8406,273920859,512
8407,273952966,512
8408,273985062,512
8409,274017148,512
8410,274049181,512
8411,274081313,512
8412,274113406,512
8413,274145600,512
8414,274177610,512
8415,274209796,512
8416,274241822,512
8417,274273934,512
8418,274306019,512
8419,274338099,512
8420,274372472,512
8421,274404981,512
8422,274438493,512
8423,274473341,512
8424,274505360,512
8425,274539602,512
8426,274573538,512
8427,274605721,512
8428,274639512,512
8429,274673864,512
8430,274706189,512
8431,274738395,512
8432,274770492,512
8433,274802516,512
8434,274834566,512
8435,274866732,512
8436,274898911,512
8437,274930985,512
8438,274963078,512
8439,274995250,512
8440,275027340,512
8441,275059392,512
8442,275091562,512
8443,275123737,512
8444,275156428,512
8445,275191516,512
8446,275223516,512
8447,275255798,512
8448,275287883,512
8449,275320010,512
8450,275352154,512
8451,275384154,512
8452,275416240,512
8454,275480373,512
8455,275512453,512
8456,275544545,512
8457,275576622,512
8458,275608763,512
8459,275640950,512
8460,275673058,512
8461,275705103,512
8462,275737276,512
8463,275769417,512
8464,275801473,512
8465,275833558,512
8466,275865569,512
8467,275897657,512
8468,275929834,512
8469,275961936,512
8470,275993960,512
8471,276026025,512
8472,276058059,512
8473,276090079,512
8474,276122137,512
8475,276154260,512
8476,276186285,512
8477,276218409,512
8478,276250427,512
8479,276283162,512
8480,276315213,512
8481,276347349,512
8482,276379936,512
8483,276414378,512
8484,276446602,512
8485,276478786,512
8486,276510857,512
8487,276542960,512
8488,276575235,512
8489,276607268,512
8490,276639433,512
8491,276671607,512
8492,276703759,512
8493,276735815,512
8494,276767981,512
8495,276800025,512
8496,276832040,512
8497,276864057,512
8498,276897002,512
8499,276931086,512
8500,276963681,512
8501,276997003,512
8502,277029019,512
8503,277061064,512
8504,277093177,512
8505,277125295,512
8506,277157482,512
8507,277192598,512
8508,277224776,512
8509,277256958,512
8510,277289042,512
8511,277321153,512
8512,277353250,512
8513,277385386,512
8514,277417396,512
8515,277449587,512
8516,277481663,512
8517,277513937,512
8518,277546131,512
8519,277578260,512
8520,277610852,512
8521,277645269,512
8522,277677969,512
8523,277711435,512
8524,277745549,512
8525,277777819,512
8526,277810157,512
8527,277842345,512
8528,277874463,512
8529,277906564,512
8530,277938579,512
8531,277970755,512
8532,278002958,512
8533,278035039,512
8534,278067058,512
8535,278099192,512
8536,278131368,512
8537,278163403,512
8538,278195635,512
8539,278228542,512
8540,278263143,512
8541,278295501,512
8542,278328360,512
8543,278360455,512
8544,278392630,512
8545,278424658,512
8546,278456839,512
8547,278488843,512
8548,278520895,512
8549,278552911,512
8550,278585083,512
8551,278617260,512
8552,278651972,512
8553,278684107,512
8554,278716241,512
8555,278748429,512
8556,278780861,512
8557,278812857,512
8558,278844977,512
8559,278877006,512
8560,278909150,512
8561,278942476,512
8562,278976460,512
8563,279008840,512
8564,279042313,512
8565,279074429,512
8566,279106487,512
8567,279138641,512
8568,279172937,512
8569,279205413,512
8570,279237677,512
8571,279270016,512
8572,279302378,512
8573,279334435,512
8574,279366509,512
8575,279398615,512
8576,279430772,512
8577,279463113,512
8578,279495166,512
8579,279527313,512
8580,279559947,512
8581,279594406,512
8582,279626527,512
8583,279659927,512
8584,279691951,512
8585,279724051,512
8586,279756121,512
8587,279788313,512
8588,279820335,512
8589,279852459,512
8590,279884460,512
8591,279916501,512
8592,279948562,512
8593,279980686,512
8594,280012731,512
8595,280044897,512
8596,280077041,512
8597,280109062,512
8598,280141101,512
8599,280173526,512
8600,280208048,512
8601,280240237,512
8602,280273917,512
8603,280308762,512
8604,280340952,512
8605,280374258,512
8606,280408792,512
8607,280441025,512
8608,280473355,512
8609,280505516,512
8610,280537717,512
8611,280569871,512
8612,280601962,512
8613,280634043,512
8614,280666128,512
8615,280698312,512
8616,280730334,512
8617,280762518,512
8618,280794562,512
8619,280826705,512
8620,280858790,512
8621,280891035,512
8622,280923109,512
8623,280955174,512
8624,280988100,512
8625,281021909,512
8626,281054392,512
8627,281086585,512
8628,281118889,512
8629,281151062,512
8630,281183256,512
8631,281215267,512
8632,281247547,512
8633,281279744,512
8634,281311946,512
8635,281344013,512
8636,281376117,512
8637,281408139,512
8638,281440320,512
8639,281472473,512
8640,281504567,512
8641,281536579,512
8642,281568629,512
8643,281600716,512
8644,281632833,512
8645,281664914,512
8646,281697102,512
8647,281729165,512
8648,281761337,512
8649,281793448,512
8650,281825573,512
8651,281857712,512
8652,281889768,512
8653,281921846,512
8654,281954022,512
8655,281986092,512
8656,282020622,512
8657,282053231,512
8658,282085364,512
8659,282118518,512
8660,282153148,512
8661,282185181,512
8662,282219250,512
8663,282253415,512
8664,282285540,512
8665,282319744,512
8666,282353658,512
8667,282385814,512
8668,282418020,512
8669,282450322,512
8670,282482460,512
8671,282514633,512
8672,282546839,512
8673,282578874,512
8674,282610942,512
8675,282643214,512
8676,282675265,512
8677,282707298,512
8678,282739423,512
8679,282771582,512
8680,282803779,512
8681,282836389,512
8682,282870994,512
8683,282903138,512
8684,282935851,512
8685,282967960,512
8686,282999994,512
8687,283032213,512
8688,283064326,512
8689,283096519,512
8690,283128696,512
8691,283160858,512
8692,283193057,512
8693,283225112,512
8694,283257137,512
8695,283289269,512
8696,283321332,512
8697,283353381,512
8698,283385516,512
8699,283417655,512
8700,283449843,512
8701,283481952,512
8702,283514007,512
8703,283546164,512
8704,283578229,512
8705,283610349,512
8706,283642413,512
8707,283674459,512
8708,283706459,512
8709,283738518,512
8710,283770645,512
8711,283802658,512
8712,283834815,512
8713,283866946,512
8714,283899082,512
8715,283931227,512
8716,283963237,512
8717,283995318,512
8718,284027399,512
8719,284059539,512
8720,284091562,512
8721,284123637,512
8722,284155704,512
8723,284187746,512
8724,284219821,512
8725,284251844,512
8726,284283958,512
8727,284316040,512
8728,284348236,512
8729,284380348,512
8730,284412459,512
8731,284444460,512
8732,284476635,512
8733,284508745,512
8734,284543419,512
8735,284577003,512
8736,284611639,512
8737,284644221,512
8738,284676575,512
8739,284708767,512
8740,284740796,512
8741,284772806,512
8742,284804939,512
8743,284837058,512
8744,284869250,512
8745,284901425,512
8746,284933487,512
8747,284965487,512
8748,284997516,512
8749,285029547,512
8750,285061690,512
8751,285093787,512
8752,285125882,512
8753,285157984,512
8754,285190135,512
8755,285222231,512
8756,285254333,512
8757,285286479,512
8758,285318611,512
8759,285350658,512
8760,285382721,512
8761,285414810,512
8762,285447001,512
8763,285479100,512
8764,285511299,512
8765,285543378,512
8766,285575520,512
8767,285610157,512
8768,285642263,512
8769,285674328,512
8770,285707098,512
8771,285739383,512
8772,285771470,512
8773,285803673,512
8774,285835782,512
8775,285867918,512
8776,285900049,512
8777,285932178,512
8778,285964372,512
8779,285996475,512
8780,286028509,512
8781,286060646,512
8782,286092712,512
8783,286124869,512
8784,286156902,512
8785,286189033,512
8786,286221115,512
8787,286253194,512
8788,286285234,512
8789,286317826,512
8790,286352148,512
8791,286384366,512
8792,286417935,512
8793,286452525,512
8794,286484548,512
8795,286518213,512
8796,286552813,512
8797,286584849,512
8798,286616914,512
8799,286648953,512
8800,286681035,512
8801,286713055,512
8802,286745384,512
8803,286777600,512
8804,286809928,512
8805,286842072,512
8806,286874073,512
8807,286906193,512
8808,286938399,512
8809,286970482,512
8810,287002548,512
8811,287035141,512
8812,287067194,512
8813,287099215,512
8814,287131911,512
8815,287166317,512
8816,287198341,512
8817,287230594,512
8818,287262610,512
8819,287294786,512
8820,287326914,512
8821,287359218,512
8822,287391283,512
8823,287423385,512
8824,287455547,512
8825,287487703,512
8826,287519788,512
8827,287551960,512
8828,287584047,512
8829,287616217,512
8830,287649172,512
8831,287683940,512
8832,287716225,512
8833,287748885,512
8834,287781029,512
8835,287813059,512
8836,287845068,512
8837,287877092,512
8838,287909287,512
8839,287941467,512
8840,287973556,512
8841,288005663,512
8842,288037757,512
8843,288069887,512
8844,288102080,512
8845,288134167,512
8846,288166217,512
8847,288198296,512
8848,288230379,512
8849,288262638,512
8850,288297534,512
8851,288329793,512
8852,288363828,512
8853,288397061,512
8854,288429576,512
8855,288463536,512
8856,288497846,512
8857,288530184,512
8858,288562448,512
8859,288594452,512
8860,288626622,512
8861,288658772,512
8862,288690926,512
8863,288722958,512
8864,288754984,512
8865,288787136,512
8866,288819213,512
8867,288851275,512
8868,288883303,512
8869,288915345,512
8870,288947641,512
8871,288980877,512
8872,289014873,512
8873,289047283,512
8874,289080228,512
8875,289112355,512
8876,289144490,512
8877,289176497,512
8878,289208532,512
8879,289240697,512
8880,289272757,512
8881,289304914,512
8882,289337075,512
8883,289369230,512
8884,289401355,512
8885,289433383,512
8886,289465489,512
8887,289497681,512
8888,289529825,512
8889,289561859,512
8890,289594075,512
8891,289628762,512
8892,289660865,512
8893,289694480,512
8894,289729099,512
8895,289761128,512
8896,289794927,512
8897,289829265,512
8898,289861700,512
8899,289894056,512
8900,289926119,512
8901,289958189,512
8902,289990238,512
8903,290022404,512
8904,290054551,512
8905,290086626,512
8906,290118645,512
8907,290150749,512
8908,290182903,512
8909,290215094,512
8910,290247217,512
8911,290279314,512
8912,290311911,512
8913,290346642,512
8914,290378879,512
8915,290411913,512
8916,290443979,512
8917,290476158,512
8918,290508254,512
8919,290540310,512
8920,290572413,512
8921,290604550,512
8922,290636670,512
8923,290668859,512
8924,290703878,512
8925,290736245,512
8926,290768276,512
8927,290800300,512
8928,290832438,512
8929,290864626,512
8930,290896740,512
8931,290929067,512
8932,290961153,512
8933,290993221,512
8934,291025686,512
8935,291057749,512
8936,291089785,512
8937,291121804,512
8938,291153820,512
8939,291185966,512
8940,291218075,512
8941,291250153,512
8942,291282190,512
8943,291314213,512
8944,291346322,512
8945,291378362,512
8946,291410406,512
8947,291442533,512
8948,291474657,512
8949,291506683,512
8950,291539304,512
8951,291573993,512
8952,291606399,512
8953,291640072,512
8954,291674120,512
8955,291706313,512
8956,291738814,512
8957,291770816,512
8958,291802959,512
8959,291835043,512
8960,291867160,512
8961,291899401,512
8962,291931483,512
8963,291963592,512
8964,291995737,512
8965,292027886,512
8966,292059989,512
8967,292092167,512
8968,292124177,512
8969,292156386,512
8970,292188515,512
8971,292220545,512
8972,292253864,512
8973,292287380,512
8974,292319868,512
8975,292351966,512
8976,292384145,512
8977,292416388,512
8978,292448726,512
8979,292480790,512
8980,292512997,512
8981,292545141,512
8982,292577238,512
8983,292609324,512
8984,292641464,512
8985,292673572,512
8986,292705922,512
8987,292737962,512
8988,292770086,512
8989,292802251,512
8990,292834318,512
8991,292867191,512
8992,292901366,512
8993,292933540,512
8994,292965721,512
8995,292998199,512
8996,293030372,512
8997,293062569,512
8998,293094763,512
8999,293126881,512
9000,293158931,512
9001,293191077,512
9002,293223217,512
9003,293255232,512
9004,293287274,512
9005,293319458,512
9006,293351510,512
9007,293384257,512
9008,293418765,512
9009,293450813,512
9010,293484141,512
9011,293516194,512
9012,293548274,512
9013,293580371,512
9014,293612371,512
9015,293644469,512
9016,293676634,512
9017,293708712,512
9018,293740733,512
9019,293772863,512
9020,293804975,512
9021,293837030,512
9022,293869032,512
9023,293901142,512
9024,293933253,512
9025,293965436,512
9026,293997853,512
9027,294032389,512
9028,294064453,512
9029,294097708,512
9030,294129739,512
9031,294161833,512
9032,294194019,512
9033,294226032,512
9034,294258057,512
9035,294290127,512
9036,294322251,512
9037,294354395,512
9038,294386553,512
9039,294418633,512
9040,294450659,512
9041,294482695,512
9042,294514733,512
9043,294546750,512
9044,294578842,512
9045,294611164,512
9046,294643310,512
9047,294678025,512
9048,294712098,512
9049,294745867,512
9050,294778300,512
9051,294812367,512
9052,294846121,512
9053,294878543,512
9054,294910782,512
9055,294942786,512
9056,294975140,512
9057,295007425,512
9058,295039625,512
9059,295071663,512
9060,295103739,512
9061,295136016,512
9062,295168182,512
9063,295200221,512
9064,295232323,512
9065,295264434,512
9066,295296491,512
9067,295329326,512
9068,295363907,512
9069,295396018,512
9070,295428995,512
9071,295461121,512
9072,295493121,512
9073,295525280,512
9074,295557409,512
9075,295589548,512
9076,295621608,512
9077,295653787,512
9078,295685898,512
9079,295717965,512
9080,295749992,512
9081,295782174,512
9082,295814350,512
9083,295849035,512
9084,295881268,512
9085,295913303,512
9086,295945693,512
9087,295977992,512
9088,296010127,512
9089,296042872,512
9090,296074957,512
9091,296107009,512
9092,296139192,512
9093,296171198,512
9094,296203286,512
9095,296235371,512
9096,296267550,512
9097,296299571,512
9098,296331609,512
9099,296363738,512
9100,296395859,512
9101,296427992,512
9102,296460045,512
9103,296492076,512
9104,296524123,512
9105,296556524,512
9106,296590664,512
9107,296623083,512
9108,296657681,512
9109,296691328,512
9110,296723490,512
9111,296755879,512
9112,296787996,512
9113,296820141,512
9114,296852278,512
9115,296884383,512
9116,296916539,512
9117,296948669,512
9118,296980755,512
9119,297012902,512
9120,297044987,512
9121,297077000,512
9122,297109182,512
9123,297141291,512
9124,297173411,512
9125,297205484,512
9126,297237487,512
9127,297270899,512
9128,297305442,512
9129,297337470,512
9130,297369497,512
9131,297401569,512
9132,297433647,512
9133,297465774,512
9134,297497784,512
9135,297530111,512
9136,297562320,512
9137,297594468,512
9138,297626547,512
9139,297658630,512
9140,297690675,512
9141,297722727,512
9142,297754776,512
9143,297787092,512
9144,297819129,512
9145,297851188,512
9146,297884431,512
9147,297918111,512
9148,297950717,512
9149,297982947,512
9150,298015130,512
9151,298047270,512
9152,298079296,512
9153,298111519,512
9154,298143725,512
9155,298175924,512
9156,298207937,512
9157,298240113,512
9158,298272181,512
9159,298304182,512
9160,298336214,512
9161,298368375,512
9162,298401180,512
9163,298435831,512
9164,298467897,512
9165,298501511,512
9166,298536378,512
9167,298568861,512
9168,298603093,512
9169,298636595,512
9170,298668962,512
9171,298701069,512
9172,298733268,512
9173,298765292,512
9174,298797484,512
9175,298829507,512
9176,298861510,512
9177,298894729,512
9178,298929218,512
9179,298961471,512
9180,298993788,512
9181,299025842,512
9182,299057850,512
9183,299090116,512
9184,299122172,512
9185,299154359,512
9186,299186655,512
9187,299219729,512
9188,299254310,512
9189,299286496,512
9190,299320215,512
9191,299354500,512
9192,299386753,512
9193,299420297,512
9194,299454622,512
9195,299486789,512
9196,299518820,512
9197,299550886,512
9198,299582981,512
9199,299614997,512
9200,299647051,512
9201,299679119,512
9202,299711214,512
9203,299743374,512
9204,299775421,512
9205,299807453,512
9206,299839473,512
9207,299871858,512
9208,299904123,512
9209,299937505,512
9210,299972000,512
9211,300004327,512
9212,300037253,512
9213,300069289,512
9214,300101348,512
9215,300133424,512
9216,300165520,512
9217,300197680,512
9218,300229841,512
9219,300261978,512
9220,300294163,512
9221,300328845,512
9222,300360870,512
9223,300392995,512
9224,300425177,512
9225,300457300,512
9226,300489582,512
9227,300521658,512
9228,300553947,512
9229,300586049,512
9230,300618221,512
9231,300651429,512
9232,300685471,512
9233,300717856,512
9234,300751648,512
9235,300786532,512
9236,300818729,512
9237,300851034,512
9238,300883104,512
9239,300915120,512
9240,300947309,512
9241,300979346,512
9242,301011420,512
9243,301043464,512
9244,301075521,512
9245,301107716,512
9246,301139881,512
9247,301171992,512
9248,301204042,512
9249,301236266,512
9250,301268657,512
9251,301300791,512
9252,301332887,512
9253,301365717,512
9254,301400092,512
9255,301432312,512
9256,301464387,512
9257,301496534,512
9258,301528638,512
9259,301560720,512
9260,301592809,512
9261,301624946,512
9262,301657008,512
9263,301689178,512
9264,301721216,512
9265,301753254,512
9266,301785346,512
9267,301817500,512
9268,301849596,512
9269,301882570,512
9270,301917029,512
9271,301949196,512
9272,301982906,512
9273,302017272,512
9274,302049272,512
9275,302083034,512
9276,302117543,512
9277,302149751,512
9278,302182046,512
9279,302214387,512
9280,302246554,512
9281,302278625,512
9282,302310722,512
9283,302342830,512
9284,302374894,512
9285,302407035,512
9286,302439221,512
9287,302471353,512
9288,302503406,512
9289,302535455,512
9290,302567604,512
9291,302600402,512
9292,302634924,512
9293,302667291,512
9294,302700536,512
9295,302735266,512
9296,302767328,512
9297,302801729,512
9298,302835738,512
9299,302868053,512
9300,302900141,512
9301,302932147,512
9302,302964262,512
9303,302996397,512
9304,303028518,512
9305,303060537,512
9306,303092540,512
9307,303124703,512
9308,303156825,512
9309,303188835,512
9310,303220992,512
9311,303253186,512
9312,303285274,512
9313,303317327,512
9314,303349532,512
9315,303381545,512
9316,303415418,512
9317,303449030,512
9318,303481064,512
9319,303513321,512
9320,303545365,512
9321,303577769,512
9322,303610059,512
9323,303642260,512
9324,303674440,512
9325,303706627,512
9326,303738697,512
9327,303770823,512
9328,303802974,512
9329,303835035,512
9330,303867099,512
9331,303899276,512
9332,303931387,512
9333,303963577,512
9334,303995771,512
9335,304028488,512
9336,304062670,512
9337,304094886,512
9338,304127320,512
9339,304159398,512
9340,304191530,512
9341,304223535,512
9342,304255765,512
9343,304287894,512
9344,304319941,512
9345,304352132,512
9346,304384221,512
9347,304416311,512
9348,304448344,512
9349,304480355,512
9350,304512386,512
9351,304545714,512
9352,304580128,512
9353,304612305,512
9354,304645140,512
9355,304677242,512
9356,304709371,512
9357,304741554,512
9358,304773642,512
9359,304805827,512
9360,304838008,512
9361,304870104,512
9362,304902229,512
9363,304934245,512
9364,304966378,512
9365,304998399,512
9366,305030562,512
9367,305062633,512
9368,305094680,512
9369,305126690,512
9370,305158901,512
9371,305190982,512
9372,305222999,512
9373,305255174,512
9374,305287296,512
9375,305319312,512
9376,305351452,512
9377,305386141,512
9378,305418220,512
9379,305450578,512
9380,305482946,512
9381,305514960,512
9382,305547094,512
9383,305579122,512
9384,305611322,512
9385,305643664,512
9386,305675819,512
9387,305707963,512
9388,305740147,512
9389,305772186,512
9390,305804340,512
9391,305836420,512
9392,305868588,512
9393,305900671,512
9394,305932807,512
9395,305964940,512
9396,305996974,512
9397,306028981,512
9398,306061131,512
9399,306093275,512
9400,306125363,512
9401,306157459,512
9402,306189565,512
9403,306221676,512
9404,306253751,512
9405,306286424,512
9406,306320857,512
9407,306353162,512
9408,306386317,512
9409,306420934,512
9410,306452982,512
9411,306487716,512
9412,306521127,512
9413,306553325,512
9414,306585395,512
9415,306617439,512
9416,306649460,512
9417,306681606,512
9418,306713652,512
9419,306745898,512
9420,306778305,512
9421,306810371,512
9422,306842598,512
9423,306874727,512
9424,306906770,512
9425,306938967,512
9426,306971146,512
9427,307003288,512
9428,307035469,512
9429,307067683,512
9430,307100328,512
9431,307134849,512
9432,307167161,512
9433,307199532,512
9434,307231548,512
9435,307263619,512
9436,307295812,512
9437,307327853,512
9438,307360099,512
9439,307392269,512
9440,307424594,512
9441,307456776,512
9442,307488825,512
9443,307520935,512
9444,307552943,512
9445,307585058,512
9446,307617544,512
9447,307652083,512
9448,307684341,512
9449,307716860,512
9451,307781181,512
9452,307813290,512
9453,307845456,512
9454,307877547,512
9455,307909577,512
9456,307941613,512
9457,307973743,512
9458,308005896,512
9459,308037992,512
9460,308070119,512
9461,308102168,512
9462,308134269,512
9463,308166410,512
9464,308198469,512
9465,308231054,512
9466,308263071,512
9467,308295196,512
9468,308331305,512
9469,308365738,512
9470,308398520,512
9471,308432046,512
9472,308465842,512
9473,308498374,512
9474,308530469,512
9475,308562664,512
9476,308594673,512
9477,308627179,512
9478,308659325,512
9479,308691485,512
9480,308723689,512
9481,308755784,512
9482,308787785,512
9483,308819851,512
9484,308851939,512
9485,308883931,512
9486,308916062,512
9487,308948722,512
9488,308980815,512
9489,309012820,512
9490,309045625,512
9491,309079923,512
9492,309111960,512
9493,309144199,512
9494,309176313,512
9495,309208582,512
9496,309240803,512
9497,309272893,512
9498,309305036,512
9499,309337164,512
9500,309369290,512
9501,309401310,512
9502,309433442,512
9503,309465540,512
9504,309497622,512
9505,309529706,512
9506,309563583,512
9507,309596960,512
9508,309629229,512
9509,309662452,512
9510,309694599,512
9511,309726763,512
9512,309758784,512
9513,309790927,512
9514,309822982,512
9515,309855151,512
9516,309887347,512
9517,309919494,512
9518,309951579,512
9519,309986237,512
9520,310018499,512
9521,310050661,512
9522,310082976,512
9523,310115336,512
9524,310147425,512
9525,310179594,512
9526,310211607,512
9527,310243663,512
9528,310277188,512
9529,310310692,512
9530,310343172,512
9531,310376907,512
9532,310411060,512
9533,310443693,512
9534,310475796,512
9536,310540550,512
9537,310572635,512
9538,310604674,512
9539,310636740,512
9540,310668895,512
9541,310701008,512
9542,310733152,512
9543,310765284,512
9544,310797466,512
9545,310829575,512
9546,310861752,512
9547,310894051,512
9548,310926067,512
9549,310958090,512
9550,310990268,512
9551,311022377,512
9552,311056866,512
9553,311089361,512
9554,311121469,512
9555,311153787,512
9556,311185931,512
9557,311218052,512
9558,311250213,512
9559,311282360,512
9560,311314461,512
9561,311346611,512
9562,311378691,512
9563,311410796,512
9564,311442823,512
9565,311474891,512
9566,311507542,512
9567,311539700,512
9568,311571750,512
9569,311603773,512
9570,311635822,512
9571,311668018,512
9572,311700163,512
9573,311734562,512
9574,311766894,512
9575,311799134,512
9576,311831147,512
9577,311863605,512
9578,311895746,512
9579,311927938,512
9580,311960225,512
9581,311992237,512
9582,312024442,512
9583,312056554,512
9584,312088639,512
9585,312121413,512
9586,312156169,512
9587,312188260,512
9588,312222414,512
9589,312256697,512
9590,312288791,512
9591,312320875,512
9592,312352891,512
9593,312384997,512
9594,312417227,512
9595,312449434,512
9596,312481476,512
9597,312513588,512
9598,312545641,512
9599,312577783,512
9600,312609969,512
9601,312642149,512
9602,312674201,512
9603,312706325,512
9604,312738516,512
9605,312770637,512
9606,312802784,512
9607,312835321,512
9608,312869915,512
9609,312902058,512
9610,312934249,512
9611,312966547,512
9612,312998743,512
9613,313030834,512
9614,313062923,512
9615,313095016,512
9616,313127139,512
9617,313159167,512
9618,313191258,512
9619,313223311,512
9620,313255427,512
9621,313287613,512
9622,313319670,512
9623,313352015,512
9624,313384047,512
9625,313416112,512
9626,313448756,512
9627,313483443,512
9628,313515706,512
9629,313547938,512
9630,313580116,512
9631,313612260,512
9632,313644355,512
9633,313676382,512
9634,313708440,512
9635,313740571,512
9636,313772686,512
9637,313804872,512
9638,313837018,512
9639,313869032,512
9640,313901172,512
9641,313933340,512
9642,313966267,512
9643,314001340,512
9644,314033398,512
9645,314065825,512
9646,314097913,512
9647,314129983,512
9648,314162049,512
9649,314194133,512
9650,314226254,512
9651,314258281,512
9652,314290459,512
9653,314322557,512
9654,314354635,512
9655,314386801,512
9656,314418870,512
9657,314451023,512
9658,314483178,512
9659,314515234,512
9660,314547285,512
9661,314579667,512
9662,314611758,512
9663,314643894,512
9664,314675982,512
9665,314710875,512
9666,314743254,512
9667,314775252,512
9668,314807372,512
9669,314839478,512
9670,314871599,512
9671,314903756,512
9672,314935758,512
9673,314967862,512
9674,315000027,512
9675,315032073,512
9676,315064301,512
9677,315096489,512
9678,315128644,512
9679,315160698,512
9680,315193544,512
9681,315227706,512
9682,315260317,512
9683,315294706,512
9684,315328337,512
9685,315360370,512
9686,315394347,512
9687,315428833,512
9688,315461133,512
9689,315493308,512
9690,315525473,512
9691,315557602,512
9692,315589778,512
9693,315621845,512
9694,315654026,512
9695,315686044,512
9696,315718168,512
9697,315750333,512
9698,315782516,512
9699,315814610,512
9700,315846785,512
9701,315878819,512
9702,315911658,512
9703,315945936,512
9704,315978155,512
9705,316011971,512
9706,316046005,512
9707,316078369,512
9708,316112602,512
9709,316146048,512
9710,316178610,512
9711,316210697,512
9712,316242927,512
9713,316275293,512
9714,316307481,512
9715,316339573,512
9716,316371725,512
9717,316403845,512
9718,316435869,512
9719,316468085,512
9720,316500170,512
9721,316532236,512
9722,316564422,512
9723,316596572,512
9724,316628762,512
9725,316660888,512
9726,316693022,512
9727,316725952,512
9728,316759631,512
9729,316792164,512
9730,316824409,512
9731,316856573,512
9732,316888805,512
9733,316921031,512
9734,316953101,512
9735,316985213,512
9736,317017252,512
9737,317049434,512
9738,317081443,512
9739,317113652,512
9740,317145646,512
9741,317177704,512
9742,317209744,512
9743,317242168,512
9744,317274179,512
9745,317306349,512
9746,317338529,512
9747,317370670,512
9748,317402687,512
9749,317434748,512
9750,317466760,512
9751,317498884,512
9752,317530931,512
9753,317563056,512
9754,317595094,512
9755,317627221,512
9756,317659265,512
9757,317691275,512
9758,317723358,512
9759,317755364,512
9760,317787422,512
9761,317819519,512
9762,317853094,512
9763,317886894,512
9764,317919273,512
9765,317951367,512
9766,317983586,512
9767,318015929,512
9768,318048142,512
9769,318080237,512
9770,318112329,512
9771,318144527,512
9772,318176544,512
9773,318208545,512
9774,318240713,512
9775,318272727,512
9776,318304892,512
9777,318336990,512
9778,318369374,512
9779,318401438,512
9780,318433437,512
9781,318466503,512
9782,318500784,512
9783,318532866,512
9784,318565119,512
9785,318597440,512
9786,318629626,512
9787,318661789,512
9788,318693986,512
9789,318726174,512
9790,318758273,512
9791,318790334,512
9792,318822485,512
9793,318854683,512
9794,318886756,512
9795,318918756,512
9796,318950757,512
9797,318983519,512
9798,319017800,512
9799,319050213,512
9800,319083249,512
9801,319115286,512
9802,319147356,512
9803,319179398,512
9804,319211487,512
9805,319243505,512
9806,319275672,512
9807,319307672,512
9808,319339732,512
9809,319371749,512
9810,319403827,512
9811,319435860,512
9812,319467865,512
9813,319499926,512
9814,319531982,512
9815,319564133,512
9816,319597044,512
9817,319631495,512
9818,319663871,512
9819,319698101,512
9820,319731704,512
9821,319764107,512
9822,319798105,512
9823,319832228,512
9824,319864316,512
9825,319896515,512
9826,319928892,512
9827,319961115,512
9828,319993135,512
9829,320025323,512
9830,320057522,512
9831,320089601,512
9832,320121743,512
9833,320153854,512
9834,320185990,512
9835,320218112,512
9836,320250228,512
9837,320282311,512
9838,320314926,512
9839,320346932,512
9840,320378935,512
9841,320410964,512
9842,320443152,512
9843,320475213,512
9844,320507265,512
9845,320539406,512
9846,320571573,512
9847,320603575,512
9848,320635711,512
9849,320667771,512
9850,320702539,512
9851,320734554,512
9852,320766768,512
9853,320799110,512
9854,320831316,512
9855,320863490,512
9856,320895552,512
9857,320928313,512
9858,320960459,512
9859,320992557,512
9860,321024672,512
9861,321056851,512
9862,321091449,512
9863,321123955,512
9864,321156031,512
9865,321188256,512
9866,321220364,512
9867,321252532,512
9868,321284705,512
9869,321316852,512
9870,321349043,512
9871,321381084,512
9872,321413213,512
9873,321445320,512
9874,321477461,512
9875,321509659,512
9876,321542220,512
9877,321576664,512
9878,321608849,512
9879,321643213,512
9880,321677065,512
9881,321709299,512
9882,321741398,512
9883,321773435,512
9884,321805459,512
9885,321837571,512
9886,321869673,512
9887,321901693,512
9888,321933867,512
9889,321965874,512
9890,321997969,512
9891,322030308,512
9892,322062374,512
9893,322094371,512
9894,322126726,512
9895,322158906,512
9896,322190943,512
9897,322223023,512
9898,322257329,512
9899,322290782,512
9900,322322839,512
9901,322355054,512
9902,322387163,512
9903,322419618,512
9904,322451683,512
9905,322483684,512
9906,322515764,512
9907,322547875,512
9908,322580233,512
9909,322612317,512
9910,322644466,512
9911,322676607,512
9912,322708648,512
9913,322740847,512
9914,322772949,512
9915,322805090,512
9916,322837110,512
9917,322869538,512
9918,322901562,512
9919,322933712,512
9920,322965877,512
9921,323000585,512
9922,323032762,512
9923,323065099,512
9924,323097397,512
9925,323129532,512
9926,323161695,512
9927,323193882,512
9928,323225901,512
9929,323257990,512
9930,323290054,512
9931,323322128,512
9932,323354146,512
9933,323387339,512
9934,323421479,512
9935,323453887,512
9936,323486724,512
9937,323518921,512
9938,323551008,512
9939,323583032,512
9940,323615199,512
9941,323647350,512
9942,323679430,512
9943,323711632,512
9944,323743634,512
9945,323775820,512
9946,323807962,512
9947,323840067,512
9948,323872083,512
9949,323904107,512
9950,323936135,512
9951,323968135,512
9952,324000836,512
9953,324034905,512
9954,324067335,512
9955,324100813,512
9956,324132845,512
9957,324164951,512
9958,324197106,512
9959,324232187,512
9960,324264235,512
9961,324296488,512
9962,324328555,512
9963,324360822,512
9964,324392914,512
9965,324425060,512
9966,324457120,512
9967,324489187,512
9968,324521267,512
9969,324553516,512
9970,324585557,512
9971,324617772,512
9972,324649867,512
9973,324681887,512
9974,324715661,512
9975,324748871,512
9976,324781292,512
9977,324815332,512
9978,324849286,512
9979,324881492,512
9980,324913809,512
9981,324945826,512
9982,324978306,512
9983,325010358,512
9984,325042491,512
9985,325074621,512
9986,325106794,512
9987,325138854,512
9988,325171033,512
9989,325203129,512
9990,325235213,512
9991,325267221,512
9992,325299387,512
9993,325332324,512
9994,325366494,512
9995,325398911,512
9996,325432284,512
9997,325464379,512
9998,325496532,512
9999,325533276,512
10000,325567503,512
10001,325599649,512
10002,325631671,512
10003,325663723,512
10004,325695760,512
10005,325727797,512
10006,325760123,512
10007,325792141,512
10008,325824487,512
10009,325856525,512
10010,325888601,512
10011,325920846,512
10012,325952861,512
10013,325985130,512
10014,326017221,512
10015,326049923,512
10016,326082058,512
10017,326114213,512
10018,326146818,512
10019,326180779,512
10020,326213553,512
10021,326245715,512
10022,326277808,512
10023,326309943,512
10024,326342061,512
10025,326374184,512
10026,326406272,512
10027,326438433,512
10028,326470483,512
10029,326502540,512
10030,326534552,512
10031,326566593,512
10032,326598750,512
10033,326630750,512
10034,326663871,512
10035,326698389,512
10036,326730684,512
10037,326763487,512
10038,326795664,512
10039,326827702,512
10040,326859844,512
10041,326891872,512
10042,326923974,512
10043,326956167,512
10044,326988221,512
10045,327020373,512
10046,327052422,512
10047,327084468,512
10048,327116614,512
10049,327148723,512
10050,327180763,512
10051,327212883,512
10052,327245042,512
10053,327277268,512
10054,327311714,512
10055,327344021,512
10056,327377716,512
10057,327411867,512
10058,327444382,512
10059,327478061,512
10060,327512520,512
10061,327544678,512
10062,327577089,512
10063,327609234,512
10064,327641438,512
10065,327673519,512
10066,327705644,512
10067,327737722,512
10068,327770007,512
10069,327802026,512
10070,327834119,512
10071,327866241,512
10072,327898329,512
10073,327930473,512
10074,327962627,512
10075,327995022,512
10076,328027131,512
10077,328059167,512
10078,328091547,512
10079,328126162,512
10080,328158501,512
10081,328190731,512
10082,328222875,512
10083,328255044,512
10084,328287051,512
10085,328319213,512
10086,328351335,512
10087,328383350,512
10088,328415503,512
10089,328447554,512
10090,328479639,512
10091,328511844,512
10092,328544021,512
10093,328576093,512
10094,328609697,512
10095,328643239,512
10096,328675518,512
10097,328708813,512
10098,328740897,512
10099,328772978,512
10100,328805047,512
10101,328837103,512
10102,328869236,512
10103,328901268,512
10104,328933418,512
10105,328965579,512
10106,328997749,512
10107,329029831,512
10108,329061911,512
10109,329093982,512
10110,329126154,512
10111,329161306,512
10112,329193514,512
10113,329225658,512
10114,329257658,512
10115,329289732,512
10116,329323219,512
10117,329357213,512
10118,329389750,512
10119,329423484,512
10120,329457639,512
10121,329489836,512
10122,329521967,512
10123,329554157,512
10124,329586520,512
10125,329618685,512
10126,329650714,512
10127,329682852,512
10128,329714860,512
10129,329746950,512
10130,329779115,512
10131,329811245,512
10132,329843405,512
10133,329875627,512
10134,329907722,512
10135,329940227,512
10136,329972313,512
10137,330004381,512
10138,330036580,512
10139,330070924,512
10140,330103408,512
10141,330135650,512
10142,330167997,512
10143,330200250,512
10144,330232420,512
10145,330264600,512
10146,330296732,512
10147,330328900,512
10148,330361097,512
10149,330393173,512
10150,330425284,512
10151,330457391,512
10152,330489459,512
10153,330521490,512
10154,330554254,512
10155,330588413,512
10156,330620631,512
10157,330654369,512
10158,330688874,512
10159,330720996,512
10160,330754637,512
10161,330789817,512
10162,330821916,512
10163,330853990,512
10164,330886076,512
10165,330918234,512
10166,330950260,512
10167,330982437,512
10168,331014453,512
10169,331046482,512
10170,331078562,512
10171,331110663,512
10172,331142703,512
10173,331174894,512
10174,331207016,512
10175,331239076,512
10176,331271816,512
10177,331306525,512
10178,331338659,512
10179,331372453,512
10180,331406450,512
10181,331438993,512
10182,331473475,512
10183,331506768,512
10184,331539168,512
10185,331571256,512
10186,331603391,512
10187,331635507,512
10188,331667575,512
10189,331699875,512
10190,331731968,512
10191,331764319,512
10192,331796433,512
10193,331828489,512
10194,331860529,512
10195,331892592,512
10196,331924720,512
10197,331956878,512
10198,331988923,512
10199,332020980,512
10200,332053314,512
10201,332085683,512
10202,332117883,512
10203,332150057,512
10204,332182121,512
10205,332214122,512
10206,332246288,512
10207,332278407,512
10208,332310450,512
10209,332342562,512
10210,332374585,512
10211,332406598,512
10212,332438671,512
10213,332470774,512
10214,332502880,512
10215,332534962,512
10216,332567105,512
10217,332599554,512
10218,332633645,512
10219,332666188,512
10220,332700247,512
10221,332734227,512
10222,332766417,512
10223,332798710,512
10224,332830728,512
10225,332863012,512
10226,332895272,512
10227,332927351,512
10228,332959493,512
10229,332991490,512
10230,333023547,512
10231,333055707,512
10232,333087748,512
10233,333119856,512
10234,333151941,512
10235,333183982,512
10236,333217361,512
10237,333251816,512
10238,333283840,512
10239,333316941,512
10240,333349090,512
10241,333381127,512
10242,333413178,512
10243,333445376,512
10244,333477494,512
10245,333509562,512
10246,333541745,512
10247,333576430,512
10248,333608536,512
10249,333640667,512
10250,333672893,512
10251,333704906,512
10252,333736989,512
10253,333769051,512
10254,333801422,512
10255,333833671,512
10256,333866932,512
10257,333901478,512
10258,333933899,512
10259,333966304,512
10260,333998489,512
10261,334031807,512
10262,334065910,512
10263,334098023,512
10264,334130245,512
10265,334162309,512
10266,334194484,512
10267,334226673,512
10268,334258938,512
10269,334291123,512
10270,334323292,512
10271,334356367,512
10272,334390668,512
10273,334422827,512
10274,334454952,512
10275,334487383,512
10276,334519524,512
10277,334551934,512
10278,334583986,512
10279,334616040,512
10280,334648263,512
10281,334680453,512
10282,334712575,512
10283,334744830,512
10284,334776923,512
10285,334809081,512
10286,334841170,512
10287,334873332,512
10288,334905441,512
10289,334940095,512
10290,334972301,512
10291,335004378,512
10292,335036881,512
10293,335068976,512
10294,335101015,512
10295,335133125,512
10296,335165177,512
10297,335197313,512
10298,335229398,512
10299,335262725,512
10300,335297091,512
10301,335329143,512
10302,335363359,512
10303,335397397,512
10304,335429501,512
10305,335461669,512
10306,335493894,512
10307,335526108,512
10308,335558222,512
10309,335590350,512
10310,335622423,512
10311,335654621,512
10312,335686660,512
10313,335718733,512
10314,335751003,512
10315,335783062,512
10316,335815275,512
10317,335847384,512
10318,335879815,512
10319,335911821,512
10320,335943899,512
10321,335975932,512
10322,336007934,512
10323,336040031,512
10324,336072094,512
10325,336104151,512
10326,336136315,512
10327,336168372,512
10328,336200475,512
10329,336232571,512
10330,336264630,512
10331,336296813,512
10332,336328828,512
10333,336360988,512
10334,336393084,512
10335,336425098,512
10336,336457126,512
10337,336490842,512
10338,336524237,512
10339,336556534,512
10340,336588783,512
10341,336620811,512
10342,336653027,512
10343,336685147,512
10344,336717198,512
10345,336749519,512
10346,336781612,512
10347,336813735,512
10348,336845912,512
10349,336878277,512
10350,336910338,512
10351,336942399,512
10352,336974589,512
10353,337006613,512
10354,337038752,512
10355,337070938,512
10356,337103306,512
10357,337135320,512
10358,337167377,512
10359,337199430,512
10360,337231594,512
10361,337263666,512
10362,337298345,512
10363,337330549,512
10364,337362619,512
10365,337394681,512
10366,337426915,512
10367,337459373,512
10368,337491508,512
10369,337523687,512
10370,337555712,512
10371,337587860,512
10372,337620390,512
10373,337652497,512
10374,337684644,512
10375,337717006,512
10376,337751571,512
10377,337783672,512
10378,337815828,512
10379,337847830,512
10380,337879848,512
10381,337912059,512
10382,337944182,512
10383,337976444,512
10384,338008796,512
10385,338040798,512
10386,338072971,512
10387,338105097,512
10388,338137217,512
10389,338169269,512
10390,338201293,512
10391,338234220,512
10392,338266311,512
10393,338301249,512
10394,338334688,512
10395,338369353,512
10396,338401729,512
10397,338435607,512
10398,338469194,512
10399,338501560,512
10400,338533815,512
10401,338566199,512
10402,338598460,512
10403,338630635,512
10404,338662763,512
10405,338694908,512
10406,338727093,512
10407,338759157,512
10408,338791345,512
10409,338823381,512
10410,338855463,512
10411,338887554,512
10412,338919693,512
10413,338951798,512
10414,338983837,512
10415,339016011,512
10416,339048892,512
10417,339082794,512
10418,339114906,512
10419,339147399,512
10420,339179454,512
10421,339211521,512
10422,339243929,512
10423,339276095,512
10424,339308250,512
10425,339340450,512
10426,339372509,512
10427,339404726,512
10428,339436807,512
10429,339468808,512
10430,339500828,512
10431,339532973,512
10432,339565907,512
10433,339600674,512
10434,339633106,512
10435,339665375,512
10436,339697488,512
10437,339729523,512
10438,339761702,512
10439,339793711,512
10440,339825768,512
10441,339857776,512
10442,339889919,512
10443,339921927,512
10444,339954129,512
10445,339986161,512
10446,340018336,512
10447,340050469,512
10448,340082641,512
10449,340114704,512
10450,340146810,512
10451,340178819,512
10452,340210972,512
10453,340243034,512
10454,340275193,512
10455,340307275,512
10456,340339383,512
10457,340371550,512
10458,340403580,512
10459,340435658,512
10460,340467792,512
10461,340499923,512
10462,340532015,512
10463,340564034,512
10464,340596160,512
10465,340628322,512
10466,340660459,512
10467,340692697,512
10468,340724750,512
10469,340756896,512
10470,340789003,512
10471,340821062,512
10472,340853110,512
10473,340885166,512
10474,340917166,512
10475,340949245,512
10476,340981260,512
10477,341013323,512
10478,341045516,512
10479,341077700,512
10480,341109858,512
10481,341141964,512
10482,341176631,512
10483,341208731,512
10484,341241215,512
10485,341273293,512
10486,341306367,512
10487,341338460,512
10488,341370532,512
10489,341406874,512
10490,341441068,512
10491,341473455,512
10492,341507434,512
10493,341541745,512
10494,341574164,512
10495,341606340,512
10496,341638361,512
10497,341670560,512
10498,341702600,512
10499,341734731,512
10500,341766803,512
10501,341798881,512
10502,341831064,512
10503,341863173,512
10504,341895350,512
10505,341927378,512
10506,341959575,512
10507,341991690,512
10508,342023775,512
10509,342055841,512
10510,342087927,512
10511,342121134,512
10512,342154858,512
10513,342187249,512
10514,342219553,512
10515,342251980,512
10516,342284053,512
10517,342316059,512
10518,342348123,512
10519,342380270,512
10520,342412401,512
10521,342444601,512
10522,342476678,512
10523,342508759,512
10524,342540916,512
10525,342573030,512
10526,342605096,512
10527,342638100,512
10528,342672614,512
10529,342704642,512
10530,342737765,512
10531,342769825,512
10532,342801955,512
10533,342834103,512
10534,342866139,512
10535,342898151,512
10536,342930173,512
10537,342962271,512
10538,342994272,512
10539,343026387,512
10540,343058967,512
10541,343091141,512
10542,343125853,512
10543,343158225,512
10544,343190495,512
10545,343222531,512
10546,343255766,512
10547,343290506,512
10548,343322746,512
10549,343355308,512
10550,343387381,512
10551,343419485,512
10552,343452128,512
10553,343486596,512
10554,343518956,512
10555,343550986,512
10556,343583239,512
10557,343615506,512
10558,343647567,512
10559,343679683,512
10560,343711858,512
10561,343744101,512
10562,343776293,512
10563,343808457,512
10564,343840479,512
10565,343872544,512
10566,343904659,512
10567,343936683,512
10568,343969623,512
10569,344004113,512
10570,344036215,512
10571,344069551,512
10572,344101642,512
10573,344133771,512
10574,344165857,512
10575,344197859,512
10576,344229984,512
10577,344262022,512
10578,344294032,512
10579,344326075,512
10580,344358192,512
10581,344390323,512
10582,344422522,512
10583,344454553,512
10584,344486695,512
10585,344518864,512
10586,344550980,512
10587,344583220,512
10588,344617875,512
10589,344650308,512
10590,344682916,512
10591,344715046,512
10592,344747066,512
10593,344779084,512
10594,344811110,512
10595,344843268,512
10596,344875466,512
10597,344907516,512
10598,344939619,512
10599,344971654,512
10600,345003752,512
10601,345035824,512
10602,345067912,512
10603,345100088,512
10604,345132271,512
10605,345164469,512
10606,345196841,512
10607,345231039,512
10608,345263594,512
10609,345297241,512
10610,345331213,512
10611,345363774,512
10612,345397925,512
10613,345431544,512
10614,345464067,512
10615,345496358,512
10616,345528695,512
10617,345560732,512
10618,345592814,512
10619,345624850,512
10620,345657030,512
10621,345689099,512
10622,345721259,512
10623,345753366,512
10624,345785562,512
10625,345817636,512
10626,345849724,512
10627,345881733,512
10628,345914255,512
10629,345946399,512
10630,345978447,512
10631,346010611,512
10632,346042762,512
10633,346074938,512
10634,346106955,512
10635,346139042,512
10636,346171058,512
10637,346203191,512
10638,346235277,512
10639,346267445,512
10640,346299575,512
10641,346334282,512
10642,346366425,512
10643,346398720,512
10644,346430996,512
10645,346463011,512
10646,346495367,512
10647,346528349,512
10648,346562939,512
10649,346595031,512
10650,346628412,512
10651,346660461,512
10652,346692472,512
10653,346724497,512
10654,346756532,512
10655,346788599,512
10656,346820658,512
10657,346852658,512
10658,346884753,512
10659,346916834,512
10660,346949034,512
10661,346981201,512
10662,347013227,512
10663,347045390,512
10664,347077516,512
10665,347109700,512
10666,347142004,512
10667,347176228,512
10668,347208602,512
10669,347243237,512
10670,347276610,512
10671,347308976,512
10672,347341026,512
10673,347373232,512
10674,347405272,512
10675,347437564,512
10676,347469753,512
10677,347501900,512
10678,347533958,512
10679,347565993,512
10680,347598130,512
10681,347630332,512
10682,347662516,512
10683,347694557,512
10684,347726632,512
10685,347758824,512
10686,347790832,512
10687,347822953,512
10688,347856664,512
10689,347890077,512
10690,347922602,512
10691,347954909,512
10692,347986938,512
10693,348019221,512
10694,348051239,512
10695,348083423,512
10696,348115511,512
10697,348147692,512
10698,348179693,512
10699,348211972,512
10700,348244077,512
10701,348276253,512
10702,348308329,512
10703,348340456,512
10704,348372664,512
10705,348404901,512
10706,348437021,512
10707,348470051,512
10708,348503788,512
10709,348536218,512
10710,348568539,512
10711,348600683,512
10712,348632796,512
10713,348664865,512
10714,348697019,512
10715,348729165,512
10716,348761293,512
10717,348793309,512
10718,348825505,512
10719,348857524,512
10720,348889860,512
10721,348921879,512
10722,348953936,512
10723,348986722,512
10724,349018799,512
10725,349053533,512
10726,349087049,512
10727,349121800,512
10728,349153847,512
10729,349187709,512
10730,349221989,512
10731,349254361,512
10732,349286685,512
10733,349318837,512
10734,349350919,512
10735,349383062,512
10736,349415240,512
10737,349447375,512
10738,349479376,512
10739,349511551,512
10740,349543611,512
10741,349575618,512
10742,349607703,512
10743,349639883,512
10744,349671976,512
10745,349704247,512
10746,349736355,512
10747,349768472,512
10748,349801411,512
10749,349835272,512
10750,349867698,512
10751,349900013,512
10752,349932252,512
10753,349964360,512
10754,349996442,512
10755,350028732,512
10756,350060991,512
10757,350093084,512
10758,350125237,512
10759,350157339,512
10760,350189348,512
10761,350221349,512
10762,350253465,512
10763,350285577,512
10764,350317642,512
10765,350349822,512
10766,350381899,512
10767,350415229,512
10768,350449502,512
10769,350481538,512
10770,350513689,512
10771,350545861,512
10772,350578213,512
10773,350610273,512
10774,350642281,512
10775,350674399,512
10776,350706435,512
10777,350738586,512
10778,350770840,512
10779,350802984,512
10780,350834985,512
10781,350867146,512
10782,350899212,512
10783,350931269,512
10784,350963432,512
10785,350995480,512
10786,351027522,512
10787,351059666,512
10788,351091845,512
10789,351123896,512
10790,351156027,512
10791,351188186,512
10792,351220327,512
10793,351252349,512
10794,351284494,512
10795,351316661,512
10796,351348770,512
10797,351380901,512
10798,351412995,512
10799,351445252,512
10800,351477353,512
10801,351509385,512
10802,351542125,512
10803,351575772,512
10804,351608412,512
10805,351640701,512
10806,351673069,512
10807,351705104,512
10808,351737274,512
10809,351769440,512
10810,351801459,512
10811,351833677,512
10812,351865719,512
10813,351897874,512
10814,351929911,512
10815,351961924,512
10816,351994112,512
10817,352026270,512
10818,352059116,512
10819,352093639,512
10820,352126006,512
10821,352158960,512
10822,352191057,512
10823,352223069,512
10824,352255247,512
10825,352287279,512
10826,352319314,512
10827,352351435,512
10828,352383447,512
10829,352415480,512
10830,352447525,512
10831,352479676,512
10832,352511775,512
10833,352543905,512
10834,352575945,512
10835,352608021,512
10836,352640122,512
10837,352672200,512
10838,352704348,512
10839,352736509,512
10840,352768588,512
10841,352800658,512
10842,352832696,512
10843,352864888,512
10844,352896976,512
10845,352928999,512
10846,352961039,512
10847,352993167,512
10848,353025240,512
10849,353057242,512
10850,353089422,512
10851,353121484,512
10852,353153525,512
10853,353185850,512
10854,353217943,512
10855,353250027,512
10856,353282748,512
10857,353316840,512
10858,353348980,512
10859,353381294,512
10860,353413503,512
10861,353445569,512
10862,353477795,512
10863,353510052,512
10864,353542083,512
10865,353574260,512
10866,353606385,512
10867,353638576,512
10868,353670696,512
10869,353702845,512
10870,353735017,512
10871,353767179,512
10872,353800063,512
10873,353834029,512
10874,353866801,512
10875,353899362,512
10876,353931496,512
10877,353963539,512
10878,353995663,512
10879,354027833,512
10880,354060007,512
10881,354092099,512
10882,354124186,512
10883,354156273,512
10884,354188297,512
10885,354220334,512
10886,354252333,512
10887,354284418,512
10888,354316594,512
10889,354348656,512
10890,354380657,512
10891,354413033,512
10892,354445213,512
10893,354477334,512
10894,354513703,512
10896,354580216,512
10897,354614283,512
10898,354649010,512
10899,354681126,512
10900,354713160,512
10901,354745200,512
10902,354777370,512
10903,354809468,512
10904,354841607,512
10905,354873670,512
10906,354905733,512
10907,354937812,512
10908,354969940,512
10909,355002072,512
10910,355034121,512
10911,355066185,512
10912,355098332,512
10913,355130572,512
10914,355162731,512
10915,355194790,512
10916,355227690,512
10917,355261970,512
10918,355294147,512
10919,355326341,512
10920,355358436,512
10921,355390844,512
10922,355422974,512
10923,355454986,512
10924,355487002,512
10925,355519198,512
10926,355551468,512
10927,355583572,512
10928,355615622,512
10929,355647652,512
10930,355679693,512
10931,355711855,512
10932,355744816,512
10933,355779440,512
10934,355811681,512
10935,355844335,512
10936,355876460,512
10937,355908483,512
10938,355940659,512
10939,355972811,512
10940,356004958,512
10941,356037114,512
10942,356069115,512
10943,356101124,512
10944,356133228,512
10945,356165251,512
10946,356197289,512
10947,356229450,512
10948,356261638,512
10949,356293638,512
10950,356325825,512
10951,356358518,512
10952,356392754,512
10953,356425173,512
10954,356459134,512
10955,356492973,512
10956,356525415,512
10957,356559392,512
10958,356593560,512
10959,356625772,512
10960,356658361,512
10961,356690540,512
10962,356722540,512
10963,356754683,512
10964,356786706,512
10965,356818894,512
10966,356850990,512
10967,356883076,512
10968,356915086,512
10969,356947126,512
10970,356979460,512
10971,357011538,512
10972,357043744,512
10973,357076647,512
10974,357110951,512
10975,357143149,512
10976,357176342,512
10977,357208441,512
10978,357240599,512
10979,357272642,512
10980,357304787,512
10981,357336962,512
10982,357372044,512
10983,357404102,512
10985,357468388,512
10986,357500483,512
10987,357532639,512
10988,357564694,512
10989,357596721,512
10990,357628721,512
10991,357660944,512
10992,357693013,512
10993,357725160,512
10994,357757362,512
10995,357790353,512
10996,357824602,512
10997,357856956,512
10998,357890453,512
10999,357924807,512
11000,357957233,512
11001,357989552,512
11002,358021566,512
11003,358053573,512
11004,358085594,512
11005,358117944,512
11006,358150269,512
11007,358182385,512
11008,358214403,512
11009,358246553,512
11010,358278683,512
11011,358311004,512
11012,358343156,512
11013,358375287,512
11014,358408372,512
11015,358442184,512
11016,358474668,512
11017,358507490,512
11018,358539582,512
11019,358571692,512
11020,358603739,512
11021,358635748,512
11022,358667839,512
11023,358699883,512
11024,358731903,512
11025,358763948,512
11026,358796142,512
11027,358828173,512
11028,358860217,512
11029,358892231,512
11030,358924508,512
11031,358956634,512
11032,358988780,512
11033,359021329,512
11034,359053381,512
11035,359085532,512
11036,359117700,512
11037,359152309,512
11038,359184547,512
11039,359216828,512
11040,359249021,512
11041,359281484,512
11042,359313594,512
11043,359345738,512
11044,359377788,512
11045,359409839,512
11046,359441966,512
11047,359474221,512
11048,359506406,512
11049,359538524,512
11050,359570644,512
11051,359602658,512
11052,359634771,512
11053,359666901,512
11054,359698955,512
11055,359731021,512
11056,359763147,512
11057,359795260,512
11058,359827415,512
11059,359859481,512
11060,359891503,512
11061,359923677,512
11062,359955721,512
11063,359987897,512
11064,360020010,512
11065,360052067,512
11066,360084215,512
11067,360116315,512
11068,360148606,512
11069,360183534,512
11070,360215916,512
11071,360248555,512
11072,360280689,512
11073,360312696,512
11074,360344782,512
11075,360376898,512
11076,360408991,512
11077,360441126,512
11078,360473227,512
11079,360507891,512
11080,360540140,512
11081,360572168,512
11082,360604241,512
11083,360636421,512
11084,360668757,512
11085,360701130,512
11086,360733403,512
11087,360765481,512
11088,360797587,512
11089,360829737,512
11090,360862410,512
11091,360896576,512
11092,360929009,512
11093,360963181,512
11094,360997404,512
11095,361029413,512
11096,361061585,512
11097,361093657,512
11098,361125997,512
11099,361158035,512
11100,361190323,512
11101,361222458,512
11102,361254586,512
11103,361286724,512
11104,361318907,512
11105,361351002,512
11106,361383169,512
11107,361415334,512
11108,361447464,512
11109,361479645,512
11110,361511750,512
11111,361543835,512
11112,361576847,512
11113,361610593,512
11114,361643196,512
11115,361675649,512
11116,361707710,512
11117,361739845,512
11118,361771865,512
11119,361804250,512
11120,361836260,512
11121,361868346,512
11122,361900398,512
11123,361932533,512
11124,361964633,512
11125,361996770,512
11126,362028784,512
11127,362060948,512
11128,362093725,512
11129,362128382,512
11130,362160467,512
11131,362193812,512
11132,362225917,512
11133,362260574,512
11134,362294922,512
11135,362328947,512
11136,362361030,512
11137,362393219,512
11138,362425249,512
11139,362457383,512
11140,362489821,512
11141,362521973,512
11142,362554028,512
11143,362586155,512
11144,362618362,512
11145,362650360,512
11146,362682526,512
11147,362714699,512
11148,362746856,512
11149,362778984,512
11150,362810997,512
11151,362843042,512
11152,362875067,512
11153,362908293,512
11154,362942614,512
11155,362974960,512
11156,363007213,512
11157,363039382,512
11158,363071388,512
11159,363103436,512
11160,363135511,512
11161,363167553,512
11162,363199741,512
11163,363231877,512
11164,363264055,512
11165,363296191,512
11166,363328288,512
11167,363360379,512
11168,363392461,512
11169,363425215,512
11170,363459431,512
11171,363492132,512
11172,363524853,512
11173,363556981,512
11174,363589059,512
11175,363621112,512
11176,363653262,512
11177,363685349,512
11178,363717383,512
11179,363749489,512
11180,363781721,512
11181,363813832,512
11182,363845895,512
11183,363878042,512
11184,363910176,512
11185,363942322,512
11186,363974385,512
11187,364006573,512
11188,364038765,512
11189,364070833,512
11190,364102867,512
11191,364135004,512
11192,364167071,512
11193,364199122,512
11194,364231131,512
11195,364263153,512
11196,364295199,512
11197,364327260,512
11198,364359268,512
11199,364391374,512
11200,364423440,512
11201,364455475,512
11202,364487573,512
11203,364519722,512
11204,364551811,512
11205,364583837,512
11206,364615986,512
11207,364649044,512
11208,364683298,512
11209,364715312,512
11210,364747553,512
11211,364779794,512
11212,364811960,512
11213,364843986,512
11214,364876175,512
11215,364908286,512
11216,364940306,512
11217,364972400,512
11218,365004422,512
11219,365036613,512
11220,365068642,512
11221,365100752,512
11222,365132902,512
11223,365166196,512
11224,365200606,512
11225,365233014,512
11226,365265720,512
11227,365297898,512
11228,365330004,512
11229,365362021,512
11230,365394223,512
11231,365426238,512
11232,365458374,512
11233,365490538,512
11234,365522710,512
11235,365557376,512
11236,365589456,512
11237,365621709,512
11238,365654183,512
11239,365686311,512
11240,365718376,512
11241,365750497,512
11242,365782567,512
11243,365814631,512
11244,365846813,512
11245,365879700,512
11246,365914341,512
11247,365946570,512
11248,365980139,512
11249,366015218,512
11250,366047350,512
11251,366079683,512
11252,366111698,512
11253,366143782,512
11254,366175857,512
11255,366208011,512
11256,366240175,512
11257,366272316,512
11258,366304437,512
11259,366336497,512
11260,366368620,512
11261,366400641,512
11262,366432756,512
11263,366464883,512
11264,366497438,512
11265,366531786,512
11266,366564160,512
11267,366597817,512
11268,366632516,512
11269,366664743,512
11270,366699172,512
11271,366732709,512
11272,366764994,512
11273,366797012,512
11274,366829141,512
11275,366861425,512
11276,366893516,512
11277,366925637,512
11278,366957806,512
11279,366989814,512
11280,367021998,512
11281,367054190,512
11282,367086260,512
11283,367118278,512
11284,367150283,512
11285,367182380,512
11286,367214606,512
11287,367246795,512
11288,367278807,512
11289,367312147,512
11290,367345781,512
11291,367378380,512
11292,367410451,512
11293,367442540,512
11294,367474658,512
11295,367507027,512
11296,367539283,512
11297,367571422,512
11298,367603537,512
11299,367635724,512
11300,367667922,512
11301,367699986,512
11302,367732117,512
11303,367764163,512
11304,367796260,512
11305,367828586,512
11306,367860658,512
11307,367892731,512
11308,367925121,512
11309,367959836,512
11310,367991988,512
11311,368024236,512
11312,368056561,512
11313,368088889,512
11314,368120904,512
11315,368153083,512
11316,368185213,512
11317,368217293,512
11318,368249349,512
11319,368281491,512
11320,368313496,512
11321,368345681,512
11322,368377683,512
11323,368409696,512
11324,368442709,512
11325,368477115,512
11326,368509336,512
11327,368542378,512
11328,368574551,512
11329,368606586,512
11330,368638622,512
11331,368670711,512
11332,368702887,512
11333,368734906,512
11334,368767012,512
11335,368799056,512
11336,368831102,512
11337,368863133,512
11338,368895275,512
11339,368927349,512
11340,368959418,512
11341,368991491,512
11342,369023676,512
11343,369056373,512
11344,369090889,512
11345,369123019,512
11346,369156801,512
11347,369191219,512
11348,369223636,512
11349,369257268,512
11350,369291845,512
11351,369323973,512
11352,369356140,512
11353,369388320,512
11354,369420496,512
11355,369452637,512
11356,369484677,512
11357,369516819,512
11358,369548957,512
11359,369580994,512
11360,369613122,512
11361,369645190,512
11362,369677381,512
11363,369709475,512
11364,369741572,512
11365,369774108,512
11366,369806158,512
11367,369840873,512
11368,369874677,512
11369,369908817,512
11370,369941156,512
11371,369975659,512
11372,370009012,512
11373,370041327,512
11374,370073693,512
11375,370106132,512
11376,370138233,512
11377,370170266,512
11378,370202457,512
11379,370234658,512
11380,370266835,512
11381,370299000,512
11382,370331201,512
11383,370363295,512
11384,370395375,512
11385,370427389,512
11386,370459483,512
11387,370491515,512
11388,370523612,512
11389,370555630,512
11390,370589007,512
11391,370622738,512
11392,370654988,512
11393,370687564,512
11394,370719637,512
11395,370751763,512
11396,370783970,512
11397,370816076,512
11398,370848135,512
11399,370880159,512
11400,370912258,512
11401,370944377,512
11402,370976503,512
11403,371008624,512
11404,371040732,512
11405,371072910,512
11406,371105305,512
11407,371137487,512
11408,371169500,512
11409,371202463,512
11410,371236654,512
11411,371268660,512
11412,371300827,512
11413,371333295,512
11414,371365316,512
11415,371397419,512
11416,371429532,512
11417,371461592,512
11418,371493677,512
11419,371525860,512
11420,371557957,512
11421,371590041,512
11422,371622145,512
11423,371654171,512
11424,371686185,512
11425,371719478,512
11426,371753964,512
11427,371786083,512
11429,371851431,512
11430,371883562,512
11431,371915578,512
11432,371947659,512
11433,371979731,512
11434,372011897,512
11435,372043896,512
11436,372076057,512
11437,372108154,512
11438,372140346,512
11439,372172409,512
11440,372204431,512
11441,372236475,512
11442,372268666,512
11443,372300786,512
11444,372332928,512
11445,372364942,512
11446,372399655,512
11447,372433516,512
11448,372467784,512
11449,372499906,512
11450,372534043,512
11451,372568218,512
11452,372600622,512
11453,372632757,512
11454,372664929,512
11455,372696989,512
11456,372729176,512
11457,372761313,512
11458,372793373,512
11459,372825516,512
11460,372857656,512
11461,372889790,512
11462,372921980,512
11463,372954156,512
11464,372986189,512
11465,373018192,512
11466,373051074,512
11467,373085637,512
11468,373117937,512
11469,373150886,512
11470,373182976,512
11471,373215073,512
11472,373247117,512
11473,373279154,512
11474,373311334,512
11475,373343459,512
11476,373375488,512
11477,373407626,512
11478,373439658,512
11479,373471764,512
11480,373503947,512
11481,373538658,512
11482,373570865,512
11483,373602906,512
11484,373635002,512
11485,373667152,512
11486,373699358,512
11487,373731440,512
11488,373764693,512
11489,373799394,512
11490,373831593,512
11491,373865182,512
11492,373899761,512
11493,373931772,512
11494,373964184,512
11495,373996367,512
11496,374028579,512
11497,374060617,512
11498,374092734,512
11499,374124844,512
11500,374156977,512
11501,374189047,512
11502,374221140,512
11503,374253291,512
11504,374285349,512
11505,374317358,512
11506,374349679,512
11507,374381997,512
11508,374414138,512
11509,374446264,512
11510,374479110,512
11511,374513410,512
11512,374545894,512
11513,374577962,512
11514,374610075,512
11515,374642170,512
11516,374674294,512
11517,374706317,512
11518,374738355,512
11519,374770639,512
11520,374802836,512
11521,374835014,512
11522,374867152,512
11523,374899200,512
11524,374931245,512
11525,374963289,512
11526,374995857,512
11527,375027917,512
11528,375060001,512
11529,375092143,512
11530,375124280,512
11531,375159148,512
11532,375191305,512
11533,375223405,512
11534,375255691,512
11535,375287897,512
11536,375320234,512
11537,375352389,512
11538,375384489,512
11539,375416623,512
11540,375448803,512
11541,375480902,512
11542,375513045,512
11543,375545055,512
11544,375577232,512
11545,375609628,512
11546,375641621,512
11547,375673621,512
11548,375705696,512
11549,375737777,512
11550,375769859,512
11551,375802008,512
11552,375834121,512
11553,375866300,512
11554,375900878,512
11555,375933178,512
11556,375965186,512
11557,375997400,512
11558,376029436,512
11559,376061455,512
11560,376093916,512
11561,376126273,512
11562,376158352,512
11563,376190373,512
11564,376223307,512
11565,376257492,512
11566,376289997,512
11567,376324818,512
11568,376358213,512
11569,376390304,512
11570,376422452,512
11571,376454556,512
11572,376486976,512
11573,376519108,512
11574,376551196,512
11575,376583269,512
11576,376615443,512
11577,376647552,512
11578,376679716,512
11579,376711857,512
11580,376744020,512
11581,376776167,512
11582,376808230,512
11583,376840519,512
11584,376872638,512
11585,376904805,512
11586,376937958,512
11587,376971984,512
11588,377004135,512
11589,377036508,512
11590,377068677,512
11591,377100784,512
11592,377132795,512
11593,377164818,512
11594,377196925,512
11595,377229050,512
11596,377261131,512
11597,377293214,512
11598,377325331,512
11599,377357678,512
11600,377389771,512
11601,377421836,512
11602,377454022,512
11603,377486029,512
11604,377518065,512
11605,377550803,512
11606,377585455,512
11607,377617566,512
11608,377649955,512
11609,377682316,512
11610,377714516,512
11611,377746579,512
11612,377778586,512
11613,377810746,512
11614,377842809,512
11615,377874838,512
11616,377907025,512
11617,377939217,512
11618,377971312,512
11619,378003408,512
11620,378035576,512
11621,378067889,512
11622,378100027,512
11623,378132042,512
11624,378164181,512
11625,378196187,512
11626,378228187,512
11627,378260289,512
11628,378292346,512
11629,378324464,512
11630,378356660,512
11631,378388859,512
11632,378420887,512
11633,378452905,512
11634,378484909,512
11636,378549237,512
11637,378581424,512
11638,378613622,512
11639,378645699,512
11640,378678462,512
11641,378712562,512
11642,378744992,512
11643,378777195,512
11644,378809240,512
11645,378841294,512
11646,378873433,512
11647,378905584,512
11648,378937628,512
11649,378969766,512
11650,379001812,512
11651,379033849,512
11652,379065869,512
11653,379098179,512
11654,379130214,512
11655,379162324,512
11656,379194810,512
11657,379226841,512
11658,379259034,512
11659,379292007,512
11660,379325692,512
11661,379358319,512
11662,379390523,512
11663,379422547,512
11664,379454846,512
11665,379486994,512
11666,379519161,512
11667,379551265,512
11668,379583321,512
11669,379615450,512
11670,379647625,512
11671,379679792,512
11672,379711810,512
11673,379743890,512
11674,379775980,512
11675,379809036,512
11676,379843246,512
11677,379875583,512
11678,379908450,512
11679,379940482,512
11680,379972496,512
11681,380004579,512
11682,380036739,512
11683,380068886,512
11684,380100906,512
11685,380133022,512
11686,380165185,512
11687,380197311,512
11688,380229366,512
11689,380261405,512
11690,380293467,512
11691,380325675,512
11692,380357675,512
11693,380389816,512
11694,380422688,512
11695,380456927,512
11696,380489355,512
11697,380523196,512
11698,380556997,512
11699,380589665,512
11700,380623482,512
11701,380657471,512
11702,380689985,512
11703,380722029,512
11704,380754386,512
11705,380786466,512
11706,380818474,512
11707,380850816,512
11708,380882895,512
11709,380914910,512
11710,380947078,512
11711,380979178,512
11712,381011214,512
11713,381043361,512
11714,381075563,512
11715,381107672,512
11716,381140427,512
11717,381174672,512
11718,381207265,512
11719,381240232,512
11720,381272281,512
11721,381304296,512
11722,381336399,512
11723,381368562,512
11724,381400675,512
11725,381432799,512
11726,381464948,512
11727,381497057,512
11728,381529084,512
11729,381561245,512
11730,381593324,512
11731,381625339,512
11732,381657524,512
11733,381689683,512
11734,381721696,512
11735,381753701,512
11736,381785889,512
11737,381817964,512
11738,381850174,512
11739,381882217,512
11740,381914277,512
11741,381946281,512
11742,381978431,512
11743,382010574,512
11744,382042637,512
11745,382074665,512
11746,382106747,512
11747,382138795,512
11748,382170905,512
11749,382203003,512
11750,382235105,512
11751,382267153,512
11752,382299348,512
11753,382331516,512
11754,382364258,512
11755,382398282,512
11756,382430479,512
11757,382462672,512
11758,382494893,512
11759,382527256,512
11760,382559427,512
11761,382591638,512
11762,382623659,512
11763,382655700,512
11764,382687860,512
11765,382719962,512
11766,382752153,512
11767,382784189,512
11768,382816378,512
11769,382848463,512
11770,382880897,512
11771,382913042,512
11772,382945215,512
11773,382977250,512
11774,383009299,512
11775,383041314,512
11776,383073318,512
11777,383105370,512
11778,383137455,512
11779,383169459,512
11780,383201564,512
11781,383233589,512
11782,383265749,512
11783,383297833,512
11784,383329836,512
11785,383361880,512
11786,383393923,512
11787,383426109,512
11788,383458165,512
11789,383491275,512
11790,383524891,512
11791,383557427,512
11792,383589679,512
11793,383621718,512
11794,383653881,512
11795,383685881,512
11796,383717902,512
11797,383749944,512
11798,383782079,512
11799,383814164,512
11800,383846340,512
11801,383878364,512
11802,383910546,512
11803,383942723,512
11804,383974762,512
11805,384007289,512
11806,384039353,512
11807,384071524,512
11808,384104830,512
11809,384138708,512
11810,384171075,512
11811,384203465,512
11812,384235622,512
11813,384267687,512
11814,384300024,512
11815,384332060,512
11816,384364158,512
11817,384396198,512
11818,384428225,512
11819,384460394,512
11820,384492450,512
11821,384524480,512
11822,384556549,512
11823,384589025,512
11824,384621899,512
11825,384656381,512
11826,384688409,512
11827,384721643,512
11828,384753750,512
11829,384785764,512
11830,384817826,512
11831,384849897,512
11832,384882085,512
11833,384914172,512
11834,384946314,512
11835,384978354,512
11836,385010459,512
11837,385042655,512
11838,385074727,512
11839,385106813,512
11840,385138872,512
11841,385170999,512
11842,385203075,512
11843,385235418,512
11844,385269935,512
11845,385302709,512
11846,385336008,512
11847,385370308,512
11848,385402392,512
11849,385435670,512
11850,385467872,512
11851,385500021,512
11852,385532093,512
11853,385564121,512
11854,385596163,512
11855,385628199,512
11856,385660322,512
11857,385692354,512
11858,385724551,512
11859,385756630,512
11860,385788683,512
11861,385820884,512
11862,385852992,512
11863,385887276,512
11864,385919785,512
11865,385953404,512
11866,385987622,512
11867,386020300,512
11868,386053211,512
11869,386085254,512
11870,386117271,512
11871,386149437,512
11872,386181470,512
11873,386213658,512
11874,386245832,512
11875,386277895,512
11876,386310067,512
11877,386342275,512
11878,386374334,512
11879,386408951,512
11880,386441095,512
11881,386473257,512
11882,386505348,512
11883,386537393,512
11884,386569614,512
11885,386601873,512
11886,386634033,512
11887,386667292,512
11888,386701489,512
11889,386733956,512
11890,386767910,512
11891,386802189,512
11892,386834556,512
11893,386866717,512
11894,386899031,512
11895,386931217,512
11896,386963272,512
11897,386995447,512
11898,387027593,512
11899,387059771,512
11900,387091922,512
11901,387124113,512
11902,387156222,512
11903,387188265,512
11904,387220352,512
11905,387252520,512
11906,387284655,512
11907,387316845,512
11908,387348859,512
11909,387381665,512
11910,387415428,512
11911,387447778,512
11912,387480395,512
11913,387512583,512
11914,387544752,512
11915,387576846,512
11916,387609035,512
11917,387641060,512
11918,387673260,512
11919,387705447,512
11920,387737589,512
11921,387769779,512
11922,387801838,512
11923,387834014,512
11924,387866037,512
11925,387898436,512
11926,387930470,512
11927,387962520,512
11928,387994573,512
11929,388026657,512
11930,388058657,512
11931,388090813,512
11932,388122841,512
11933,388155019,512
11934,388187137,512
11935,388219284,512
11936,388251303,512
11937,388283355,512
11938,388315457,512
11939,388347564,512
11940,388379587,512
11941,388411694,512
11942,388443765,512
11943,388475800,512
11944,388508653,512
11945,388542474,512
11946,388574835,512
11947,388607066,512
11948,388639225,512
11949,388671694,512
11950,388703849,512
11951,388735926,512
11952,388768040,512
11953,388800085,512
11954,388832096,512
11955,388864098,512
11956,388896289,512
11957,388928433,512
11958,388960548,512
11959,388992693,512
11960,389025410,512
11961,389059701,512
11962,389091961,512
11963,389126138,512
11964,389159991,512
11965,389192482,512
11966,389226866,512
11967,389260647,512
11968,389292827,512
11969,389327010,512
11970,389361026,512
11971,389393063,512
11972,389425469,512
11973,389457594,512
11974,389489841,512
11975,389521996,512
11976,389554126,512
11977,389586245,512
11978,389618311,512
11979,389650395,512
11980,389682438,512
11981,389714479,512
11982,389746657,512
11983,389778863,512
11984,389811042,512
11985,389843922,512
11986,389877921,512
11987,389910486,512
11988,389943488,512
11989,389975683,512
11990,390007799,512
11991,390039849,512
11992,390071965,512
11993,390103985,512
11994,390136141,512
11995,390168264,512
11996,390200338,512
11997,390232428,512
11998,390264589,512
11999,390296726,512
12000,390328763,512
12001,390360790,512
12002,390392857,512
12003,390424889,512
12004,390456982,512
12005,390489185,512
12006,390521228,512
12007,390553314,512
12008,390585429,512
12009,390617628,512
12010,390649811,512
12011,390681845,512
12012,390713993,512
12013,390746041,512
12014,390778170,512
12015,390810186,512
12016,390842213,512
12017,390874320,512
12018,390906452,512
12019,390938457,512
12020,390971274,512
12021,391005451,512
12022,391037448,512
12023,391070793,512
12024,391102873,512
12025,391134976,512
12026,391167153,512
12027,391199274,512
12028,391233932,512
12029,391266718,512
12030,391298754,512
12031,391330789,512
12032,391362985,512
12033,391395151,512
12034,391427321,512
12035,391459361,512
12036,391491437,512
12037,391523473,512
12038,391555487,512
12039,391587823,512
12040,391619878,512
12041,391652045,512
12042,391684684,512
12043,391719518,512
12044,391751853,512
12045,391785125,512
12046,391819639,512
12047,391852003,512
12048,391884368,512
12049,391916493,512
12050,391948574,512
12051,391980658,512
12052,392012830,512
12053,392045003,512
12054,392077096,512
12055,392109288,512
12056,392141297,512
12057,392173363,512
12058,392205549,512
12059,392237721,512
12060,392269872,512
12061,392302738,512
12062,392337038,512
12063,392369483,512
12064,392402443,512
12065,392434537,512
12066,392466627,512
12067,392498696,512
12068,392530731,512
12069,392562790,512
12070,392594858,512
12071,392626881,512
12072,392658972,512
12073,392691096,512
12074,392723121,512
12075,392755139,512
12076,392787217,512
12077,392819349,512
12078,392851494,512
12079,392883510,512
12080,392916127,512
12081,392950198,512
12082,392982881,512
12083,393015870,512
12084,393047993,512
12085,393080023,512
12086,393112187,512
12087,393144235,512
12088,393176325,512
12089,393208447,512
12090,393240486,512
12091,393272644,512
12092,393304687,512
12093,393336749,512
12094,393368902,512
12095,393401099,512
12096,393435799,512
12097,393468077,512
12098,393500115,512
12099,393532349,512
12100,393564470,512
12101,393596494,512
12102,393630352,512
12103,393664090,512
12104,393696853,512
12105,393730525,512
12106,393764994,512
12107,393797034,512
12108,393829233,512
12109,393861515,512
12110,393893631,512
12111,393925729,512
12112,393957878,512
12113,393989964,512
12114,394022160,512
12115,394054286,512
12116,394086454,512
12117,394118508,512
12118,394150622,512
12119,394182751,512
12120,394214868,512
12121,394247948,512
12122,394282173,512
12123,394314218,512
12124,394347594,512
12125,394379788,512
12126,394414417,512
12127,394449217,512
12128,394482689,512
12129,394514844,512
12130,394547029,512
12131,394579085,512
12132,394611459,512
12133,394643666,512
12134,394675910,512
12135,394707932,512
12136,394739981,512
12137,394772045,512
12138,394804045,512
12139,394836229,512
12140,394868291,512
12141,394900415,512
12142,394932487,512
12143,394964588,512
12144,394996738,512
12145,395028766,512
12146,395061860,512
12147,395096139,512
12148,395128348,512
12149,395160722,512
12150,395192827,512
12151,395225122,512
12152,395257318,512
12153,395289408,512
12154,395321488,512
12155,395353581,512
12156,395385626,512
12157,395417757,512
12158,395449882,512
12159,395481990,512
12160,395514170,512
12161,395546247,512
12162,395578774,512
12163,395610889,512
12164,395643042,512
12165,395675641,512
12166,395709466,512
12167,395742099,512
12168,395774266,512
12169,395806461,512
12170,395838764,512
12171,395870853,512
12172,395902902,512
12173,395934949,512
12174,395966994,512
12175,395999166,512
12176,396031249,512
12177,396063458,512
12178,396095546,512
12179,396127720,512
12180,396159869,512
12181,396193214,512
12182,396227316,512
12183,396259555,512
12184,396292871,512
12185,396324897,512
12186,396356925,512
12187,396389098,512
12188,396421155,512
12189,396453215,512
12190,396485355,512
12191,396520059,512
12192,396553468,512
12193,396585542,512
12194,396617662,512
12195,396649773,512
12196,396681820,512
12197,396714005,512
12198,396746141,512
12199,396780471,512
12200,396813216,512
12201,396845547,512
12202,396877599,512
12203,396909699,512
12204,396941881,512
12205,396974059,512
12206,397006828,512
12207,397041042,512
12208,397073685,512
12209,397105901,512
12210,397138237,512
12211,397170336,512
12212,397202505,512
12213,397234657,512
12214,397266822,512
12215,397298891,512
12216,397330897,512
12217,397363035,512
12218,397395094,512
12219,397427221,512
12220,397459384,512
12221,397491515,512
12222,397523653,512
12223,397555848,512
12224,397587902,512
12225,397620024,512
12226,397652115,512
12227,397684260,512
12228,397716409,512
12229,397748480,512
12230,397780581,512
12231,397812709,512
12232,397844827,512
12233,397876948,512
12234,397909088,512
12235,397941237,512
12236,397973386,512
12237,398005433,512
12238,398037480,512
12239,398069583,512
12240,398104316,512
12241,398137732,512
12242,398169858,512
12243,398201883,512
12244,398234001,512
12245,398266057,512
12246,398298260,512
12247,398330346,512
12248,398362406,512
12249,398397090,512
12250,398429306,512
12251,398461460,512
12252,398493784,512
12253,398526026,512
12254,398558022,512
12255,398590126,512
12256,398622146,512
12257,398654409,512
12258,398686545,512
12259,398718652,512
12260,398751275,512
12261,398783295,512
12262,398815451,512
12263,398847533,512
12264,398879658,512
12265,398911675,512
12266,398943700,512
12267,398975788,512
12268,399007984,512
12269,399040096,512
12270,399072191,512
12271,399104375,512
12272,399136385,512
12273,399168560,512
12274,399200665,512
12275,399232739,512
12276,399265218,512
12277,399299997,512
12278,399332200,512
12279,399364639,512
12280,399396658,512
12281,399428709,512
12282,399460899,512
12283,399493003,512
12284,399525124,512
12285,399557182,512
12286,399589358,512
12287,399621370,512
12288,399653436,512
12289,399685622,512
12290,399717787,512
12291,399749978,512
12292,399781978,512
12293,399814169,512
12294,399846199,512
12295,399878867,512
12296,399913232,512
12297,399945306,512
12298,399978728,512
12299,400010779,512
12300,400045554,512
12301,400079752,512
12302,400113742,512
12303,400145959,512
12304,400178228,512
12305,400210362,512
12306,400242679,512
12307,400274731,512
12308,400306854,512
12309,400339017,512
12310,400371083,512
12311,400403237,512
12312,400435237,512
12313,400467259,512
12314,400499322,512
12315,400531366,512
12316,400563540,512
12317,400596483,512
12318,400630886,512
12319,400663152,512
12320,400696096,512
12321,400728228,512
12322,400760267,512
12323,400792455,512
12324,400824581,512
12325,400856631,512
12326,400888828,512
12327,400921013,512
12328,400953105,512
12329,400985270,512
12330,401017353,512
12331,401049537,512
12332,401081583,512
12333,401113658,512
12334,401145851,512
12335,401177883,512
12336,401210103,512
12337,401244556,512
12338,401276992,512
12339,401310232,512
12340,401342354,512
12341,401374470,512
12342,401406497,512
12343,401438658,512
12344,401473380,512
12345,401506317,512
12346,401538347,512
12347,401570405,512
12348,401602594,512
12349,401634642,512
12350,401666823,512
12351,401698997,512
12352,401731094,512
12353,401763254,512
12354,401795388,512
12355,401827440,512
12356,401859631,512
12357,401891731,512
12358,401924647,512
12359,401958376,512
12360,401990772,512
12361,402024864,512
12362,402058589,512
12363,402091103,512
12364,402123618,512
12365,402155642,512
12366,402187692,512
12367,402219924,512
12368,402252027,512
12369,402284172,512
12370,402316367,512
12371,402348445,512
12372,402380539,512
12373,402412742,512
12374,402444894,512
12375,402477031,512
12376,402509076,512
12377,402541852,512
12378,402576304,512
12379,402608493,512
12380,402641561,512
12381,402673614,512
12382,402705638,512
12383,402737795,512
12384,402769957,512
12385,402801985,512
12386,402833998,512
12387,402866127,512
12388,402898323,512
12389,402930448,512
12390,402962516,512
12391,402994712,512
12392,403026827,512
12393,403058952,512
12394,403091066,512
12395,403123213,512
12396,403158029,512
12397,403190250,512
12398,403222567,512
12399,403255838,512
12400,403290246,512
12401,403322393,512
12402,403356554,512
12403,403390510,512
12404,403422674,512
12405,403454862,512
12406,403486965,512
12407,403519282,512
12408,403551540,512
12409,403583715,512
12410,403615831,512
12411,403647965,512
12412,403680130,512
12413,403712217,512
12414,403744260,512
12415,403776456,512
12416,403808611,512
12417,403840678,512
12418,403873162,512
12419,403907829,512
12420,403940084,512
12421,403972917,512
12422,404005015,512
12423,404037155,512
12424,404069221,512
12425,404101368,512
12426,404133546,512
12427,404165737,512
12428,404197745,512
12429,404229909,512
12430,404261941,512
12431,404293986,512
12432,404326129,512
12433,404358137,512
12434,404390313,512
12435,404422374,512
12436,404454532,512
12437,404486871,512
12438,404518883,512
12439,404551005,512
12440,404587500,512
12441,404621848,512
12442,404653977,512
12443,404687144,512
12444,404719338,512
12445,404751475,512
12446,404783494,512
12447,404815675,512
12448,404847683,512
12449,404879838,512
12450,404911859,512
12451,404943950,512
12452,404975993,512
12453,405008103,512
12454,405040152,512
12455,405072165,512
12456,405104299,512
12457,405136323,512
12458,405168474,512
12459,405201401,512
12460,405234972,512
12461,405267601,512
12462,405299651,512
12463,405331873,512
12464,405364057,512
12465,405396386,512
12466,405428425,512
12467,405460444,512
12468,405492529,512
12469,405524765,512
12470,405556918,512
12471,405588923,512
12472,405621093,512
12473,405653256,512
12474,405685274,512
12475,405717397,512
12476,405749418,512
12477,405781538,512
12478,405815704,512
12479,405849304,512
12480,405881750,512
12481,405913815,512
12482,405945994,512
12483,405978064,512
12484,406010114,512
12485,406042350,512
12486,406074435,512
12487,406106532,512
12488,406138581,512
12489,406170712,512
12490,406202866,512
12491,406234964,512
12492,406267031,512
12493,406299055,512
12494,406331217,512
12495,406363380,512
12496,406395422,512
12497,406428619,512
12498,406462452,512
12499,406494905,512
12500,406526967,512
12501,406559058,512
12502,406591174,512
12503,406623514,512
12504,406655571,512
12505,406687903,512
12506,406720054,512
12507,406752135,512
12508,406784298,512
12509,406816429,512
12510,406848637,512
12511,406880637,512
12512,406912822,512
12513,406945114,512
12514,406977260,512
12515,407009347,512
12516,407041428,512
12517,407073468,512
12518,407105562,512
12519,407137642,512
12520,407169681,512
12521,407201870,512
12522,407234060,512
12523,407266096,512
12524,407298252,512
12525,407330351,512
12526,407362445,512
12527,407394494,512
12528,407426570,512
12529,407458712,512
12530,407490790,512
12531,407522822,512
12532,407555966,512
12533,407590329,512
12534,407622387,512
12535,407654452,512
12536,407686554,512
12537,407718650,512
12538,407750758,512
12539,407782904,512
12540,407814951,512
12541,407847053,512
12542,407879173,512
12543,407911214,512
12544,407943374,512
12545,407975517,512
12546,408007559,512
12547,408039686,512
12548,408071883,512
12549,408104059,512
12550,408136077,512
12551,408169301,512
12552,408203198,512
12553,408235587,512
12554,408267676,512
12555,408299782,512
12556,408332081,512
12557,408364185,512
12558,408396382,512
12559,408428516,512
12560,408460520,512
12561,408492678,512
12562,408524859,512
12563,408556974,512
12564,408588982,512
12565,408621007,512
12566,408653122,512
12567,408685899,512
12568,408718084,512
12569,408750174,512
12570,408782192,512
12571,408814323,512
12572,408846363,512
12573,408878552,512
12574,408910636,512
12575,408945088,512
12576,408977433,512
12577,409009569,512
12578,409041828,512
12579,409074237,512
12580,409106283,512
12581,409138367,512
12582,409170617,512
12583,409202830,512
12584,409234827,512
12585,409267020,512
12586,409299614,512
12587,409331658,512
12588,409363818,512
12589,409395989,512
12590,409428044,512
12591,409460137,512
12592,409492252,512
12593,409526610,512
12594,409559030,512
12595,409591340,512
12596,409623674,512
12597,409655806,512
12598,409688015,512
12599,409720186,512
12600,409752330,512
12601,409784405,512
12602,409816552,512
12603,409848705,512
12604,409880787,512
12605,409912929,512
12606,409945072,512
12607,409977091,512
12608,410009194,512
12609,410041236,512
12610,410073399,512
12611,410105462,512
12612,410137650,512
12613,410169790,512
12614,410201800,512
12615,410233887,512
12616,410266004,512
12617,410298023,512
12618,410330086,512
12619,410362092,512
12620,410394197,512
12621,410426697,512
12622,410458772,512
12623,410493443,512
12624,410526459,512
12625,410558566,512
12626,410590625,512
12627,410622669,512
12628,410654748,512
12629,410686795,512
12630,410718808,512
12631,410750983,512
12632,410783069,512
12633,410815187,512
12634,410847223,512
12635,410879237,512
12636,410911423,512
12637,410943628,512
12638,410975633,512
12639,411007675,512
12640,411040256,512
12641,411072268,512
12642,411104331,512
12643,411136406,512
12644,411168545,512
12645,411200577,512
12646,411232642,512
12647,411264727,512
12648,411296784,512
12649,411328926,512
12650,411360993,512
12651,411393100,512
12652,411425165,512
12653,411457260,512
12654,411489446,512
12655,411521486,512
12656,411553692,512
12657,411585747,512
12658,411617779,512
12659,411650661,512
12660,411684368,512
12661,411716844,512
12662,411749099,512
12663,411781416,512
12664,411813551,512
12665,411845633,512
12666,411877655,512
12667,411909708,512
12668,411941982,512
12669,411974034,512
12670,412006144,512
12671,412038256,512
12672,412070279,512
12673,412102328,512
12674,412134445,512
12675,412167481,512
12676,412201907,512
12677,412234176,512
12678,412267241,512
12679,412299280,512
12680,412331459,512
12681,412363479,512
12682,412395657,512
12683,412427724,512
12684,412459899,512
12685,412491989,512
12686,412524163,512
12687,412556264,512
12688,412588276,512
12689,412620428,512
12690,412652608,512
12691,412684689,512
12692,412716763,512
12693,412748850,512
12694,412781365,512
12695,412815445,512
12696,412847819,512
12697,412881516,512
12698,412916044,512
12699,412948482,512
12700,412982113,512
12701,413016472,512
12702,413048938,512
12703,413081135,512
12704,413113294,512
12705,413145311,512
12706,413177476,512
12707,413209492,512
12708,413241544,512
12709,413273872,512
12710,413305927,512
12711,413337994,512
12712,413370190,512
12713,413402378,512
12714,413434482,512
12715,413466663,512
12716,413498883,512
12717,413530910,512
12718,413563061,512
12719,413595770,512
12720,413629589,512
12721,413662002,512
12722,413694252,512
12723,413726446,512
12724,413758778,512
12725,413790795,512
12726,413822873,512
12727,413854910,512
12728,413887235,512
12729,413919438,512
12730,413951470,512
12731,413983582,512
12732,414015620,512
12733,414047708,512
12734,414079735,512
12735,414112928,512
12736,414147763,512
12737,414179908,512
12738,414212849,512
12739,414244922,512
12740,414277064,512
12741,414309126,512
12742,414341242,512
12743,414376305,512
12744,414408868,512
12745,414440970,512
12746,414473116,512
12747,414505155,512
12748,414537257,512
12749,414569297,512
12750,414601336,512
12751,414633532,512
12752,414665699,512
12753,414697775,512
12754,414729941,512
12755,414762153,512
12756,414794260,512
12757,414826917,512
12758,414861087,512
12759,414893464,512
12760,414927420,512
12761,414961120,512
12762,414993643,512
12763,415025815,512
12764,415057841,512
12765,415089972,512
12766,415122329,512
12767,415154490,512
12768,415186637,512
12769,415219019,512
12770,415251101,512
12771,415283280,512
12772,415315364,512
12773,415347548,512
12774,415379592,512
12775,415411606,512
12776,415444235,512
12777,415476260,512
12778,415508310,512
12779,415541149,512
12780,415575104,512
12781,415607198,512
12782,415639614,512
12783,415671694,512
12784,415703955,512
12785,415736133,512
12786,415768214,512
12787,415800335,512
12788,415832487,512
12789,415864524,512
12790,415896704,512
12791,415928809,512
12792,415960841,512
12793,415992847,512
12794,416025037,512
12795,416057792,512
12796,416089881,512
12797,416121922,512
12798,416154032,512
12799,416186158,512
12800,416218265,512
12801,416250359,512
12802,416282445,512
12803,416314517,512
12804,416346562,512
12805,416378711,512
12806,416413341,512
12807,416445470,512
12808,416477518,512
12809,416510090,512
12810,416542384,512
12811,416574558,512
12812,416606562,512
12813,416638677,512
12814,416671673,512
12815,416705955,512
12816,416738584,512
12817,416772660,512
12818,416806582,512
12819,416838838,512
12820,416872238,512
12821,416906451,512
12822,416938759,512
12823,416971159,512
12824,417003159,512
12825,417035606,512
12826,417067638,512
12827,417099678,512
12828,417131803,512
12829,417163803,512
12830,417195878,512
12831,417228043,512
12832,417260077,512
12833,417292284,512
12834,417324571,512
12835,417356744,512
12836,417389890,512
12837,417424156,512
12838,417456614,512
12839,417489196,512
12840,417521416,512
12841,417553516,512
12842,417585516,512
12843,417617637,512
12844,417649666,512
12845,417681767,512
12846,417713803,512
12847,417745913,512
12848,417777941,512
12849,417809980,512
12850,417842174,512
12851,417874257,512
12852,417906295,512
12853,417938384,512
12854,417970511,512
12855,418003220,512
12856,418037656,512
12857,418070115,512
12858,418103818,512
12859,418137982,512
12860,418170067,512
12861,418204234,512
12862,418238361,512
12863,418270467,512
12864,418302837,512
12865,418335069,512
12866,418367142,512
12867,418399260,512
12868,418431293,512
12869,418463470,512
12870,418495486,512
12871,418527494,512
12872,418559571,512
12873,418591730,512
12874,418623907,512
12875,418656045,512
12876,418688059,512
12877,418721922,512
12878,418755654,512
12879,418787677,512
12880,418821553,512
12881,418856009,512
12882,418888082,512
12883,418922821,512
12884,418955886,512
12885,418988311,512
12886,419020663,512
12887,419052870,512
12888,419084956,512
12889,419117195,512
12890,419149367,512
12891,419181532,512
12892,419213658,512
12893,419245783,512
12894,419277896,512
12895,419310047,512
12896,419342201,512
12897,419374320,512
12898,419406494,512
12899,419438862,512
12900,419470910,512
12901,419505594,512
12902,419537966,512
12903,419570140,512
12904,419602196,512
12905,419634368,512
12906,419666478,512
12907,419698805,512
12908,419730917,512
12909,419763033,512
12910,419795146,512
12911,419827218,512
12912,419859216,512
12913,419891216,512
12914,419923326,512
12915,419955630,512
12916,419987678,512
12917,420019841,512
12918,420052664,512
12919,420087454,512
12920,420119898,512
12921,420153093,512
12922,420187574,512
12923,420219800,512
12924,420254220,512
12925,420287833,512
12926,420319946,512
12927,420352076,512
12928,420384124,512
12929,420416544,512
12930,420448620,512
12931,420480847,512
12932,420512863,512
12933,420545157,512
12934,420577260,512
12935,420609345,512
12936,420641532,512
12937,420673533,512
12938,420705623,512
12939,420737642,512
12940,420769759,512
12941,420801784,512
12942,420833900,512
12943,420867290,512
12944,420901511,512
12945,420933535,512
12946,420965667,512
12947,420997749,512
12948,421029774,512
12949,421061852,512
12950,421094132,512
12951,421126164,512
12952,421158235,512
12953,421190307,512
12954,421222655,512
12955,421254659,512
12956,421286951,512
12957,421319092,512
12958,421351171,512
12959,421383602,512
12960,421415727,512
12961,421447872,512
12962,421480994,512
12963,421515152,512
12964,421547165,512
12965,421579458,512
12966,421611834,512
12967,421644004,512
12968,421676021,512
12969,421708180,512
12970,421740347,512
12971,421772421,512
12972,421804447,512
12973,421836491,512
12974,421868641,512
12975,421900654,512
12976,421932807,512
12977,421964877,512
12978,421997820,512
12979,422029834,512
12980,422061881,512
12981,422093899,512
12982,422126082,512
12983,422160818,512
12984,422192999,512
12985,422225245,512
12986,422257523,512
12987,422289717,512
12988,422321913,512
12989,422353933,512
12990,422385987,512
12991,422418144,512
12992,422450285,512
12993,422482287,512
12994,422514475,512
12995,422546658,512
12996,422578763,512
12997,422611161,512
12998,422643187,512
12999,422675258,512
13000,422707461,512
13001,422739619,512
13002,422771622,512
13003,422803754,512
13004,422835883,512
13005,422868046,512
13006,422900105,512
13007,422932240,512
13008,422967255,512
13009,422999357,512
13010,423031664,512
13011,423064006,512
13012,423096023,512
13013,423128140,512
13014,423160159,512
13015,423192167,512
13016,423225261,512
13017,423259768,512
13018,423291867,512
13019,423325843,512
13020,423360017,512
13021,423392160,512
13022,423426074,512
13023,423460350,512
13024,423492551,512
13025,423524596,512
13026,423556934,512
13027,423589044,512
13028,423621158,512
13029,423653233,512
13030,423685384,512
13031,423717505,512
13032,423749637,512
13033,423781707,512
13034,423813820,512
13035,423845835,512
13036,423877952,512
13037,423910101,512
13038,423943516,512
13039,423977602,512
13040,424009758,512
13041,424043024,512
13042,424075109,512
13043,424107151,512
13044,424139300,512
13045,424171399,512
13046,424203562,512
13047,424235722,512
13048,424267751,512
13049,424299917,512
13050,424332031,512
13051,424364086,512
13052,424396190,512
13053,424428270,512
13054,424462911,512
13055,424495193,512
13056,424527461,512
13057,424559786,512
13058,424591893,512
13059,424623903,512
13060,424657416,512
13061,424691186,512
13062,424723198,512
13063,424757638,512
13064,424791790,512
13065,424823837,512
13066,424856256,512
13067,424888287,512
13068,424920330,512
13069,424952442,512
13070,424984742,512
13071,425016818,512
13072,425049004,512
13073,425081030,512
13074,425113222,512
13075,425145235,512
13076,425177432,512
13077,425209450,512
13078,425241489,512
13079,425274898,512
13080,425308859,512
13081,425341304,512
13082,425374316,512
13083,425406476,512
13084,425438642,512
13085,425470643,512
13086,425502752,512
13087,425534802,512
13088,425566801,512
13089,425598818,512
13090,425630946,512
13091,425663068,512
13092,425695120,512
13093,425727313,512
13094,425759501,512
13095,425791569,512
13096,425823750,512
13097,425855886,512
13098,425888136,512
13099,425920233,512
13100,425952378,512
13101,425988583,512
13102,426022874,512
13103,426055260,512
13104,426089052,512
13105,426123269,512
13106,426155495,512
13107,426187667,512
13108,426219760,512
13109,426251776,512
13110,426284165,512
13111,426316304,512
13112,426348694,512
13113,426380808,512
13114,426413099,512
13115,426445140,512
13116,426477162,512
13117,426509215,512
13118,426541254,512
13119,426573418,512
13120,426605820,512
13121,426637897,512
13122,426670085,512
13123,426702298,512
13124,426734378,512
13125,426766427,512
13126,426798607,512
13127,426833040,512
13128,426865567,512
13129,426897924,512
13130,426929983,512
13131,426961998,512
13132,426994290,512
13133,427026354,512
13134,427058535,512
13135,427090701,512
13136,427122738,512
13137,427154900,512
13138,427187077,512
13139,427219970,512
13140,427254158,512
13141,427286583,512
13142,427320057,512
13143,427354939,512
13144,427387264,512
13145,427421134,512
13146,427454918,512
13147,427487148,512
13148,427519304,512
13149,427551462,512
13150,427583471,512
13151,427615826,512
13152,427647833,512
13153,427679894,512
13154,427712125,512
13155,427744166,512
13156,427776426,512
13157,427808509,512
13158,427840658,512
13159,427872683,512
13160,427904725,512
13161,427937304,512
13162,427969513,512
13163,428001657,512
13164,428033675,512
13165,428065708,512
13166,428097798,512
13167,428129818,512
13168,428161813,512
13169,428193958,512
13170,428225979,512
13171,428258147,512
13172,428290311,512
13173,428322429,512
13174,428354519,512
13175,428386658,512
13176,428418776,512
13177,428450880,512
13178,428482982,512
13179,428515106,512
13180,428548358,512
13181,428582051,512
13182,428614128,512
13183,428646270,512
13184,428678275,512
13185,428710602,512
13186,428742876,512
13187,428774954,512
13188,428807077,512
13189,428839274,512
13190,428871371,512
13191,428903469,512
13192,428935557,512
13193,428967628,512
13194,428999669,512
13195,429031793,512
13196,429064548,512
13197,429096733,512
13198,429128786,512
13199,429161715,512
13200,429195642,512
13201,429227666,512
13202,429259955,512
13203,429292047,512
13204,429324507,512
13205,429356837,512
13206,429388912,512
13207,429421103,512
13208,429453217,512
13209,429485276,512
13210,429517329,512
13211,429549406,512
13212,429581517,512
13213,429613695,512
13214,429645733,512
13215,429678250,512
13216,429710361,512
13217,429742470,512
13218,429774570,512
13219,429806658,512
13220,429838724,512
13221,429870875,512
13222,429902979,512
13223,429935031,512
13224,429969738,512
13225,430001764,512
13226,430033853,512
13227,430066559,512
13228,430098715,512
13229,430130729,512
13230,430162759,512
13231,430194835,512
13232,430226951,512
13233,430259101,512
13234,430292316,512
13235,430326641,512
13236,430358836,512
13237,430391946,512
13238,430424022,512
13239,430456024,512
13240,430488087,512
13241,430520247,512
13242,430552347,512
13243,430584445,512
13244,430616582,512
13245,430648703,512
13246,430680753,512
13247,430712915,512
13248,430744932,512
13249,430776935,512
13250,430808986,512
13251,430841121,512
13252,430873186,512
13253,430905549,512
13254,430937723,512
13255,430972441,512
13256,431006175,512
13257,431040257,512
13258,431072778,512
13259,431106728,512
13260,431140589,512
13261,431172927,512
13262,431205167,512
13263,431237173,512
13264,431269341,512
13265,431301678,512
13266,431333864,512
13267,431366026,512
13268,431398045,512
13269,431430192,512
13270,431462314,512
13271,431494482,512
13272,431526532,512
13273,431558582,512
13274,431590762,512
13275,431623478,512
13276,431655493,512
13277,431687532,512
13278,431720344,512
13279,431754462,512
13280,431786655,512
13281,431818942,512
13282,431851246,512
13283,431883442,512
13284,431915480,512
13285,431947580,512
13286,431979614,512
13287,432011953,512
13288,432044126,512
13289,432076146,512
13290,432108146,512
13291,432140347,512
13292,432172381,512
13293,432204571,512
13294,432237174,512
13295,432269264,512
13296,432301327,512
13297,432337385,512
13298,432369495,512
13299,432401658,512
13300,432438795,512
13301,432472622,512
13302,432504682,512
13303,432536849,512
13304,432568867,512
13305,432600913,512
13306,432632944,512
13307,432664997,512
13308,432697614,512
13309,432729682,512
13310,432761794,512
13311,432793805,512
13312,432825931,512
13313,432858095,512
13314,432890278,512
13315,432922387,512
13316,432954583,512
13317,432986655,512
13318,433018785,512
13319,433051973,512
13320,433086234,512
13321,433118284,512
13322,433150398,512
13323,433182837,512
13324,433214923,512
13325,433247097,512
13326,433279213,512
13327,433311280,512
13328,433343349,512
13329,433375416,512
13330,433407436,512
13331,433439823,512
13332,433472270,512
13333,433504313,512
13334,433536471,512
13335,433569103,512
13336,433603286,512
13337,433635558,512
13338,433668769,512
13339,433700783,512
13340,433732973,512
13341,433765010,512
13342,433797123,512
13343,433829155,512
13344,433861284,512
13345,433893322,512
13346,433925467,512
13347,433957492,512
13348,433989601,512
13349,434021695,512
13350,434053803,512
13351,434085940,512
13352,434118106,512
13353,434150122,512
13354,434182557,512
13355,434217267,512
13356,434249749,512
13357,434283060,512
13358,434317080,512
13359,434349524,512
13360,434383625,512
13361,434417304,512
13362,434449857,512
13363,434482021,512
13364,434514223,512
13365,434546461,512
13366,434578640,512
13367,434610663,512
13368,434642728,512
13369,434674751,512
13370,434706743,512
13371,434739131,512
13372,434771162,512
13373,434803346,512
13374,434835388,512
13375,434867422,512
13376,434900820,512
13377,434934595,512
13378,434967258,512
13379,435001177,512
13380,435034864,512
13381,435067738,512
13382,435101712,512
13383,435135726,512
13384,435168001,512
13385,435200280,512
13386,435232372,512
13387,435264433,512
13388,435296499,512
13389,435328534,512
13390,435360752,512
13391,435393072,512
13392,435425260,512
13393,435457441,512
13394,435489465,512
13395,435521492,512
13396,435553635,512
13397,435585774,512
13398,435617966,512
13399,435650080,512
13400,435682149,512
13401,435714704,512
13402,435749458,512
13403,435781654,512
13404,435813701,512
13405,435845960,512
13406,435878010,512
13407,435910180,512
13408,435942421,512
13409,435974448,512
13410,436006583,512
13411,436038634,512
13412,436070644,512
13413,436102821,512
13414,436134848,512
13415,436166952,512
13416,436199048,512
13417,436231543,512
13418,436263725,512
13419,436295900,512
13420,436328752,512
13421,436362820,512
13422,436394991,512
13423,436427582,512
13424,436459978,512
13425,436492015,512
13426,436524066,512
13427,436556238,512
13428,436588286,512
13429,436620355,512
13430,436652473,512
13431,436684614,512
13432,436716658,512
13433,436748858,512
13434,436780897,512
13435,436813068,512
13436,436845738,512
13437,436879943,512
13438,436912345,512
13439,436945468,512
13440,436977476,512
13441,437009603,512
13442,437041626,512
13443,437073805,512
13444,437105976,512
13445,437138101,512
13446,437170172,512
13447,437202172,512
13448,437234297,512
13449,437266413,512
13450,437298451,512
13451,437330503,512
13452,437362543,512
13453,437394600,512
13454,437426639,512
13455,437458786,512
13456,437490934,512
13457,437523104,512
13458,437555139,512
13459,437587141,512
13460,437619159,512
13461,437651260,512
13462,437683363,512
13463,437715372,512
13464,437747427,512
13465,437779557,512
13466,437811755,512
13467,437843935,512
13468,437875999,512
13469,437908186,512
13470,437940287,512
13471,437972641,512
13472,438007025,512
13473,438039332,512
13474,438073066,512
13475,438107610,512
13476,438140010,512
13477,438174618,512
13478,438207443,512
13479,438240002,512
13480,438272003,512
13481,438304308,512
13482,438336576,512
13483,438368721,512
13484,438400741,512
13485,438432954,512
13486,438465007,512
13487,438497057,512
13488,438529221,512
13489,438561417,512
13490,438593488,512
13491,438625656,512
13492,438657741,512
13493,438689883,512
13494,438722065,512
13495,438754254,512
13496,438787903,512
13497,438821284,512
13498,438853559,512
13499,438885869,512
13500,438918171,512
13501,438950448,512
13502,438982449,512
13503,439014451,512
13504,439046737,512
13505,439078764,512
13506,439110814,512
13507,439142942,512
13508,439175048,512
13509,439207101,512
13510,439239125,512
13511,439271295,512
13512,439303727,512
13513,439335800,512
13514,439367923,512
13515,439401027,512
13516,439435272,512
13517,439467365,512
13518,439499537,512
13519,439531844,512
13520,439564217,512
13521,439596452,512
13522,439628497,512
13523,439660522,512
13524,439692538,512
13525,439724736,512
13526,439756732,512
13527,439788918,512
13528,439821075,512
13529,439853152,512
13530,439885221,512
13531,439917870,512
13532,439952540,512
13533,439984708,512
13534,440017672,512
13535,440049822,512
13536,440081949,512
13537,440113981,512
13538,440146130,512
13539,440178230,512
13540,440210252,512
13541,440242284,512
13542,440274345,512
13543,440306484,512
13544,440338663,512
13545,440370819,512
13546,440402864,512
13547,440434935,512
13548,440466942,512
13549,440499019,512
13550,440531402,512
13551,440563491,512
13552,440595599,512
13553,440627641,512
13554,440659773,512
13555,440691928,512
13556,440723932,512
13557,440756082,512
13558,440788143,512
13559,440822821,512
13560,440854986,512
13561,440887033,512
13562,440919108,512
13563,440951250,512
13564,440983256,512
13565,441015311,512
13566,441047457,512
13567,441079517,512
13568,441111637,512
13569,441144941,512
13570,441177001,512
13571,441209025,512
13572,441241057,512
13573,441273257,512
13574,441305450,512
13575,441337642,512
13576,441369760,512
13577,441401822,512
13578,441436477,512
13579,441468709,512
13580,441500802,512
13581,441533185,512
13582,441565383,512
13583,441597668,512
13584,441629821,512
13585,441662114,512
13586,441694294,512
13587,441726399,512
13588,441758406,512
13589,441790451,512
13590,441822580,512
13591,441854681,512
13592,441886837,512
13593,441918850,512
13594,441950897,512
13595,441983023,512
13596,442015126,512
13597,442047311,512
13598,442079338,512
13599,442111487,512
13600,442143489,512
13601,442175516,512
13602,442207712,512
13603,442239822,512
13604,442272538,512
13605,442306880,512
13606,442338936,512
13607,442372882,512
13608,442407473,512
13609,442439582,512
13610,442473268,512
13611,442507742,512
13612,442539942,512
13613,442572237,512
13614,442604458,512
13615,442636583,512
13616,442668674,512
13617,442700850,512
13618,442732918,512
13619,442765186,512
13620,442797181,512
13621,442829377,512
13622,442861380,512
13623,442893537,512
13624,442925568,512
13625,442957696,512
13626,442989935,512
13627,443022086,512
13628,443054249,512
13629,443086385,512
13630,443118420,512
13631,443150532,512
13632,443185391,512
13633,443217438,512
13634,443249490,512
13635,443281745,512
13636,443313907,512
13637,443346229,512
13638,443378295,512
13639,443410436,512
13640,443442639,512
13641,443474822,512
13642,443506985,512
13643,443539027,512
13644,443571230,512
13645,443604178,512
13646,443638164,512
13647,443670457,512
13648,443703757,512
13649,443735770,512
13650,443767792,512
13651,443799933,512
13652,443832073,512
13653,443864152,512
13654,443896315,512
13655,443928426,512
13656,443960609,512
13657,443992731,512
13658,444024808,512
13659,444056905,512
13660,444089055,512
13661,444121152,512
13662,444153260,512
13663,444187886,512
13664,444220569,512
13665,444252870,512
13666,444285071,512
13667,444318259,512
13668,444352511,512
13669,444384554,512
13670,444417992,512
13671,444450025,512
13672,444482066,512
13673,444514194,512
13674,444546312,512
13675,444578345,512
13676,444610349,512
13677,444642429,512
13678,444674576,512
13679,444706638,512
13680,444738708,512
13681,444770761,512
13682,444802951,512
13683,444835056,512
13684,444867181,512
13685,444899237,512
13686,444932498,512
13687,444965738,512
13688,444998156,512
13689,445030258,512
13690,445062518,512
13691,445094642,512
13692,445126805,512
13693,445158937,512
13694,445191120,512
13695,445223281,512
13696,445255447,512
13697,445287597,512
13698,445319658,512
13699,445351794,512
13700,445383847,512
13701,445415926,512
13702,445447957,512
13703,445480081,512
13704,445512159,512
13705,445545579,512
13706,445579645,512
13707,445611883,512
13708,445643982,512
13709,445676297,512
13710,445708496,512
13711,445740647,512
13712,445772789,512
13713,445804857,512
13714,445837122,512
13715,445869260,512
13716,445901386,512
13717,445933573,512
13718,445965709,512
13719,445997767,512
13720,446029828,512
13721,446061837,512
13722,446094012,512
13723,446126039,512
13724,446159247,512
13725,446193367,512
13726,446225481,512
13727,446257762,512
13728,446290073,512
13729,446322152,512
13730,446354311,512
13731,446386333,512
13732,446418416,512
13733,446450592,512
13734,446482661,512
13735,446514916,512
13736,446547073,512
13737,446579135,512
13738,446611228,512
13739,446643516,512
13740,446676005,512
13741,446708095,512
13742,446742845,512
13743,446775531,512
13744,446807857,512
13745,446839900,512
13746,446871902,512
13747,446904025,512
13748,446936127,512
13749,446968216,512
13750,447000353,512
13751,447032547,512
13752,447064551,512
13753,447096748,512
13754,447128940,512
13755,447160987,512
13756,447192996,512
13757,447225193,512
13758,447257215,512
13759,447289552,512
13760,447321659,512
13761,447353784,512
13762,447385846,512
13763,447417962,512
13764,447450038,512
13765,447482170,512
13766,447514196,512
13767,447546226,512
13768,447578254,512
13769,447610255,512
13770,447642362,512
13771,447674463,512
13772,447706474,512
13773,447738553,512
13774,447770581,512
13775,447802655,512
13776,447834657,512
13777,447866786,512
13778,447899969,512
13779,447934131,512
13780,447966213,512
13781,447998446,512
13782,448030735,512
13783,448062776,512
13784,448095086,512
13785,448127136,512
13786,448159252,512
13787,448191490,512
13788,448223648,512
13789,448255752,512
13790,448287792,512
13791,448319820,512
13792,448351883,512
13793,448383893,512
13794,448416999,512
13795,448451307,512
13796,448483524,512
13797,448516749,512
13798,448548836,512
13799,448580909,512
13800,448612998,512
13801,448645145,512
13802,448677260,512
13803,448709378,512
13804,448741516,512
13805,448773551,512
13806,448805583,512
13807,448837602,512
13808,448869642,512
13809,448901828,512
13810,448933913,512
13811,448965957,512
13812,448998102,512
13813,449030251,512
13814,449062297,512
13815,449094399,512
13816,449126499,512
13817,449158682,512
13818,449190784,512
13819,449225849,512
13820,449257891,512
13821,449290051,512
13822,449322234,512
13823,449354292,512
13824,449386452,512
13825,449418522,512
13826,449450699,512
13827,449482772,512
13828,449514860,512
13829,449546904,512
13830,449579082,512
13831,449611108,512
13832,449644069,512
13833,449676096,512
13834,449710797,512
13835,449744936,512
13836,449778848,512
13837,449811049,512
13838,449843147,512
13839,449875212,512
13840,449907669,512
13841,449940069,512
13842,449972124,512
13843,450004213,512
13844,450036326,512
13845,450068510,512
13846,450100580,512
13847,450132584,512
13848,450164721,512
13849,450196863,512
13850,450228880,512
13851,450261059,512
13852,450293088,512
13853,450325214,512
13854,450358701,512
13855,450392561,512
13856,450424723,512
13857,450457077,512
13858,450489234,512
13859,450521255,512
13860,450553604,512
13861,450585750,512
13862,450617945,512
13863,450650108,512
13864,450682166,512
13865,450714215,512
13866,450746386,512
13867,450778575,512
13868,450810689,512
13869,450842859,512
13870,450875131,512
13871,450907228,512
13872,450939422,512
13873,450972215,512
13874,451006408,512
13875,451038485,512
13876,451070551,512
13877,451102631,512
13878,451134882,512
13879,451167216,512
13880,451199288,512
13881,451231346,512
13882,451263374,512
13883,451295448,512
13884,451327854,512
13885,451359880,512
13886,451392029,512
13887,451424233,512
13888,451456351,512
13889,451489426,512
13890,451523456,512
13891,451555792,512
13892,451588761,512
13893,451620799,512
13894,451652846,512
13895,451684908,512
13896,451717090,512
13897,451749283,512
13898,451781385,512
13899,451813574,512
13900,451845683,512
13901,451877768,512
13902,451909915,512
13903,451942111,512
13904,451974311,512
13905,452008955,512
13906,452041057,512
13907,452073087,512
13908,452105602,512
13909,452137657,512
13910,452169777,512
13911,452202074,512
13912,452234298,512
13913,452266433,512
13914,452298723,512
13915,452330770,512
13916,452362931,512
13917,452395125,512
13918,452427177,512
13919,452459177,512
13920,452491271,512
13921,452523398,512
13922,452555488,512
13923,452587642,512
13924,452619699,512
13925,452651884,512
13926,452684043,512
13927,452716451,512
13928,452750562,512
13929,452783156,512
13930,452817280,512
13931,452851011,512
13932,452883456,512
13933,452915808,512
13934,452947980,512
13935,452980169,512
13936,453012309,512
13937,453044310,512
13938,453076383,512
13939,453108418,512
13940,453140487,512
13941,453172632,512
13942,453204705,512
13943,453236961,512
13944,453269150,512
13945,453301161,512
13946,453333540,512
13947,453365642,512
13948,453397748,512
13949,453431472,512
13950,453464983,512
13951,453497288,512
13952,453529649,512
13953,453561658,512
13954,453593857,512
13955,453626010,512
13956,453658138,512
13957,453690174,512
13958,453722312,512
13959,453754396,512
13960,453786532,512
13961,453818724,512
13962,453850896,512
13963,453883034,512
13964,453915129,512
13965,453947309,512
13966,453979313,512
13967,454011461,512
13968,454044088,512
13969,454078900,512
13970,454111084,512
13971,454143101,512
13972,454175222,512
13973,454207345,512
13974,454239351,512
13975,454271422,512
13976,454303494,512
13977,454335686,512
13978,454367883,512
13979,454400079,512
13980,454432099,512
13981,454464430,512
13982,454496581,512
13983,454528756,512
13984,454561151,512
13985,454593217,512
13986,454625354,512
13987,454657944,512
13988,454691902,512
13989,454724297,512
13990,454756551,512
13991,454788621,512
13992,454820798,512
13993,454853227,512
13994,454885428,512
13995,454917581,512
13996,454949743,512
13997,454981911,512
13998,455014022,512
13999,455046148,512
14000,455078248,512
14001,455110411,512
14002,455142532,512
14003,455174832,512
14004,455207014,512
14005,455239081,512
14006,455271219,512
14007,455303249,512
14008,455335336,512
14009,455367338,512
14010,455399375,512
14011,455431477,512
14012,455463573,512
14013,455495637,512
14014,455527763,512
14015,455559820,512
14016,455591820,512
14017,455623851,512
14018,455655994,512
14019,455688110,512
14020,455720172,512
14021,455752176,512
14022,455784348,512
14023,455816379,512
14024,455848489,512
14025,455880683,512
14026,455912715,512
14027,455944859,512
14028,455976956,512
14029,456009099,512
14030,456041154,512
14031,456073162,512
14032,456105291,512
14033,456137446,512
14034,456169559,512
14035,456201683,512
14036,456233724,512
14037,456265822,512
14038,456299429,512
14039,456332796,512
14040,456365163,512
14041,456398330,512
14042,456432981,512
14043,456465175,512
14044,456497321,512
14045,456529639,512
14046,456561762,512
14047,456593786,512
14048,456625925,512
14049,456658018,512
14050,456690079,512
14051,456722256,512
14052,456754449,512
14053,456786601,512
14054,456818786,512
14055,456850832,512
14056,456882896,512
14057,456915610,512
14058,456950331,512
14059,456982553,512
14060,457015960,512
14061,457047986,512
14062,457082713,512
14063,457116890,512
14064,457150967,512
14065,457183376,512
14066,457215619,512
14067,457247733,512
14068,457279821,512
14069,457311883,512
14070,457344081,512
14071,457376127,512
14072,457408183,512
14073,457440290,512
14074,457472459,512
14075,457504480,512
14076,457536517,512
14077,457568517,512
14078,457600606,512
14079,457633043,512
14080,457665191,512
14081,457697314,512
14082,457730472,512
14083,457764424,512
14084,457796666,512
14085,457828929,512
14086,457861080,512
14087,457893221,512
14088,457925251,512
14089,457957501,512
14090,457989551,512
14091,458021596,512
14092,458053682,512
14093,458085803,512
14094,458117877,512
14095,458150096,512
14096,458182256,512
14097,458214363,512
14098,458247425,512
14099,458281898,512
14100,458313953,512
14101,458347172,512
14102,458379275,512
14103,458411464,512
14104,458443536,512
14105,458475660,512
14106,458507783,512
14107,458539876,512
14108,458572038,512
14109,458604135,512
14110,458636238,512
14111,458670857,512
14112,458702955,512
14113,458735404,512
14114,458767402,512
14115,458799439,512
14116,458831800,512
14117,458864078,512
14118,458896140,512
14119,458928235,512
14120,458960405,512
14121,458992551,512
14122,459024676,512
14123,459056924,512
14124,459089082,512
14125,459121192,512
14126,459153217,512
14127,459185358,512
14128,459217431,512
14129,459249619,512
14130,459281731,512
14131,459313754,512
14132,459345863,512
14133,459378268,512
14134,459412952,512
14135,459445126,512
14136,459477569,512
14137,459509879,512
14138,459542021,512
14139,459575720,512
14140,459609824,512
14141,459642180,512
14142,459674214,512
14143,459706552,512
14144,459738605,512
14145,459770730,512
14146,459802774,512
14147,459834926,512
14148,459867084,512
14149,459899275,512
14150,459931347,512
14151,459963869,512
14152,459995882,512
14153,460027924,512
14154,460060075,512
14155,460092179,512
14156,460124275,512
14157,460158939,512
14158,460193023,512
14159,460226788,512
14160,460259241,512
14161,460292289,512
14162,460324404,512
14163,460356459,512
14164,460388471,512
14165,460420547,512
14166,460452547,512
14167,460484576,512
14168,460516588,512
14169,460548695,512
14170,460581655,512
14171,460614532,512
14172,460648255,512
14173,460680366,512
14174,460712462,512
14175,460744984,512
14176,460777142,512
14177,460809146,512
14178,460841160,512
14179,460873229,512
14180,460906862,512
14181,460940993,512
14182,460973120,512
14183,461007066,512
14184,461040908,512
14185,461073371,512
14186,461105714,512
14187,461137933,512
14188,461170274,512
14189,461202283,512
14190,461234429,512
14191,461266488,512
14192,461298568,512
14193,461330988,512
14194,461363126,512
14195,461395310,512
14196,461427437,512
14197,461459482,512
14198,461491491,512
14199,461524305,512
14200,461558754,512
14201,461590861,512
14202,461623972,512
14203,461656110,512
14204,461688180,512
14205,461720213,512
14206,461752260,512
14207,461784386,512
14208,461816422,512
14209,461848437,512
14210,461880441,512
14211,461912471,512
14212,461944588,512
14213,461976677,512
14214,462008724,512
14215,462040864,512
14216,462073057,512
14217,462105119,512
14218,462137657,512
14219,462169763,512
14220,462201789,512
14221,462233907,512
14222,462266061,512
14223,462300814,512
14224,462333488,512
14225,462365610,512
14226,462397634,512
14227,462429748,512
14228,462461758,512
14229,462494085,512
14230,462526095,512
14231,462558167,512
14232,462590587,512
14233,462622755,512
14234,462654908,512
14235,462686990,512
14236,462719042,512
14237,462751576,512
14238,462786394,512
14239,462818595,512
14240,462852475,512
14241,462886304,512
14242,462918406,512
14243,462952573,512
14244,462987019,512
14245,463019031,512
14246,463051315,512
14247,463083495,512
14248,463115516,512
14249,463147679,512
14250,463179795,512
14251,463211839,512
14252,463243989,512
14253,463276225,512
14254,463308346,512
14255,463340500,512
14256,463372593,512
14257,463404798,512
14258,463436928,512
14259,463469308,512
14260,463503932,512
14261,463536173,512
14262,463569268,512
14263,463601277,512
14264,463633473,512
14265,463665633,512
14266,463697642,512
14267,463729821,512
14268,463761962,512
14269,463794022,512
14270,463826095,512
14271,463858104,512
14272,463890109,512
14273,463922274,512
14274,463954282,512
14275,463986448,512
14276,464018633,512
14277,464050783,512
14278,464083098,512
14279,464117645,512
14280,464149836,512
14281,464183668,512
14282,464217713,512
14283,464250367,512
14284,464284267,512
14285,464318305,512
14286,464350623,512
14287,464382921,512
14288,464415323,512
14289,464447438,512
14290,464479599,512
14291,464511673,512
14292,464543833,512
14293,464575904,512
14294,464607996,512
14295,464640007,512
14296,464672162,512
14297,464704172,512
14298,464736285,512
14299,464768355,512
14300,464801016,512
14301,464835566,512
14302,464867782,512
14303,464901184,512
14304,464933257,512
14305,464967907,512
14306,465002856,512
14307,465036238,512
14308,465068316,512
14309,465100575,512
14310,465132757,512
14311,465164856,512
14312,465196977,512
14313,465229142,512
14314,465261299,512
14315,465293481,512
14316,465325538,512
14317,465357686,512
14318,465389766,512
14319,465421825,512
14320,465453855,512
14321,465486023,512
14322,465518318,512
14323,465550312,512
14324,465582400,512
14325,465615189,512
14326,465649954,512
14327,465681964,512
14328,465714139,512
14329,465746431,512
14330,465778533,512
14331,465810720,512
14332,465842878,512
14333,465875031,512
14334,465907099,512
14335,465939415,512
14336,465971468,512
14337,466003558,512
14338,466035706,512
14339,466068032,512
14340,466100235,512
14341,466132416,512
14342,466167184,512
14343,466199583,512
14344,466233027,512
14345,466267044,512
14346,466299714,512
14347,466334249,512
14348,466367366,512
14349,466399878,512
14350,466431878,512
14351,466464199,512
14352,466496495,512
14353,466528584,512
14354,466560714,512
14355,466592763,512
14356,466624785,512
14357,466656855,512
14358,466689053,512
14359,466721278,512
14360,466753410,512
14361,466785467,512
14362,466817622,512
14363,466849744,512
14364,466881760,512
14365,466913924,512
14366,466947342,512
14367,466981167,512
14368,467013787,512
14369,467046149,512
14370,467078324,512
14371,467110417,512
14372,467142573,512
14373,467174753,512
14374,467206928,512
14375,467238946,512
14376,467271104,512
14377,467303245,512
14378,467335431,512
14379,467367487,512
14380,467399596,512
14381,467431675,512
14382,467463705,512
14383,467495752,512
14384,467527832,512
14385,467559856,512
14386,467591974,512
14387,467624019,512
14388,467656071,512
14389,467688200,512
14390,467720353,512
14391,467752530,512
14392,467784701,512
14393,467816790,512
14394,467848876,512
14395,467880931,512
14396,467913090,512
14397,467945156,512
14398,467977221,512
14399,468009334,512
14400,468041475,512
14401,468073961,512
14402,468108003,512
14403,468140410,512
14404,468172740,512
14405,468204934,512
14406,468237174,512
14407,468269394,512
14408,468301614,512
14409,468333633,512
14410,468365762,512
14411,468397783,512
14412,468429944,512
14413,468462052,512
14414,468494139,512
14415,468526485,512
14416,468558681,512
14417,468590834,512
14418,468622866,512
14419,468655033,512
14420,468687988,512
14421,468721804,512
14422,468754123,512
14423,468786282,512
14424,468818417,512
14425,468850721,512
14426,468882917,512
14427,468915097,512
14428,468947291,512
14429,468979391,512
14430,469011552,512
14431,469043594,512
14432,469075687,512
14433,469107809,512
14434,469139882,512
14435,469172005,512
14436,469204159,512
14437,469236440,512
14438,469268442,512
14439,469301851,512
14440,469336293,512
14441,469368306,512
14442,469400422,512
14443,469432579,512
14444,469464620,512
14445,469496638,512
14446,469528817,512
14447,469561191,512
14448,469593230,512
14449,469625576,512
14450,469657763,512
14451,469689858,512
14452,469721947,512
14453,469754066,512
14454,469786129,512
14455,469818417,512
14456,469850473,512
14457,469885144,512
14458,469918192,512
14460,469982555,512
14461,470014710,512
14462,470046814,512
14463,470078842,512
14464,470110963,512
14465,470142983,512
14466,470175013,512
14467,470207071,512
14468,470239173,512
14469,470271219,512
14470,470303312,512
14471,470335315,512
14472,470367419,512
14473,470399456,512
14474,470432514,512
14475,470466525,512
14476,470498925,512
14477,470532546,512
14478,470566828,512
14479,470599086,512
14480,470633215,512
14481,470667032,512
14482,470699461,512
14483,470731705,512
14484,470763843,512
14485,470796137,512
14486,470828260,512
14487,470860409,512
14488,470892604,512
14489,470924765,512
14490,470956811,512
14491,470988899,512
14492,471021012,512
14493,471053175,512
14494,471085346,512
14495,471117378,512
14496,471149487,512
14497,471181516,512
14498,471213538,512
14499,471245673,512
14500,471277774,512
14501,471309791,512
14502,471341934,512
14503,471373991,512
14504,471406094,512
14505,471438217,512
14506,471470346,512
14507,471502511,512
14508,471534673,512
14509,471566852,512
14510,471598904,512
14511,471631028,512
14512,471663164,512
14513,471695221,512
14514,471727227,512
14515,471760998,512
14516,471794405,512
14517,471826417,512
14518,471858738,512
14519,471890736,512
14520,471922794,512
14521,471955174,512
14522,471987370,512
14523,472019471,512
14524,472051673,512
14525,472083775,512
14526,472116200,512
14527,472148217,512
14528,472180292,512
14529,472212485,512
14530,472244644,512
14531,472276865,512
14532,472309021,512
14533,472341159,512
14534,472373970,512
14535,472407705,512
14536,472440312,512
14537,472472477,512
14538,472504853,512
14539,472537025,512
14540,472569030,512
14541,472601195,512
14542,472633315,512
14543,472665363,512
14544,472697536,512
14545,472729750,512
14546,472761799,512
14547,472793945,512
14548,472825974,512
14549,472858019,512
14550,472890979,512
14551,472925781,512
14552,472958025,512
14553,472991264,512
14554,473025742,512
14555,473058316,512
14556,473092378,512
14557,473125597,512
14558,473158172,512
14559,473190318,512
14560,473222693,512
14561,473254850,512
14562,473286930,512
14563,473318986,512
14564,473351078,512
14565,473383189,512
14566,473415363,512
14567,473447490,512
14568,473479655,512
14569,473511836,512
14570,473543864,512
14571,473575887,512
14572,473607938,512
14573,473640071,512
14574,473672149,512
14575,473706279,512
14576,473739553,512
14577,473771644,512
14578,473803955,512
14579,473836013,512
14580,473868189,512
14581,473900195,512
14582,473932533,512
14583,473964787,512
14584,473996983,512
14585,474029101,512
14586,474061252,512
14587,474093478,512
14588,474125549,512
14589,474157642,512
14590,474189831,512
14591,474221950,512
14592,474254065,512
14593,474286195,512
14594,474318366,512
14595,474350483,512
14596,474382525,512
14597,474414621,512
14598,474446763,512
14599,474478877,512
14600,474510962,512
14601,474543122,512
14602,474575281,512
14603,474607317,512
14604,474642030,512
14605,474674141,512
14606,474706252,512
14607,474738313,512
14608,474770591,512
14609,474802975,512
14610,474836305,512
14611,474870439,512
14612,474902790,512
14613,474935809,512
14614,474967864,512
14615,474999908,512
14616,475032095,512
14617,475064292,512
14618,475096382,512
14619,475128398,512
14620,475160599,512
14621,475192786,512
14622,475224811,512
14623,475256895,512
14624,475289050,512
14625,475321233,512
14626,475353337,512
14627,475385430,512
14628,475417583,512
14629,475450895,512
14630,475483937,512
14631,475516566,512
14632,475549786,512
14633,475581889,512
14634,475613901,512
14635,475645973,512
14636,475678023,512
14637,475710158,512
14638,475742318,512
14639,475774422,512
14640,475806516,512
14641,475839213,512
14642,475873105,512
14643,475905408,512
14644,475937664,512
14645,475970046,512
14646,476002104,512
14647,476034182,512
14648,476066390,512
14649,476098548,512
14650,476130657,512
14651,476164439,512
14652,476197909,512
14653,476230269,512
14654,476264454,512
14655,476298631,512
14656,476330731,512
14657,476363054,512
14658,476395192,512
14659,476427247,512
14660,476459418,512
14661,476491448,512
14662,476523599,512
14663,476555656,512
14664,476587941,512
14665,476620060,512
14666,476652217,512
14667,476684221,512
14668,476716260,512
14669,476748274,512
14670,476781386,512
14671,476815986,512
14672,476848027,512
14673,476880786,512
14674,476912883,512
14675,476944961,512
14676,476977084,512
14677,477009150,512
14678,477041290,512
14679,477073399,512
14680,477105549,512
14681,477137716,512
14682,477169775,512
14683,477201896,512
14684,477234037,512
14685,477266217,512
14686,477298551,512
14687,477330721,512
14688,477362722,512
14689,477397763,512
14690,477430033,512
14691,477462107,512
14692,477495527,512
14693,477529957,512
14694,477562058,512
14695,477596089,512
14696,477629862,512
14697,477662230,512
14698,477694381,512
14699,477726515,512
14700,477758984,512
14701,477791133,512
14702,477823140,512
14703,477855332,512
14704,477887391,512
14705,477919519,512
14706,477951731,512
14707,477983786,512
14708,478015922,512
14709,478048102,512
14710,478080193,512
14711,478112488,512
14712,478144638,512
14713,478176640,512
14714,478208821,512
14715,478240821,512
14716,478272850,512
14717,478304982,512
14718,478337022,512
14719,478369069,512
14720,478401229,512
14721,478433313,512
14722,478465346,512
14723,478497425,512
14724,478529557,512
14725,478561633,512
14726,478593818,512
14727,478626010,512
14728,478658023,512
14729,478690232,512
14730,478723196,512
14731,478757112,512
14732,478789323,512
14733,478821505,512
14734,478853507,512
14735,478885640,512
14736,478917986,512
14737,478950189,512
14738,478982246,512
14739,479014315,512
14740,479046356,512
14741,479078444,512
14742,479110614,512
14743,479142820,512
14744,479174883,512
14745,479207074,512
14746,479239245,512
14747,479271319,512
14748,479303594,512
14749,479335798,512
14750,479367810,512
14751,479399820,512
14752,479431831,512
14753,479463875,512
14754,479495875,512
14755,479527886,512
14756,479559946,512
14757,479592097,512
14758,479624244,512
14759,479656362,512
14760,479688588,512
14761,479720602,512
14762,479752684,512
14763,479784708,512
14764,479816840,512
14765,479850483,512
14766,479883871,512
14767,479916266,512
14768,479948491,512
14769,479980693,512
14770,480012945,512
14771,480045003,512
14772,480077169,512
14773,480109191,512
14774,480141418,512
14775,480173481,512
14776,480205603,512
14777,480237695,512
14778,480269756,512
14779,480301788,512
14780,480333848,512
14781,480366156,512
14782,480398198,512
14783,480430250,512
14784,480463911,512
14785,480497977,512
14786,480530069,512
14787,480562285,512
14788,480594297,512
14789,480626566,512
14790,480658829,512
14791,480691004,512
14792,480723192,512
14793,480755283,512
14794,480787297,512
14795,480819467,512
14796,480851573,512
14797,480883702,512
14798,480915869,512
14799,480947989,512
14800,480980458,512
14801,481012532,512
14802,481044599,512
14803,481077495,512
14804,481111483,512
14805,481143783,512
14806,481175882,512
14807,481208221,512
14808,481240600,512
14809,481272751,512
14810,481304883,512
14811,481336897,512
14812,481369006,512
14813,481401146,512
14814,481433178,512
14815,481465180,512
14816,481497337,512
14817,481529429,512
14818,481561553,512
14819,481594457,512
14820,481628672,512
14821,481661074,512
14822,481694146,512
14823,481726190,512
14824,481758378,512
14825,481790492,512
14826,481822547,512
14827,481854572,512
14828,481886650,512
14829,481918721,512
14830,481950908,512
14831,481983085,512
14832,482015151,512
14833,482047311,512
14834,482079474,512
14835,482111573,512
14836,482143657,512
14837,482175800,512
14838,482207820,512
14839,482239839,512
14840,482271942,512
14841,482304027,512
14842,482336131,512
14843,482368166,512
14844,482400252,512
14845,482432358,512
14846,482464519,512
14847,482496532,512
14848,482528684,512
14849,482560694,512
14850,482592790,512
14851,482624891,512
14852,482656962,512
14853,482689123,512
14854,482721290,512
14855,482753422,512
14856,482785454,512
14857,482817599,512
14858,482852108,512
14859,482884387,512
14861,482948738,512
14862,482980870,512
14863,483013152,512
14864,483045319,512
14865,483077436,512
14866,483109622,512
14867,483141711,512
14868,483174021,512
14869,483206164,512
14870,483238325,512
14871,483270501,512
14872,483302564,512
14873,483335213,512
14874,483369811,512
14875,483401890,512
14876,483434858,512
14877,483467037,512
14878,483499235,512
14879,483531294,512
14880,483563336,512
14881,483595348,512
14882,483627362,512
14883,483659481,512
14884,483691521,512
14885,483723673,512
14886,483755746,512
14887,483787823,512
14888,483819904,512
14889,483852112,512
14890,483884133,512
14891,483916327,512
14892,483948758,512
14893,483983472,512
14894,484015873,512
14895,484049430,512
14896,484083713,512
14897,484116082,512
14898,484149061,512
14899,484181065,512
14900,484213144,512
14901,484245256,512
14902,484277312,512
14903,484309346,512
14904,484341483,512
14905,484373497,512
14906,484405653,512
14907,484437712,512
14908,484469831,512
14909,484501834,512
14910,484533908,512
14911,484565999,512
14912,484598042,512
14913,484630189,512
14914,484663873,512
14915,484697333,512
14916,484729418,512
14917,484763522,512
14918,484797164,512
14919,484829443,512
14920,484861914,512
14921,484893937,512
14922,484926323,512
14923,484958593,512
14924,484990713,512
14925,485022829,512
14926,485054898,512
14927,485087066,512
14928,485119505,512
14929,485151624,512
14930,485183728,512
14931,485215836,512
14932,485247976,512
14933,485280074,512
14934,485312163,512
14935,485344358,512
14936,485376462,512
14937,485411033,512
14938,485443373,512
14939,485475651,512
14940,485507820,512
14941,485540012,512
14942,485572187,512
14943,485604264,512
14944,485636300,512
14945,485668310,512
14946,485700452,512
14947,485732624,512
14948,485764659,512
14949,485796831,512
14950,485828946,512
14951,485861090,512
14952,485894013,512
14953,485928277,512
14954,485960790,512
14955,485994830,512
14956,486028850,512
14957,486060955,512
14958,486094808,512
14959,486129186,512
14960,486161540,512
14961,486193561,512
14962,486225679,512
14963,486257986,512
14964,486290078,512
14965,486322265,512
14966,486354464,512
14967,486386638,512
14968,486418661,512
14969,486450832,512
14970,486482866,512
14971,486514897,512
14972,486546957,512
14973,486579056,512
14974,486611754,512
14975,486643932,512
14976,486676018,512
14977,486708029,512
14978,486740101,512
14979,486772132,512
14980,486804289,512
14981,486836465,512
14982,486868535,512
14983,486903162,512
14984,486935355,512
14985,486967498,512
14986,486999525,512
14987,487031627,512
14988,487063706,512
14989,487095708,512
14990,487127787,512
14991,487159961,512
14992,487192034,512
14993,487225172,512
14994,487257293,512
14995,487289459,512
14996,487321478,512
14997,487353482,512
14998,487385750,512
14999,487417785,512
15000,487449786,512
15001,487481818,512
15002,487513995,512
15003,487546031,512
15004,487578163,512
15005,487610163,512
15006,487642189,512
15007,487674247,512
15008,487706310,512
15009,487738722,512
15010,487770820,512
15011,487802978,512
15012,487835798,512
15013,487869964,512
15014,487902055,512
15015,487934316,512
15016,487966471,512
15017,487998641,512
15018,488030758,512
15019,488062892,512
15020,488095069,512
15021,488127271,512
15022,488159462,512
15023,488191566,512
15024,488223711,512
15025,488255763,512
15026,488287859,512
15027,488320002,512
15028,488352871,512
15029,488386921,512
15030,488419653,512
15031,488452500,512
15032,488484659,512
15033,488516804,512
15034,488548897,512
15035,488581042,512
15036,488613067,512
15037,488645108,512
15038,488677187,512
15039,488709296,512
15040,488741387,512
15041,488773550,512
15042,488805601,512
15043,488837620,512
15044,488869763,512
15045,488901874,512
15046,488933952,512
15047,488966549,512
15048,489000577,512
15049,489033102,512
15050,489066805,512
15051,489101233,512
15052,489133687,512
15053,489166943,512
15054,489201085,512
15055,489233461,512
15056,489265792,512
15057,489297817,512
15058,489329943,512
15059,489361992,512
15060,489394403,512
15061,489426448,512
15062,489458702,512
15063,489490740,512
15064,489522897,512
15065,489554973,512
15066,489587027,512
15067,489619087,512
15068,489651193,512
15069,489684083,512
15070,489716165,512
15071,489748341,512
15072,489783930,512
15073,489816102,512
15074,489848262,512
15075,489880377,512
15076,489912522,512
15077,489944698,512
15078,489976843,512
15079,490008949,512
15080,490041017,512
15081,490073097,512
15082,490105287,512
15083,490137380,512
15084,490172055,512
15085,490204267,512
15086,490236516,512
15087,490268540,512
15088,490301083,512
15089,490333258,512
15090,490365328,512
15091,490397947,512
15092,490430037,512
15093,490462115,512
15094,490494284,512
15095,490526413,512
15096,490561291,512
15097,490593855,512
15098,490625965,512
15099,490658052,512
15100,490690181,512
15101,490722363,512
15102,490754511,512
15103,490786632,512
15104,490818698,512
15105,490850830,512
15106,490882841,512
15107,490915003,512
15108,490947107,512
15109,490979147,512
15110,491012374,512
15111,491046490,512
15112,491078676,512
15113,491111950,512
15114,491144047,512
15115,491176117,512
15116,491208285,512
15117,491242981,512
15118,491275216,512
15119,491307634,512
15120,491339696,512
15121,491372097,512
15122,491404133,512
15123,491436167,512
15124,491468346,512
15125,491500451,512
15126,491532566,512
15127,491564621,512
15128,491596639,512
15129,491629103,512
15130,491661133,512
15131,491693237,512
15132,491725326,512
15133,491757413,512
15134,491789516,512
15135,491821673,512
15136,491853841,512
15137,491886017,512
15138,491918104,512
15139,491950283,512
15140,491984981,512
15141,492017153,512
15142,492049478,512
15143,492081914,512
15144,492114097,512
15145,492146201,512
15146,492178243,512
15147,492210426,512
15148,492242877,512
15149,492274968,512
15150,492307104,512
15151,492339214,512
15152,492371349,512
15153,492403464,512
15154,492435583,512
15155,492470278,512
15156,492502408,512
15157,492534702,512
15158,492567049,512
15159,492599323,512
15160,492631455,512
15161,492663469,512
15162,492695578,512
15163,492727724,512
15164,492759814,512
15165,492791922,512
15166,492824048,512
15167,492856854,512
15168,492888864,512
15169,492920940,512
15170,492953023,512
15171,492987717,512
15172,493019720,512
15173,493052452,512
15174,493084637,512
15175,493116676,512
15176,493148689,512
15177,493180903,512
15178,493213114,512
15179,493245142,512
15180,493277251,512
15181,493309267,512
15182,493341291,512
15183,493373538,512
15184,493405727,512
15185,493437733,512
15186,493470090,512
15187,493502140,512
15188,493534155,512
15189,493566262,512
15190,493598296,512
15191,493630361,512
15192,493662545,512
15193,493694733,512
15194,493726779,512
15195,493758785,512
15196,493790884,512
15197,493822975,512
15198,493855104,512
15199,493887295,512
15200,493919351,512
15201,493951408,512
15202,493983851,512
15203,494018121,512
15204,494050309,512
15205,494084446,512
15206,494118752,512
15207,494150985,512
15208,494184969,512
15209,494219169,512
15210,494251540,512
15211,494283744,512
15212,494315857,512
15213,494347974,512
15214,494379985,512
15215,494412192,512
15216,494444384,512
15217,494476460,512
15218,494508592,512
15219,494540731,512
15220,494572851,512
15221,494605017,512
15222,494637152,512
15223,494669290,512
15224,494701803,512
15225,494736406,512
15226,494768606,512
15227,494801716,512
15228,494833771,512
15229,494865830,512
15230,494897945,512
15231,494930056,512
15232,494962192,512
15233,494994233,512
15234,495026337,512
15235,495058347,512
15236,495090362,512
15237,495122528,512
15238,495154613,512
15239,495186724,512
15240,495218749,512
15241,495250946,512
15242,495283062,512
15243,495315733,512
15244,495350234,512
15245,495382528,512
15246,495415822,512
15247,495450210,512
15248,495482518,512
15249,495517136,512
15250,495551192,512
15251,495583198,512
15252,495615243,512
15253,495647516,512
15254,495679726,512
15255,495711787,512
15256,495743871,512
15257,495775902,512
15258,495808014,512
15259,495840024,512
15260,495872046,512
15261,495904082,512
15262,495936467,512
15263,495968627,512
15264,496000731,512
15265,496032935,512
15266,496065098,512
15267,496097238,512
15268,496130150,512
15269,496164375,512
15270,496196453,512
15271,496228714,512
15272,496260905,512
15273,496293092,512
15274,496325168,512
15275,496357276,512
15276,496389612,512
15277,496421721,512
15278,496453870,512
15279,496486033,512
15280,496518180,512
15281,496550237,512
15282,496582406,512
15283,496614459,512
15284,496647199,512
15285,496681440,512
15286,496713987,512
15287,496746992,512
15288,496779136,512
15289,496811177,512
15290,496843286,512
15291,496875334,512
15292,496907379,512
15293,496939443,512
15294,496971550,512
15295,497003657,512
15296,497035757,512
15297,497067762,512
15298,497099837,512
15299,497131932,512
15300,497163967,512
15301,497196148,512
15302,497228151,512
15303,497261425,512
15304,497295450,512
15305,497327459,512
15306,497361335,512
15307,497395375,512
15308,497427802,512
15309,497459996,512
15310,497492127,512
15311,497524146,512
15312,497556630,512
15313,497588802,512
15314,497620883,512
15315,497652932,512
15316,497684965,512
15317,497717064,512
15318,497749217,512
15319,497781348,512
15320,497813522,512
15321,497845715,512
15322,497878032,512
15323,497910134,512
15324,497942217,512
15325,497975377,512
15326,498009429,512
15327,498041524,512
15328,498075488,512
15329,498109843,512
15330,498142062,512
15331,498174344,512
15332,498206510,512
15333,498238839,512
15334,498271027,512
15335,498303074,512
15336,498335083,512
15337,498367178,512
15338,498399294,512
15339,498431471,512
15340,498463675,512
15341,498495837,512
15342,498527899,512
15343,498559950,512
15344,498592387,512
15345,498627070,512
15346,498659134,512
15347,498692393,512
15348,498724509,512
15349,498756680,512
15350,498788710,512
15351,498820822,512
15352,498852997,512
15353,498884989,512
15354,498917062,512
15355,498949164,512
15356,498981180,512
15357,499013322,512
15358,499045425,512
15359,499077516,512
15360,499109553,512
15361,499141584,512
15362,499173763,512
15363,499205935,512
15364,499237932,512
15365,499269954,512
15366,499302057,512
15367,499334187,512
15368,499366199,512
15369,499398350,512
15370,499430387,512
15371,499462510,512
15372,499494683,512
15373,499526811,512
15374,499558864,512
15375,499590993,512
15376,499625701,512
15377,499658049,512
15378,499690259,512
15379,499722646,512
15380,499754748,512
15381,499786836,512
15382,499819791,512
15383,499853901,512
15384,499886425,512
15385,499921053,512
15386,499954269,512
15387,499987103,512
15388,500019535,512
15389,500051575,512
15390,500083634,512
15391,500115720,512
15392,500147867,512
15393,500180034,512
15394,500212195,512
15395,500244350,512
15396,500276505,512
15397,500308536,512
15398,500340687,512
15399,500372725,512
15400,500404775,512
15401,500436878,512
15402,500468980,512
15403,500501063,512
15404,500533913,512
15405,500568380,512
15406,500600682,512
15407,500632854,512
15408,500665049,512
15409,500697176,512
15410,500729272,512
15411,500761310,512
15412,500793331,512
15413,500825485,512
15414,500857541,512
15415,500889682,512
15416,500921779,512
15417,500953873,512
15418,500985931,512
15419,501017937,512
15420,501050457,512
15421,501082593,512
15422,501114647,512
15423,501147681,512
15424,501181636,512
15425,501214022,512
15426,501246269,512
15427,501278368,512
15428,501310705,512
15429,501342755,512
15430,501374875,512
15431,501407011,512
15432,501439154,512
15433,501471193,512
15434,501503270,512
15435,501535439,512
15436,501567457,512
15437,501599771,512
15438,501631963,512
15439,501665144,512
15440,501699389,512
15441,501731654,512
15442,501764906,512
15443,501799553,512
15444,501831759,512
15445,501866160,512
15446,501900108,512
15447,501932300,512
15448,501964528,512
15449,501996534,512
15450,502028588,512
15451,502060873,512
15452,502093046,512
15453,502125168,512
15454,502157303,512
15455,502189382,512
15456,502221443,512
15457,502253485,512
15458,502285541,512
15459,502317687,512
15460,502349815,512
15461,502382138,512
15462,502414260,512
15463,502446417,512
15464,502479379,512
15465,502513712,512
15466,502545999,512
15467,502578005,512
15468,502610267,512
15469,502642393,512
15470,502674540,512
15471,502706704,512
15472,502738842,512
15473,502770878,512
15474,502802941,512
15475,502834971,512
15476,502867154,512
15477,502899217,512
15478,502931422,512
15479,502963510,512
15480,502996148,512
15481,503028352,512
15482,503060361,512
15483,503093119,512
15484,503127147,512
15485,503159356,512
15486,503191490,512
15487,503223577,512
15488,503255920,512
15489,503288128,512
15490,503320305,512
15491,503352443,512
15492,503384482,512
15493,503416590,512
15494,503448759,512
15495,503480842,512
15496,503513021,512
15497,503545140,512
15498,503577272,512
15499,503610146,512
15500,503644273,512
15501,503676660,512
15502,503710134,512
15503,503742200,512
15504,503774283,512
15505,503806399,512
15506,503838547,512
15507,503873257,512
15508,503906097,512
15509,503938246,512
15510,503970364,512
15511,504002437,512
15512,504034622,512
15513,504066659,512
15514,504098836,512
15515,504130935,512
15516,504162996,512
15517,504195190,512
15518,504227315,512
15519,504259462,512
15520,504291523,512
15521,504324493,512
15522,504358574,512
15523,504390650,512
15524,504424838,512
15525,504458385,512
15526,504490879,512
15527,504523353,512
15528,504555562,512
15529,504587741,512
15530,504619895,512
15531,504651974,512
15532,504684078,512
15533,504716107,512
15534,504748304,512
15535,504780355,512
15536,504812414,512
15537,504844618,512
15538,504876742,512
15540,504942257,512
15541,504975871,512
15542,505008447,512
15543,505041333,512
15544,505073406,512
15545,505105491,512
15546,505137493,512
15547,505169694,512
15548,505201757,512
15549,505233859,512
15550,505265913,512
15551,505298069,512
15552,505330245,512
15553,505362409,512
15554,505394550,512
15555,505426589,512
15556,505458622,512
15557,505490623,512
15558,505522717,512
15559,505555025,512
15560,505587217,512
15561,505619270,512
15562,505651298,512
15563,505683334,512
15564,505715477,512
15565,505747575,512
15566,505779658,512
15567,505811828,512
15568,505843921,512
15569,505876055,512
15570,505910681,512
15571,505943005,512
15572,505975309,512
15573,506007524,512
15574,506039736,512
15575,506071916,512
15576,506104057,512
15577,506136140,512
15578,506168379,512
15579,506200525,512
15580,506232645,512
15581,506264687,512
15582,506296844,512
15583,506329003,512
15584,506361065,512
15585,506393180,512
15586,506425350,512
15587,506457450,512
15588,506489511,512
15589,506521638,512
15590,506553825,512
15591,506585883,512
15592,506618078,512
15593,506650080,512
15594,506682359,512
15595,506717229,512
15596,506749454,512
15597,506782157,512
15598,506814189,512
15599,506846240,512
15600,506878245,512
15601,506910353,512
15602,506942409,512
15603,506974489,512
15604,507006659,512
15605,507038772,512
15606,507070973,512
15607,507103124,512
15608,507135150,512
15609,507167260,512
15610,507199420,512
15611,507231473,512
15612,507263633,512
15613,507295810,512
15614,507327910,512
15615,507359955,512
15616,507391965,512
15617,507423993,512
15618,507456012,512
15619,507488097,512
15620,507520191,512
15621,507552390,512
15622,507584460,512
15623,507616486,512
15624,507648658,512
15625,507680682,512
15626,507712691,512
15627,507744779,512
15628,507776783,512
15629,507809013,512
15630,507841024,512
15631,507873134,512
15632,507906122,512
15633,507940456,512
15634,507972513,512
15635,508004663,512
15636,508036829,512
15637,508069084,512
15638,508101245,512
15639,508133348,512
15640,508165513,512
15641,508197557,512
15642,508229728,512
15643,508261900,512
15644,508294083,512
15645,508326246,512
15646,508358355,512
15647,508390399,512
15648,508423219,512
15649,508457408,512
15650,508489857,512
15651,508523193,512
15652,508555245,512
15653,508587261,512
15654,508619278,512
15655,508651407,512
15656,508683553,512
15657,508715576,512
15658,508747666,512
15659,508779727,512
15660,508811774,512
15661,508843917,512
15662,508875985,512
15663,508908127,512
15664,508940189,512
15665,508972249,512
15666,509004448,512
15667,509036447,512
15668,509068567,512
15669,509100708,512
15670,509132875,512
15671,509164880,512
15672,509197077,512
15673,509229186,512
15674,509261233,512
15675,509293250,512
15676,509325372,512
15677,509357418,512
15678,509389436,512
15679,509421543,512
15680,509453547,512
15681,509485660,512
15682,509517800,512
15683,509549804,512
15684,509581937,512
15685,509614086,512
15686,509646366,512
15687,509680593,512
15688,509713162,512
15689,509745391,512
15690,509777788,512
15691,509810041,512
15692,509842221,512
15693,509874360,512
15694,509906554,512
15695,509938711,512
15696,509970857,512
15697,510002883,512
15698,510034911,512
15699,510067104,512
15700,510099262,512
15701,510131368,512
15702,510163702,512
15703,510197973,512
15704,510230598,512
15705,510263618,512
15706,510295762,512
15707,510327904,512
15708,510359980,512
15709,510392121,512
15710,510424256,512
15711,510456455,512
15712,510488516,512
15713,510520588,512
15714,510552752,512
15715,510584887,512
15716,510616883,512
15717,510649038,512
15718,510681043,512
15719,510713168,512
15720,510745313,512
15721,510780255,512
15722,510812288,512
15723,510844299,512
15724,510878701,512
15725,510912166,512
15726,510944681,512
15727,510978569,512
15728,511012680,512
15729,511044831,512
15730,511077200,512
15731,511109312,512
15732,511141326,512
15733,511173555,512
15734,511205572,512
15735,511237658,512
15736,511269855,512
15737,511301878,512
15738,511334095,512
15739,511366100,512
15740,511398272,512
15741,511430376,512
15742,511462477,512
15743,511495282,512
15744,511527286,512
15745,511559471,512
15746,511591604,512
15747,511626389,512
15748,511658577,512
15749,511690596,512
15750,511722644,512
15751,511754722,512
15752,511786876,512
15753,511819259,512
15754,511851347,512
15755,511883517,512
15756,511915710,512
15757,511947926,512
15758,511979942,512
15759,512011978,512
15760,512044098,512
15761,512076170,512
15762,512109308,512
15763,512144090,512
15764,512176256,512
15765,512209009,512
15766,512241079,512
15767,512273114,512
15768,512305165,512
15769,512337167,512
15770,512369171,512
15771,512401228,512
15772,512433302,512
15773,512465371,512
15774,512497436,512
15775,512529509,512
15776,512561645,512
15777,512593740,512
15778,512625755,512
15779,512657859,512
15780,512689994,512
15781,512722781,512
15782,512757256,512
15783,512789653,512
15784,512823966,512
15785,512857706,512
15786,512890003,512
15787,512923280,512
15788,512955302,512
15789,512987395,512
15790,513019437,512
15791,513053849,512
15792,513086349,512
15793,513118786,512
15794,513151052,512
15795,513183224,512
15796,513215324,512
15797,513247364,512
15798,513279533,512
15799,513311696,512
15800,513343888,512
15801,513375936,512
15802,513407971,512
15803,513441209,512
15804,513474961,512
15805,513507348,512
15806,513539964,512
15807,513572080,512
15808,513604494,512
15809,513636562,512
15810,513668580,512
15811,513700628,512
15812,513732758,512
15813,513764925,512
15814,513796972,512
15815,513828997,512
15816,513861056,512
15817,513893147,512
15818,513925258,512
15819,513957362,512
15820,513989381,512
15821,514021418,512
15822,514054479,512
15823,514088738,512
15824,514121078,512
15825,514154747,512
15826,514188792,512
15827,514221163,512
15828,514254604,512
15829,514286623,512
15830,514318789,512
15831,514350841,512
15832,514382976,512
15833,514415039,512
15834,514447127,512
15835,514479245,512
15836,514511373,512
15837,514543434,512
15838,514575459,512
15839,514607523,512
15840,514639658,512
15841,514671814,512
15842,514703826,512
15843,514735980,512
15844,514769143,512
15845,514803050,512
15846,514835355,512
15847,514869095,512
15848,514903242,512
15849,514935267,512
15850,514967705,512
15851,514999774,512
15852,515031887,512
15853,515063989,512
15854,515096189,512
15855,515128372,512
15856,515160576,512
15857,515192688,512
15858,515224854,512
15859,515256950,512
15860,515289097,512
15861,515321112,512
15862,515353235,512
15863,515386397,512
15864,515420168,512
15865,515452771,512
15866,515486023,512
15867,515518217,512
15868,515550298,512
15869,515582351,512
15870,515614364,512
15871,515646523,512
15872,515678691,512
15874,515745666,512
15875,515777769,512
15876,515809960,512
15877,515842120,512
15878,515874263,512
15879,515906423,512
15880,515938422,512
15881,515970797,512
15882,516002875,512
15883,516034930,512
15884,516067114,512
15885,516100213,512
15886,516134269,512
15887,516166931,512
15888,516200724,512
15889,516234808,512
15890,516266894,512
15891,516299213,512
15892,516331371,512
15893,516363795,512
15894,516395856,512
15895,516427889,512
15896,516460002,512
15897,516492127,512
15898,516524228,512
15899,516556235,512
15900,516588432,512
15901,516620471,512
15902,516652547,512
15903,516684705,512
15904,516717570,512
15905,516751928,512
15906,516784383,512
15907,516817594,512
15908,516849724,512
15909,516881837,512
15910,516914022,512
15911,516946132,512
15912,516980781,512
15913,517013525,512
15914,517045610,512
15915,517077669,512
15916,517109691,512
15917,517141896,512
15918,517173922,512
15919,517205937,512
15920,517237976,512
15921,517270261,512
15922,517302457,512
15923,517334467,512
15924,517366608,512
15925,517398770,512
15926,517431590,512
15927,517466198,512
15928,517498220,512
15929,517531967,512
15930,517566795,512
15931,517599022,512
15932,517631385,512
15933,517663516,512
15934,517695517,512
15935,517727580,512
15936,517759581,512
15937,517791594,512
15938,517823799,512
15939,517856001,512
15940,517888057,512
15941,517920139,512
15942,517952288,512
15943,517984437,512
15944,518016545,512
15945,518048948,512
15946,518081056,512
15947,518113149,512
15948,518145832,512
15949,518179886,512
15950,518212162,512
15951,518244392,512
15952,518276504,512
15953,518308572,512
15954,518340610,512
15955,518372794,512
15956,518405089,512
15957,518437311,512
15958,518469473,512
15959,518501485,512
15960,518533579,512
15961,518565741,512
15962,518598149,512
15963,518630263,512
15964,518663000,512
15965,518697334,512
15966,518729680,512
15967,518762858,512
15968,518795013,512
15969,518827095,512
15970,518859133,512
15971,518891151,512
15972,518923221,512
15973,518955279,512
15974,518987371,512
15975,519019372,512
15976,519051410,512
15977,519083497,512
15978,519115680,512
15979,519147787,512
15980,519179795,512
15981,519211839,512
15982,519243940,512
15983,519276517,512
15984,519310842,512
15985,519343325,512
15986,519377158,512
15987,519411355,512
15988,519443644,512
15989,519477621,512
15990,519511397,512
15991,519543861,512
15992,519576334,512
15993,519608478,512
15994,519640567,512
15995,519672655,512
15996,519704661,512
15997,519736897,512
15998,519768905,512
15999,519800954,512
16000,519833117,512
16001,519865298,512
16002,519897310,512
16003,519929386,512
16004,519961495,512
16005,519994570,512
16006,520028812,512
16007,520061250,512
16008,520094430,512
16009,520126511,512
16010,520158526,512
16011,520190723,512
16012,520222805,512
16013,520254820,512
16014,520286897,512
16015,520318922,512
16016,520351032,512
16017,520383212,512
16018,520415263,512
16019,520447407,512
16020,520479575,512
16021,520511642,512
16022,520543747,512
16023,520575771,512
16024,520608332,512
16025,520642815,512
16026,520674901,512
16027,520707589,512
16028,520739716,512
16029,520771741,512
16030,520803919,512
16031,520835932,512
16032,520868004,512
16033,520900067,512
16034,520932139,512
16035,520964171,512
16036,520996192,512
16037,521028502,512
16038,521060547,512
16039,521092601,512
16040,521124795,512
16041,521156872,512
16042,521188906,512
16043,521222444,512
16044,521256584,512
16045,521288849,512
16046,521322409,512
16047,521356729,512
16048,521388832,512
16049,521422386,512
16050,521454409,512
16051,521486411,512
16052,521518583,512
16053,521552862,512
16054,521585527,512
16055,521617539,512
16056,521649589,512
16057,521681708,512
16058,521713844,512
16059,521746338,512
16060,521778427,512
16061,521810461,512
16062,521842504,512
16063,521874516,512
16064,521906703,512
16065,521940067,512
16066,521974188,512
16067,522006451,512
16068,522039655,512
16069,522071786,512
16070,522103856,512
16071,522135952,512
16072,522167964,512
16073,522200000,512
16074,522232125,512
16075,522264136,512
16076,522296174,512
16077,522328174,512
16078,522360234,512
16079,522392265,512
16080,522424267,512
16081,522456581,512
16082,522489012,512
16083,522521180,512
16084,522553383,512
16085,522587698,512
16086,522620305,512
16087,522654195,512
16088,522688079,512
16089,522720538,512
16090,522754491,512
16091,522788933,512
16092,522821042,512
16093,522853303,512
16094,522885401,512
16095,522917421,512
16096,522949471,512
16097,522981555,512
16098,523013741,512
16099,523045792,512
16100,523078064,512
16101,523110099,512
16102,523142175,512
16103,523174462,512
16104,523206609,512
16105,523238654,512
16106,523271234,512
16107,523303348,512
16108,523335375,512
16109,523367849,512
16110,523402047,512
16111,523434374,512
16112,523466701,512
16113,523499051,512
16114,523531285,512
16115,523563293,512
16116,523595353,512
16117,523627516,512
16118,523659653,512
16119,523691698,512
16120,523723876,512
16121,523755960,512
16122,523788142,512
16123,523820170,512
16124,523852343,512
16125,523885034,512
16126,523919721,512
16127,523951874,512
16128,523985261,512
16129,524019989,512
16130,524052201,512
16131,524086081,512
16132,524120344,512
16133,524152421,512
16134,524184610,512
16135,524216732,512
16136,524248803,512
16137,524280809,512
16138,524313221,512
16139,524345372,512
16140,524377575,512
16141,524409633,512
16142,524441847,512
16143,524473940,512
16144,524506130,512
16145,524538133,512
16146,524570256,512
16147,524602519,512
16148,524634605,512
16149,524666623,512
16150,524699686,512
16151,524733635,512
16152,524766103,512
16153,524798388,512
16154,524830634,512
16155,524862761,512
16156,524894780,512
16157,524926969,512
16158,524959162,512
16159,524991363,512
16160,525023551,512
16161,525055687,512
16162,525087858,512
16163,525120040,512
16164,525152094,512
16165,525184236,512
16166,525216390,512
16167,525248516,512
16168,525280562,512
16169,525312611,512
16170,525344698,512
16171,525376724,512
16172,525408922,512
16173,525441022,512
16174,525473150,512
16175,525505337,512
16176,525537396,512
16177,525569398,512
16178,525601537,512
16179,525633731,512
16180,525665732,512
16181,525697736,512
16182,525729749,512
16183,525761872,512
16184,525794006,512
16185,525827312,512
16186,525860919,512
16187,525893021,512
16188,525925275,512
16189,525957332,512
16190,525989549,512
16191,526021878,512
16192,526054031,512
16193,526086065,512
16194,526118076,512
16195,526150366,512
16196,526182389,512
16197,526214426,512
16198,526246500,512
16199,526278604,512
16200,526310740,512
16201,526343378,512
16202,526375572,512
16203,526407733,512
16204,526440637,512
16205,526475320,512
16206,526507398,512
16207,526539500,512
16208,526571681,512
16209,526603786,512
16210,526635885,512
16211,526668083,512
16212,526700257,512
16213,526732250,512
16214,526764295,512
16215,526796298,512
16216,526828348,512
16217,526860482,512
16218,526892505,512
16219,526924613,512
16220,526957437,512
16221,526992159,512
16222,527024370,512
16223,527058402,512
16224,527092461,512
16225,527124488,512
16226,527159237,512
16227,527192538,512
16228,527224641,512
16229,527256929,512
16230,527288976,512
16231,527321100,512
16232,527353258,512
16233,527385304,512
16234,527417763,512
16235,527449880,512
16236,527482035,512
16237,527514198,512
16238,527546337,512
16239,527578487,512
16240,527610567,512
16241,527642652,512
16242,527674778,512
16243,527706872,512
16244,527739067,512
16245,527772134,512
16246,527806433,512
16247,527838546,512
16248,527870556,512
16249,527902631,512
16250,527934635,512
16251,527966835,512
16252,527999164,512
16253,528031478,512
16254,528063665,512
16255,528095798,512
16256,528127974,512
16257,528160003,512
16258,528192123,512
16259,528224217,512
16260,528256217,512
16261,528288997,512
16262,528321029,512
16263,528353039,512
16264,528385888,512
16265,528420014,512
16266,528452038,512
16267,528484394,512
16268,528516571,512
16269,528548730,512
16270,528580874,512
16271,528613043,512
16272,528645253,512
16273,528677324,512
16274,528709501,512
16275,528741706,512
16276,528773745,512
16277,528805874,512
16278,528838035,512
16279,528870098,512
16280,528903305,512
16281,528937214,512
16282,528969514,512
16283,529002521,512
16284,529034683,512
16285,529066707,512
16286,529098768,512
16287,529130924,512
16288,529163034,512
16289,529195180,512
16290,529227320,512
16291,529259358,512
16292,529291519,512
16293,529323653,512
16294,529355655,512
16295,529387763,512
16296,529419851,512
16297,529451995,512
16298,529484168,512
16299,529516399,512
16300,529550763,512
16301,529583108,512
16302,529617085,512
16303,529651337,512
16304,529683361,512
16305,529717559,512
16306,529751658,512
16307,529783676,512
16308,529815966,512
16309,529848392,512
16310,529880492,512
16311,529912614,512
16312,529944680,512
16313,529976693,512
16314,530008876,512
16315,530040971,512
16316,530072987,512
16317,530105081,512
16318,530137272,512
16319,530169278,512
16320,530201442,512
16321,530234449,512
16322,530268915,512
16323,530301025,512
16324,530334753,512
16325,530369557,512
16326,530401608,512
16327,530436015,512
16328,530469651,512
16329,530502002,512
16330,530534320,512
16331,530566521,512
16332,530598675,512
16333,530630778,512
16334,530662954,512
16335,530695075,512
16336,530727103,512
16337,530759139,512
16338,530791227,512
16339,530823417,512
16340,530855475,512
16341,530887506,512
16342,530919610,512
16343,530951955,512
16344,530984090,512
16345,531016117,512
16346,531049059,512
16347,531083476,512
16348,531115940,512
16349,531147965,512
16350,531180031,512
16351,531212115,512
16352,531244179,512
16353,531276317,512
16354,531308325,512
16355,531340524,512
16356,531372584,512
16357,531404790,512
16358,531436943,512
16359,531469084,512
16360,531501144,512
16361,531533260,512
16362,531565560,512
16363,531597687,512
16364,531629858,512
16365,531661897,512
16366,531694066,512
16367,531726130,512
16368,531758142,512
16369,531790299,512
16370,531822308,512
16371,531854372,512
16372,531886562,512
16373,531918570,512
16374,531950673,512
16375,531982873,512
16376,532014884,512
16377,532046975,512
16378,532079101,512
16379,532111260,512
16380,532143414,512
16381,532176119,512
16382,532210636,512
16383,532242769,512
16384,532275110,512
16385,532307280,512
16386,532339412,512
16387,532371571,512
16388,532403641,512
16389,532435744,512
16390,532467841,512
16391,532499923,512
16392,532532115,512
16393,532564181,512
16394,532596196,512
16395,532628247,512
16396,532660311,512
16397,532692354,512
16398,532724538,512
16399,532756637,512
16400,532788737,512
16401,532820783,512
16402,532852846,512
16403,532884993,512
16404,532917001,512
16405,532949186,512
16406,532981358,512
16407,533013422,512
16408,533045465,512
16409,533077558,512
16410,533109745,512
16411,533141794,512
16412,533173859,512
16413,533205925,512
16414,533238007,512
16415,533270062,512
16416,533303413,512
16417,533337510,512
16418,533369861,512
16419,533401914,512
16420,533433988,512
16421,533465996,512
16422,533498221,512
16423,533530285,512
16424,533562514,512
16425,533594508,512
16426,533626745,512
16427,533658952,512
16428,533691169,512
16429,533723278,512
16430,533755426,512
16431,533787429,512
16432,533819457,512
16433,533851562,512
16434,533883595,512
16435,533917733,512
16436,533951009,512
16437,533983197,512
16438,534015381,512
16439,534047494,512
16440,534079703,512
16441,534111932,512
16442,534143988,512
16443,534176058,512
16444,534208174,512
16445,534240258,512
16446,534272371,512
16447,534304418,512
16448,534336518,512
16449,534368639,512
16450,534400727,512
16451,534433235,512
16452,534465260,512
16453,534497266,512
16454,534530561,512
16455,534564308,512
16456,534596923,512
16457,534629062,512
16458,534661288,512
16459,534693612,512
16460,534725799,512
16461,534757915,512
16462,534789934,512
16463,534822020,512
16464,534854061,512
16465,534886138,512
16466,534918290,512
16467,534950477,512
16468,534982545,512
16469,535014696,512
16470,535047431,512
16471,535079483,512
16472,535114090,512
16473,535147830,512
16474,535182321,512
16475,535214381,512
16476,535249008,512
16477,535282363,512
16478,535315176,512
16479,535347194,512
16480,535379450,512
16481,535411533,512
16482,535443689,512
16483,535475811,512
16484,535507951,512
16485,535540143,512
16486,535572500,512
16487,535604526,512
16488,535636576,512
16489,535668750,512
16490,535700841,512
16491,535732872,512
16492,535764961,512
16493,535797158,512
16494,535829330,512
16495,535862731,512
16496,535895830,512
16497,535928499,512
16498,535960697,512
16499,535993065,512
16500,536025233,512
16501,536057234,512
16502,536089544,512
16503,536121689,512
16504,536153776,512
16505,536185796,512
16506,536217897,512
16507,536250093,512
16508,536282281,512
16509,536314406,512
16510,536346579,512
16511,536378657,512
16512,536410674,512
16513,536442749,512
16514,536475430,512
16515,536510091,512
16516,536542524,512
16517,536574678,512
16518,536606845,512
16519,536638875,512
16520,536670990,512
16521,536702991,512
16522,536735141,512
16523,536767235,512
16524,536799333,512
16525,536831512,512
16526,536863532,512
16527,536895593,512
16528,536927683,512
16529,536959835,512
16530,536992722,512
16531,537024771,512
16532,537059311,512
16533,537092846,512
16534,537124986,512
16535,537157087,512
16536,537189176,512
16537,537221297,512
16538,537253350,512
16539,537285481,512
16540,537317496,512
16541,537349676,512
16542,537384849,512
16543,537416877,512
16544,537448995,512
16545,537481143,512
16546,537513305,512
16547,537545338,512
16548,537577333,512
16549,537609454,512
16550,537641616,512
16551,537673650,512
16552,537706725,512
16553,537738738,512
16554,537773321,512
16555,537806980,512
16556,537842123,512
16557,537874262,512
16558,537906398,512
16559,537938544,512
16560,537970721,512
16561,538002897,512
16562,538035038,512
16563,538067103,512
16564,538099260,512
16565,538131382,512
16566,538163474,512
16567,538195524,512
16568,538227690,512
16569,538259874,512
16570,538291973,512
16571,538324342,512
16572,538358955,512
16573,538391042,512
16574,538424360,512
16575,538456532,512
16576,538488658,512
16577,538520755,512
16578,538552904,512
16579,538587606,512
16580,538620299,512
16581,538652415,512
16582,538684727,512
16583,538716821,512
16584,538748968,512
16585,538781097,512
16586,538813155,512
16587,538845280,512
16588,538877291,512
16589,538909365,512
16590,538941504,512
16591,538973635,512
16592,539005636,512
16593,539037959,512
16594,539070042,512
16595,539102168,512
16596,539134236,512
16597,539166339,512
16598,539198349,512
16599,539230435,512
16600,539262458,512
16601,539294534,512
16602,539326676,512
16603,539358857,512
16604,539390921,512
16605,539422922,512
16606,539455022,512
16607,539487228,512
16608,539519422,512
16609,539551741,512
16610,539586445,512
16611,539618463,512
16612,539652199,512
16613,539686787,512
16614,539719150,512
16615,539752736,512
16616,539786602,512
16617,539819475,512
16618,539851606,512
16619,539883747,512
16620,539915803,512
16621,539947945,512
16622,539980145,512
16623,540012273,512
16624,540044447,512
16625,540076627,512
16626,540108698,512
16627,540140911,512
16628,540172922,512
16629,540205022,512
16630,540237143,512
16631,540269747,512
16632,540304498,512
16633,540336831,512
16634,540369496,512
16635,540401659,512
16636,540433819,512
16637,540465922,512
16638,540497936,512
16639,540530046,512
16640,540562082,512
16641,540594161,512
16642,540626260,512
16643,540658380,512
16644,540690478,512
16645,540722516,512
16646,540754580,512
16647,540786642,512
16648,540818749,512
16649,540850798,512
16650,540883229,512
16651,540915371,512
16652,540949763,512
16653,540983496,512
16654,541015619,512
16655,541047682,512
16656,541079683,512
16657,541111771,512
16658,541143957,512
16659,541176058,512
16660,541208150,512
16661,541240263,512
16662,541272263,512
16663,541304428,512
16664,541336442,512
16665,541368451,512
16666,541400640,512
16667,541435463,512
16668,541467466,512
16669,541500066,512
16670,541532261,512
16671,541564291,512
16672,541597791,512
16673,541631997,512
16674,541664238,512
16675,541698187,512
16676,541731950,512
16677,541764282,512
16678,541796811,512
16679,541828895,512
16680,541861039,512
16681,541893178,512
16682,541925448,512
16683,541957644,512
16684,541989797,512
16685,542021821,512
16686,542053957,512
16687,542086136,512
16688,542118186,512
16689,542150287,512
16690,542182459,512
16691,542215114,512
16692,542249589,512
16693,542281718,512
16694,542314192,512
16695,542346249,512
16696,542378412,512
16697,542410695,512
16698,542442784,512
16699,542474844,512
16700,542506969,512
16701,542539108,512
16702,542571271,512
16703,542603386,512
16704,542635464,512
16705,542667600,512
16706,542699686,512
16707,542731716,512
16708,542763897,512
16709,542796067,512
16710,542828515,512
16711,542860642,512
16712,542892752,512
16713,542924786,512
16714,542959194,512
16715,542991631,512
16716,543024183,512
16717,543056225,512
16718,543088492,512
16719,543120687,512
16720,543152698,512
16721,543184863,512
16722,543216978,512
16723,543249085,512
16724,543281180,512
16725,543313199,512
16726,543345346,512
16727,543377432,512
16728,543409552,512
16729,543442333,512
16730,543477047,512
16731,543509045,512
16732,543543349,512
16733,543577697,512
16734,543609706,512
16735,543642034,512
16736,543674057,512
16737,543706161,512
16738,543738348,512
16739,543770497,512
16740,543802610,512
16741,543834795,512
16742,543866820,512
16743,543898993,512
16744,543931037,512
16745,543963080,512
16746,543995187,512
16747,544027292,512
16748,544059385,512
16749,544091586,512
16750,544123696,512
16751,544157349,512
16752,544190524,512
16753,544222886,512
16754,544255169,512
16755,544287349,512
16756,544319452,512
16757,544351768,512
16758,544383781,512
16759,544415791,512
16760,544448042,512
16761,544480199,512
16762,544512466,512
16763,544544676,512
16764,544576751,512
16765,544608910,512
16766,544640950,512
16767,544672981,512
16768,544705033,512
16769,544737159,512
16770,544770350,512
16771,544804598,512
16772,544836856,512
16773,544868967,512
16774,544901086,512
16775,544933409,512
16776,544965528,512
16777,544997584,512
16778,545029700,512
16779,545061703,512
16780,545093722,512
16781,545125781,512
16782,545158112,512
16783,545190121,512
16784,545222213,512
16785,545254256,512
16786,545287196,512
16787,545319336,512
16788,545351385,512
16789,545383443,512
16790,545415516,512
16791,545447660,512
16792,545479702,512
16793,545511711,512
16794,545543817,512
16795,545575985,512
16796,545608101,512
16797,545642837,512
16798,545675046,512
16799,545707226,512
16800,545739404,512
16801,545771596,512
16802,545803874,512
16803,545836035,512
16804,545868046,512
16805,545900509,512
16806,545932633,512
16807,545964749,512
16808,545996804,512
16809,546028922,512
16810,546061022,512
16811,546093215,512
16812,546125352,512
16813,546157548,512
16814,546189579,512
16815,546221627,512
16816,546253767,512
16817,546285861,512
16818,546317968,512
16819,546349972,512
16820,546382146,512
16821,546414170,512
16822,546446273,512
16823,546478289,512
16824,546511229,512
16825,546544949,512
16826,546577448,512
16827,546609643,512
16828,546641799,512
16829,546674079,512
16830,546706175,512
16831,546738326,512
16832,546770383,512
16833,546802642,512
16834,546834675,512
16835,546866880,512
16836,546898987,512
16837,546931100,512
16838,546963283,512
16839,546995475,512
16840,547028339,512
16841,547062408,512
16842,547094842,512
16843,547127793,512
16844,547159956,512
16845,547192083,512
16846,547224131,512
16847,547256253,512
16848,547288389,512
16849,547320585,512
16850,547352613,512
16851,547384642,512
16852,547416658,512
16853,547448763,512
16854,547480803,512
16855,547512978,512
16856,547545021,512
16857,547577163,512
16858,547609255,512
16859,547641334,512
16860,547673396,512
16861,547705551,512
16862,547737631,512
16863,547769657,512
16864,547801657,512
16865,547833753,512
16866,547865789,512
16867,547897799,512
16868,547929825,512
16869,547961982,512
16870,547993987,512
16871,548026136,512
16872,548058269,512
16873,548090410,512
16874,548122597,512
16875,548154865,512
16876,548187032,512
16877,548219053,512
16878,548251973,512
16879,548285649,512
16880,548318059,512
16881,548350420,512
16882,548382627,512
16883,548414867,512
16884,548446979,512
16885,548479121,512
16886,548511301,512
16887,548543487,512
16888,548575555,512
16889,548607556,512
16890,548639575,512
16891,548671673,512
16892,548703796,512
16893,548735931,512
16894,548768737,512
16895,548800737,512
16896,548832813,512
16897,548864821,512
16898,548896857,512
16899,548928963,512
16900,548961014,512
16901,548993113,512
16902,549025230,512
16903,549057260,512
16904,549089272,512
16905,549121446,512
16906,549153460,512
16907,549185499,512
16908,549217619,512
16909,549249757,512
16910,549281790,512
16911,549313944,512
16912,549346025,512
16913,549379094,512
16914,549412873,512
16915,549445268,512
16916,549477367,512
16917,549509407,512
16918,549541820,512
16919,549573832,512
16920,549606061,512
16921,549638126,512
16922,549670153,512
16923,549702274,512
16924,549734547,512
16925,549766737,512
16926,549798844,512
16927,549831145,512
16928,549863252,512
16929,549895576,512
16930,549927770,512
16931,549959857,512
16932,549991976,512
16933,550024157,512
16934,550058872,512
16935,550091215,512
16936,550123385,512
16937,550155562,512
16938,550187636,512
16939,550219841,512
16940,550251841,512
16941,550283883,512
16942,550316042,512
16943,550348173,512
16944,550380540,512
16945,550412740,512
16946,550444776,512
16947,550476933,512
16948,550509546,512
16949,550544084,512
16950,550576226,512
16951,550609405,512
16952,550641570,512
16953,550673658,512
16954,550705851,512
16955,550737963,512
16956,550770042,512
16957,550802185,512
16958,550834313,512
16959,550866399,512
16960,550898516,512
16961,550933177,512
16962,550965697,512
16963,550998049,512
16964,551030080,512
16965,551062148,512
16966,551094214,512
16967,551126331,512
16968,551158385,512
16969,551190521,512
16970,551224006,512
16971,551258111,512
16972,551290270,512
16973,551324294,512
16974,551358381,512
16975,551390493,512
16976,551423352,512
16977,551455532,512
16978,551487721,512
16979,551519884,512
16980,551552043,512
16981,551584180,512
16982,551616310,512
16983,551648493,512
16984,551680564,512
16985,551712715,512
16986,551744785,512
16987,551779583,512
16988,551811627,512
16989,551843877,512
16990,551876038,512
16991,551908373,512
16992,551941418,512
16993,551973447,512
16994,552005465,512
16995,552037621,512
16996,552072270,512
16997,552104542,512
16998,552137565,512
16999,552169633,512
17000,552201658,512
17001,552233681,512
17002,552265711,512
17003,552297812,512
17004,552329898,512
17005,552362036,512
17006,552394117,512
17007,552426260,512
17008,552458437,512
17009,552490459,512
17010,552522653,512
17011,552554975,512
17012,552587121,512
17013,552621793,512
17014,552655960,512
17015,552690401,512
17016,552722485,512
17017,552754733,512
17018,552786776,512
17019,552818972,512
17020,552851049,512
17021,552883197,512
17022,552915364,512
17023,552947454,512
17024,552979584,512
17025,553011786,512
17026,553044033,512
17027,553076049,512
17028,553108131,512
17029,553140176,512
17030,553172618,512
17031,553204697,512
17032,553236873,512
17033,553269594,512
17035,553336169,512
17036,553368324,512
17037,553400402,512
17038,553432694,512
17039,553464725,512
17040,553496850,512
17041,553528918,512
17042,553561094,512
17043,553593199,512
17044,553625286,512
17045,553657465,512
17046,553689588,512
17047,553721686,512
17048,553753822,512
17049,553786562,512
17050,553821516,512
17051,553853615,512
17052,553886443,512
17053,553918644,512
17054,553950770,512
17055,553982932,512
17056,554017622,512
17057,554049786,512
17058,554082300,512
17059,554114459,512
17060,554146660,512
17061,554178724,512
17062,554210882,512
17063,554242940,512
17064,554275095,512
17065,554307115,512
17066,554339222,512
17067,554371397,512
17068,554403876,512
17069,554435977,512
17070,554468058,512
17071,554500322,512
17072,554532356,512
17073,554564460,512
17074,554601131,512
17075,554635348,512
17076,554667564,512
17077,554699671,512
17078,554731945,512
17079,554764065,512
17080,554796174,512
17081,554828174,512
17082,554860295,512
17083,554892351,512
17084,554924667,512
17085,554956805,512
17086,554988840,512
17087,555020950,512
17088,555053087,512
17089,555085191,512
17090,555117807,512
17091,555149813,512
17092,555181858,512
17093,555214653,512
17094,555248968,512
17095,555281071,512
17096,555313293,512
17097,555345694,512
17098,555377925,512
17099,555410033,512
17100,555442105,512
17101,555474123,512
17102,555506139,512
17103,555538462,512
17104,555570762,512
17105,555602785,512
17106,555634886,512
17107,555666907,512
17108,555699088,512
17109,555731866,512
17110,555766526,512
17111,555798630,512
17112,555831555,512
17113,555863741,512
17114,555895902,512
17115,555927924,512
17116,555960045,512
17117,555992075,512
17118,556024124,512
17119,556056258,512
17120,556088282,512
17121,556120463,512
17122,556152466,512
17123,556184501,512
17124,556216535,512
17125,556248694,512
17126,556280834,512
17127,556312912,512
17128,556345454,512
17129,556380516,512
17130,556412647,512
17131,556445696,512
17132,556480288,512
17133,556512337,512
17134,556546395,512
17135,556580550,512
17136,556613070,512
17137,556645351,512
17138,556677487,512
17139,556709535,512
17140,556741706,512
17141,556773785,512
17142,556805856,512
17143,556837959,512
17144,556870013,512
17145,556902163,512
17146,556934340,512
17147,556966499,512
17148,556998570,512
17149,557030736,512
17150,557063275,512
17151,557095281,512
17152,557127327,512
17153,557160216,512
17154,557194430,512
17155,557226434,512
17156,557258643,512
17157,557290865,512
17158,557323100,512
17159,557355160,512
17160,557387351,512
17161,557419428,512
17162,557451741,512
17163,557483900,512
17164,557516027,512
17165,557548151,512
17166,557580230,512
17167,557612258,512
17168,557644348,512
17169,557677337,512
17170,557711312,512
17171,557743815,512
17172,557777102,512
17173,557809247,512
17174,557841430,512
17175,557878171,512
17176,557912297,512
17177,557944413,512
17178,557976463,512
17179,558008684,512
17180,558041112,512
17181,558073247,512
17182,558105301,512
17183,558137399,512
17184,558169466,512
17185,558201462,512
17186,558233734,512
17187,558265815,512
17188,558297884,512
17189,558329963,512
17190,558361971,512
17191,558394549,512
17192,558426642,512
17193,558458666,512
17194,558490758,512
17195,558522897,512
17196,558555034,512
17197,558587171,512
17198,558619283,512
17199,558651452,512
17200,558683638,512
17201,558715795,512
17202,558747871,512
17203,558779990,512
17204,558814618,512
17205,558846997,512
17206,558879457,512
17207,558911477,512
17208,558943923,512
17209,558976087,512
17210,559008828,512
17211,559043369,512
17212,559075475,512
17213,559108386,512
17214,559140398,512
17215,559172532,512
17216,559204724,512
17217,559236859,512
17218,559269020,512
17219,559301130,512
17220,559333276,512
17221,559365468,512
17222,559397484,512
17223,559429673,512
17224,559461821,512
17225,559493903,512
17226,559528726,512
17227,559561043,512
17228,559593416,512
17229,559625425,512
17230,559657480,512
17231,559689675,512
17232,559722565,512
17233,559754663,512
17234,559789291,512
17235,559823310,512
17236,559857489,512
17237,559889583,512
17238,559921831,512
17239,559953960,512
17240,559986368,512
17241,560018404,512
17242,560050444,512
17243,560082563,512
17244,560114707,512
17245,560146904,512
17246,560179051,512
17247,560211197,512
17248,560243326,512
17249,560275478,512
17250,560307483,512
17251,560339922,512
17252,560372037,512
17253,560404087,512
17254,560436170,512
17255,560468295,512
17256,560500330,512
17257,560532361,512
17258,560564456,512
17259,560596564,512
17260,560628711,512
17261,560660859,512
17262,560692974,512
17263,560725086,512
17264,560757259,512
17265,560789328,512
17266,560821511,512
17267,560853628,512
17268,560888295,512
17269,560920552,512
17270,560953754,512
17271,560985821,512
17272,561017823,512
17273,561050028,512
17274,561082108,512
17275,561114242,512
17276,561146373,512
17277,561178511,512
17278,561213365,512
17279,561245751,512
17280,561277949,512
17281,561309987,512
17282,561342142,512
17283,561374275,512
17284,561406462,512
17285,561438622,512
17286,561470642,512
17287,561502789,512
17288,561534899,512
17289,561567737,512
17290,561602160,512
17291,561634397,512
17292,561668310,512
17293,561702519,512
17294,561734577,512
17295,561768909,512
17296,561802527,512
17297,561834937,512
17298,561867143,512
17299,561899260,512
17300,561931635,512
17301,561963810,512
17302,561995909,512
17303,562027998,512
17304,562060195,512
17305,562092377,512
17306,562124448,512
17307,562156621,512
17308,562188646,512
17309,562220736,512
17310,562252881,512
17311,562285610,512
17312,562320213,512
17313,562352413,512
17314,562385201,512
17315,562417322,512
17316,562449322,512
17317,562481388,512
17318,562513430,512
17319,562545562,512
17320,562577699,512
17321,562609731,512
17322,562641845,512
17323,562673878,512
17324,562706038,512
17325,562738067,512
17326,562770199,512
17327,562802395,512
17328,562834572,512
17329,562866624,512
17330,562898692,512
17331,562930754,512
17332,562962797,512
17333,562994865,512
17334,563026924,512
17335,563059031,512
17336,563091167,512
17337,563123359,512
17338,563155566,512
17339,563187656,512
17340,563219856,512
17341,563251883,512
17342,563283910,512
17343,563315950,512
17344,563348016,512
17345,563380146,512
17346,563412417,512
17347,563444442,512
17348,563476543,512
17349,563509005,512
17350,563543794,512
17351,563576062,512
17352,563608416,512
17353,563640552,512
17354,563672580,512
17355,563704724,512
17356,563736734,512
17357,563768801,512
17358,563800820,512
17359,563832986,512
17360,563865125,512
17361,563897145,512
17362,563929250,512
17363,563961357,512
17364,563993541,512
17365,564026457,512
17366,564061140,512
17367,564093521,512
17368,564126117,512
17369,564158190,512
17370,564190296,512
17371,564222411,512
17372,564254427,512
17373,564286576,512
17374,564318771,512
17375,564350897,512
17376,564383085,512
17377,564415098,512
17378,564447308,512
17379,564479374,512
17380,564511562,512
17381,564543562,512
17382,564575619,512
17383,564607751,512
17384,564640533,512
17385,564674778,512
17386,564706798,512
17387,564739855,512
17388,564771881,512
17389,564803964,512
17390,564836164,512
17391,564868195,512
17392,564900361,512
17393,564932413,512
17394,564964501,512
17395,564996657,512
17396,565028822,512
17397,565061011,512
17398,565093061,512
17399,565125237,512
17400,565157273,512
17401,565189382,512
17402,565221489,512
17403,565253894,512
17404,565288349,512
17405,565320442,512
17406,565354741,512
17407,565388850,512
17408,565421100,512
17409,565454806,512
17410,565488898,512
17411,565520955,512
17412,565553284,512
17413,565585643,512
17414,565617733,512
17415,565649741,512
17416,565681889,512
17417,565714003,512
17418,565746221,512
17419,565778246,512
17420,565810666,512
17421,565842821,512
17422,565874932,512
17423,565906932,512
17424,565939027,512
17425,565971693,512
17426,566006250,512
17427,566038386,512
17428,566071814,512
17429,566103901,512
17430,566135980,512
17431,566168101,512
17432,566200145,512
17433,566234825,512
17434,566267614,512
17435,566299649,512
17436,566331649,512
17437,566364003,512
17438,566396177,512
17439,566428326,512
17440,566460497,512
17441,566492546,512
17442,566524675,512
17443,566556725,512
17444,566588863,512
17445,566620951,512
17446,566652959,512
17447,566685813,512
17448,566720227,512
17449,566752369,512
17450,566786084,512
17451,566820424,512
17452,566852705,512
17453,566885055,512
17454,566917187,512
17455,566949190,512
17456,566981511,512
17457,567013683,512
17458,567045838,512
17459,567077998,512
17460,567110200,512
17461,567142221,512
17462,567174408,512
17463,567206408,512
17464,567238585,512
17465,567270708,512
17466,567303553,512
17467,567337957,512
17468,567370046,512
17469,567403687,512
17470,567438312,512
17471,567470721,512
17472,567502717,512
17473,567534797,512
17474,567566872,512
17475,567599245,512
17476,567631260,512
17477,567663303,512
17478,567695356,512
17479,567727631,512
17480,567759655,512
17481,567791700,512
17482,567823914,512
17483,567855917,512
17484,567887939,512
17485,567920115,512
17486,567952193,512
17487,567984421,512
17488,568017622,512
17489,568051927,512
17490,568084362,512
17491,568118022,512
17492,568151955,512
17493,568184145,512
17494,568216527,512
17495,568248798,512
17496,568281098,512
17497,568313170,512
17498,568345327,512
17499,568377436,512
17500,568409565,512
17501,568441736,512
17502,568473829,512
17503,568505985,512
17504,568538031,512
17505,568570231,512
17506,568602258,512
17507,568634632,512
17508,568666698,512
17509,568698828,512
17510,568731708,512
17511,568765640,512
17512,568797891,512
17513,568830130,512
17514,568862436,512
17515,568894628,512
17516,568926744,512
17517,568958884,512
17518,568991002,512
17519,569023037,512
17520,569055058,512
17521,569087187,512
17522,569119333,512
17523,569151360,512
17524,569183554,512
17525,569215568,512
17526,569248593,512
17527,569282931,512
17528,569315359,512
17529,569348372,512
17530,569380419,512
17531,569412468,512
17532,569444621,512
17533,569476658,512
17534,569508820,512
17535,569540876,512
17536,569573062,512
17537,569605215,512
17538,569637315,512
17539,569669317,512
17540,569701442,512
17541,569733574,512
17542,569765721,512
17543,569797827,512
17544,569829917,512
17545,569862028,512
17546,569894198,512
17547,569926198,512
17548,569958257,512
17549,569990383,512
17550,570022562,512
17551,570054627,512
17552,570086681,512
17553,570118710,512
17554,570150828,512
17555,570182982,512
17556,570215072,512
17557,570247139,512
17558,570279286,512
17559,570311379,512
17560,570346103,512
17561,570378287,512
17562,570410291,512
17563,570442486,512
17564,570476165,512
17565,570510525,512
17566,570542782,512
17567,570576925,512
17568,570610965,512
17569,570643001,512
17570,570676996,512
17571,570711235,512
17572,570743368,512
17573,570775545,512
17574,570807730,512
17575,570839911,512
17576,570872061,512
17577,570904242,512
17578,570936399,512
17579,570968508,512
17580,571000622,512
17581,571032740,512
17582,571064831,512
17583,571096934,512
17584,571128996,512
17585,571161064,512
17586,571194033,512
17587,571228161,512
17588,571260553,512
17589,571293810,512
17590,571325863,512
17591,571357881,512
17592,571389994,512
17593,571422040,512
17594,571454200,512
17595,571486375,512
17596,571518428,512
17597,571550599,512
17598,571582614,512
17599,571614706,512
17600,571646800,512
17601,571678962,512
17602,571710971,512
17603,571743092,512
17604,571775267,512
17605,571807488,512
17606,571842189,512
17607,571874253,512
17608,571908322,512
17609,571942095,512
17610,571974598,512
17611,572008604,512
17612,572042393,512
17613,572074960,512
17614,572107054,512
17615,572139258,512
17616,572171494,512
17617,572203707,512
17618,572235817,512
17619,572267956,512
17620,572300035,512
17621,572332119,512
17622,572364194,512
17623,572396200,512
17624,572428359,512
17625,572460471,512
17626,572492616,512
17627,572525430,512
17628,572560091,512
17629,572592190,512
17630,572625458,512
17631,572657635,512
17632,572689699,512
17633,572721799,512
17634,572753909,512
17635,572785998,512
17636,572818077,512
17637,572850270,512
17638,572884990,512
17639,572917241,512
17640,572949517,512
17641,572981759,512
17642,573013777,512
17643,573045927,512
17644,573078160,512
17645,573110352,512
17646,573142546,512
17647,573174736,512
17648,573206901,512
17649,573239381,512
17650,573271459,512
17651,573306112,512
17652,573340444,512
17653,573374431,512
17654,573406482,512
17655,573438721,512
17656,573471159,512
17657,573503598,512
17658,573535738,512
17659,573567872,512
17660,573599971,512
17661,573632112,512
17662,573664280,512
17663,573696376,512
17664,573728532,512
17665,573760609,512
17666,573792737,512
17667,573824775,512
17668,573856939,512
17669,573888990,512
17670,573921077,512
17671,573953897,512
17672,573988039,512
17673,574020211,512
17674,574052427,512
17675,574084709,512
17676,574116801,512
17677,574148955,512
17678,574181145,512
17679,574213188,512
17680,574245317,512
17681,574277363,512
17682,574309537,512
17683,574341582,512
17684,574373683,512
17685,574405844,512
17686,574437849,512
17687,574470858,512
17688,574505909,512
17689,574538145,512
17690,574570622,512
17691,574602757,512
17692,574634956,512
17693,574666990,512
17694,574699132,512
17695,574731144,512
17696,574763181,512
17697,574795260,512
17698,574827288,512
17699,574859442,512
17700,574891563,512
17701,574923682,512
17702,574955850,512
17703,574987925,512
17704,575020066,512
17705,575052110,512
17706,575084356,512
17707,575116358,512
17708,575148534,512
17709,575184562,512
17710,575216658,512
17711,575248825,512
17712,575285504,512
17713,575319797,512
17714,575351882,512
17715,575384037,512
17716,575416237,512
17717,575448516,512
17718,575480592,512
17719,575512595,512
17720,575544898,512
17721,575577095,512
17722,575609200,512
17723,575641316,512
17724,575673491,512
17725,575705686,512
17726,575737797,512
17727,575769992,512
17728,575802404,512
17729,575836738,512
17730,575869136,512
17731,575902378,512
17732,575934398,512
17733,575966486,512
17734,575998658,512
17735,576030773,512
17736,576062811,512
17737,576094889,512
17738,576127055,512
17739,576159217,512
17740,576191387,512
17741,576223422,512
17742,576255445,512
17743,576287598,512
17744,576319614,512
17745,576351782,512
17746,576383820,512
17747,576416322,512
17748,576450370,512
17749,576482964,512
17750,576515810,512
17751,576547897,512
17752,576580090,512
17753,576612230,512
17754,576644381,512
17755,576676553,512
17756,576708697,512
17757,576740833,512
17758,576773031,512
17759,576805126,512
17760,576837190,512
17761,576869291,512
17762,576901346,512
17763,576936075,512
17764,576968088,512
17765,577000275,512
17766,577032602,512
17767,577064819,512
17768,577096981,512
17769,577130366,512
17770,577164433,512
17771,577196865,512
17772,577230901,512
17773,577264541,512
17774,577297231,512
17775,577329413,512
17776,577361483,512
17777,577393675,512
17778,577425936,512
17779,577458122,512
17780,577490281,512
17781,577522394,512
17782,577554516,512
17783,577586518,512
17784,577618650,512
17785,577650761,512
17786,577682864,512
17787,577714943,512
17788,577747641,512
17789,577779658,512
17790,577811665,512
17791,577843753,512
17792,577875896,512
17793,577907959,512
17794,577940130,512
17795,577972247,512
17796,578004399,512
17797,578039076,512
17798,578071166,512
17800,578135359,512
17801,578167478,512
17802,578199516,512
17803,578231614,512
17804,578263668,512
17805,578295994,512
17806,578328001,512
17807,578361301,512
17808,578393329,512
17809,578425357,512
17810,578457362,512
17811,578489378,512
17812,578521384,512
17813,578553549,512
17814,578585623,512
17815,578617666,512
17816,578649839,512
17817,578681902,512
17818,578713913,512
17819,578745987,512
17820,578778020,512
17821,578810163,512
17822,578842324,512
17823,578874381,512
17824,578906524,512
17825,578938586,512
17826,578971673,512
17827,579005894,512
17828,579037898,512
17829,579070196,512
17830,579102560,512
17831,579134595,512
17832,579166660,512
17833,579198715,512
17834,579230778,512
17835,579263037,512
17836,579295149,512
17837,579327198,512
17838,579359397,512
17839,579391478,512
17840,579423565,512
17841,579455665,512
17842,579488785,512
17843,579523131,512
17844,579555280,512
17845,579588334,512
17846,579620441,512
17847,579652620,512
17848,579684820,512
17849,579716994,512
17850,579749080,512
17851,579781252,512
17852,579813277,512
17853,579845438,512
17854,579880111,512
17855,579912178,512
17856,579944251,512
17857,579976345,512
17858,580009194,512
17859,580041277,512
17860,580073465,512
17861,580105602,512
17862,580137753,512
17863,580169941,512
17864,580202790,512
17865,580237360,512
17866,580269468,512
17867,580303306,512
17868,580337357,512
17869,580369584,512
17870,580401685,512
17871,580433878,512
17872,580466182,512
17873,580498278,512
17874,580530347,512
17875,580562368,512
17876,580594638,512
17877,580626825,512
17878,580659194,512
17879,580691383,512
17880,580723476,512
17881,580755668,512
17882,580787799,512
17883,580819918,512
17884,580851941,512
17885,580883978,512
17886,580916855,512
17887,580950846,512
17888,580983099,512
17889,581015392,512
17890,581047569,512
17891,581079821,512
17892,581111849,512
17893,581143980,512
17894,581176083,512
17895,581208082,512
17896,581240373,512
17897,581272528,512
17898,581304688,512
17899,581336755,512
17900,581368912,512
17901,581400978,512
17902,581434139,512
17903,581468443,512
17904,581500494,512
17905,581533647,512
17906,581565760,512
17907,581597906,512
17908,581630017,512
17909,581662042,512
17910,581694153,512
17911,581726275,512
17912,581758399,512
17913,581790441,512
17914,581822523,512
17915,581854690,512
17916,581886872,512
17917,581918882,512
17918,581950975,512
17919,581983077,512
17920,582015257,512
17921,582047606,512
17922,582082098,512
17923,582114216,512
17924,582147880,512
17925,582182090,512
17926,582214439,512
17927,582247525,512
17928,582279561,512
17929,582311673,512
17930,582343860,512
17931,582375914,512
17932,582407938,512
17933,582440078,512
17934,582472133,512
17935,582504362,512
17936,582536532,512
17937,582568572,512
17938,582600638,512
17939,582632821,512
17940,582664838,512
17941,582696844,512
17942,582728980,512
17943,582762571,512
17944,582795797,512
17945,582828296,512
17946,582860354,512
17947,582892664,512
17948,582924680,512
17949,582956969,512
17950,582989060,512
17951,583021229,512
17952,583053274,512
17953,583085304,512
17954,583117387,512
17955,583149534,512
17956,583181562,512
17957,583213648,512
17958,583245899,512
17959,583278284,512
17960,583310351,512
17961,583342467,512
17962,583375856,512
17963,583410311,512
17964,583442475,512
17965,583474564,512
17966,583506586,512
17967,583538721,512
17968,583570834,512
17969,583602943,512
17970,583635063,512
17971,583667170,512
17972,583699216,512
17973,583731364,512
17974,583763410,512
17975,583795507,512
17976,583827613,512
17977,583859872,512
17978,583891977,512
17979,583924146,512
17980,583956159,512
17981,583989339,512
17982,584023015,512
17983,584055549,512
17984,584087853,512
17985,584120217,512
17986,584152317,512
17987,584184350,512
17988,584216425,512
17989,584248488,512
17990,584282125,512
17991,584316802,512
17992,584348904,512
17993,584381096,512
17994,584413214,512
17995,584445351,512
17996,584477532,512
17997,584509670,512
17998,584541696,512
17999,584573745,512
18000,584606089,512
18001,584638278,512
18002,584670281,512
18003,584702583,512
18004,584734754,512
18005,584766814,512
18006,584798888,512
18007,584833329,512
18008,584865802,512
18009,584898260,512
18010,584930399,512
18011,584962433,512
18012,584994655,512
18013,585026764,512
18014,585058875,512
18015,585091056,512
18016,585123502,512
18017,585155510,512
18018,585187547,512
18019,585219795,512
18020,585251863,512
18021,585283926,512
18022,585316396,512
18023,585348766,512
18024,585383176,512
18025,585415264,512
18026,585447549,512
18027,585479709,512
18028,585511951,512
18029,585544064,512
18030,585576351,512
18031,585608393,512
18032,585640455,512
18033,585672599,512
18034,585704665,512
18035,585736798,512
18036,585768972,512
18037,585800998,512
18038,585834584,512
18039,585868646,512
18040,585900993,512
18041,585934469,512
18042,585968829,512
18043,586000873,512
18044,586033159,512
18045,586065540,512
18046,586097723,512
18047,586129858,512
18048,586161868,512
18049,586193990,512
18050,586226089,512
18051,586258086,512
18052,586290272,512
18053,586322365,512
18054,586354477,512
18055,586386564,512
18056,586418576,512
18057,586451167,512
18058,586483347,512
18059,586515461,512
18060,586547491,512
18061,586579499,512
18062,586611631,512
18063,586643789,512
18064,586675822,512
18065,586707972,512
18066,586739972,512
18067,586772144,512
18068,586804168,512
18069,586836308,512
18070,586868443,512
18071,586900514,512
18072,586932562,512
18073,586964576,512
18074,586996599,512
18075,587028664,512
18076,587061408,512
18077,587095366,512
18078,587127939,512
18079,587160179,512
18080,587192262,512
18081,587224730,512
18082,587256918,512
18083,587289028,512
18084,587321401,512
18085,587353470,512
18086,587385523,512
18087,587417721,512
18088,587449873,512
18089,587481940,512
18090,587514080,512
18091,587546175,512
18092,587578332,512
18093,587610483,512
18094,587642485,512
18095,587675492,512
18096,587709666,512
18097,587741750,512
18098,587773951,512
18099,587806113,512
18100,587838349,512
18101,587870470,512
18102,587902657,512
18103,587934698,512
18104,587966729,512
18105,587998905,512
18106,588030998,512
18107,588063171,512
18108,588095194,512
18109,588127361,512
18110,588159508,512
18111,588192365,512
18112,588226870,512
18113,588259037,512
18114,588292264,512
18115,588324329,512
18116,588356481,512
18117,588388524,512
18118,588420675,512
18119,588452774,512
18120,588484875,512
18121,588517000,512
18122,588549022,512
18123,588581077,512
18124,588613143,512
18125,588645189,512
18126,588677237,512
18127,588709430,512
18128,588741614,512
18129,588773627,512
18130,588805982,512
18131,588841189,512
18132,588873346,512
18133,588906592,512
18134,588940645,512
18135,588972954,512
18136,589005293,512
18137,589037320,512
18138,589069671,512
18139,589101886,512
18140,589133934,512
18141,589165950,512
18142,589198107,512
18143,589230144,512
18144,589262296,512
18145,589294509,512
18146,589326625,512
18147,589358638,512
18148,589391030,512
18149,589423143,512
18150,589455302,512
18151,589487314,512
18153,589554441,512
18154,589586582,512
18155,589618758,512
18156,589650824,512
18157,589683305,512
18158,589715516,512
18159,589747639,512
18160,589779787,512
18161,589812181,512
18162,589844294,512
18163,589876377,512
18164,589908553,512
18165,589940572,512
18166,589972575,512
18167,590004763,512
18168,590036867,512
18169,590069061,512
18170,590101149,512
18171,590134263,512
18172,590168241,512
18173,590200497,512
18174,590232502,512
18175,590264640,512
18176,590296831,512
18177,590329058,512
18178,590361178,512
18179,590393321,512
18180,590425322,512
18181,590457521,512
18182,590489578,512
18183,590521637,512
18184,590553732,512
18185,590585976,512
18186,590618039,512
18187,590650311,512
18188,590682314,512
18189,590714516,512
18190,590747604,512
18191,590782007,512
18192,590814372,512
18193,590846458,512
18194,590878635,512
18195,590910834,512
18196,590943012,512
18197,590975053,512
18198,591007216,512
18199,591039264,512
18200,591071267,512
18201,591103349,512
18202,591135428,512
18203,591167605,512
18204,591199674,512
18205,591231838,512
18206,591264571,512
18207,591296660,512
18208,591328698,512
18209,591360757,512
18210,591392908,512
18211,591424914,512
18212,591456929,512
18213,591488979,512
18214,591521002,512
18215,591553081,512
18216,591585153,512
18217,591617333,512
18218,591649335,512
18219,591681414,512
18220,591713451,512
18221,591745609,512
18222,591777625,512
18223,591809806,512
18224,591841996,512
18225,591875935,512
18226,591909156,512
18227,591941385,512
18228,591973704,512
18229,592005729,512
18230,592037894,512
18231,592070012,512
18232,592102127,512
18233,592134156,512
18234,592166312,512
18235,592198485,512
18236,592230604,512
18237,592262691,512
18238,592294699,512
18239,592326910,512
18240,592359002,512
18241,592391444,512
18242,592423622,512
18243,592455622,512
18244,592488501,512
18245,592522189,512
18246,592554819,512
18247,592587012,512
18248,592619084,512
18249,592651136,512
18250,592683234,512
18251,592715501,512
18252,592747558,512
18253,592779847,512
18254,592811866,512
18255,592844240,512
18256,592876327,512
18257,592908425,512
18258,592940701,512
18259,592972867,512
18260,593004977,512
18261,593037098,512
18262,593069249,512
18263,593101274,512
18264,593133324,512
18265,593165522,512
18266,593197628,512
18267,593229688,512
18268,593261696,512
18269,593293857,512
18270,593326032,512
18271,593358151,512
18272,593390315,512
18273,593422387,512
18274,593454547,512
18275,593489261,512
18276,593521446,512
18277,593553687,512
18278,593585941,512
18279,593618852,512
18280,593650956,512
18281,593683081,512
18282,593715172,512
18283,593747248,512
18284,593779263,512
18285,593811380,512
18286,593843421,512
18287,593875574,512
18288,593907753,512
18289,593939773,512
18290,593971957,512
18291,594004033,512
18292,594036183,512
18293,594070657,512
18294,594102936,512
18295,594135133,512
18296,594167452,512
18297,594199723,512
18298,594233070,512
18299,594267507,512
18300,594299532,512
18301,594333767,512
18302,594367709,512
18303,594400025,512
18304,594433798,512
18305,594467581,512
18306,594500140,512
18307,594532245,512
18308,594564280,512
18309,594596654,512
18310,594628689,512
18311,594660937,512
18312,594693043,512
18313,594725169,512
18314,594757170,512
18315,594789366,512
18316,594821425,512
18317,594853527,512
18318,594885713,512
18319,594917714,512
18320,594950905,512
18321,594985409,512
18322,595017684,512
18323,595050639,512
18324,595082659,512
18325,595114665,512
18326,595146742,512
18327,595178875,512
18328,595210938,512
18329,595243054,512
18330,595275221,512
18331,595307299,512
18332,595339491,512
18333,595371517,512
18334,595403551,512
18335,595435585,512
18336,595467715,512
18337,595499800,512
18338,595531916,512
18339,595564156,512
18340,595596359,512
18341,595628459,512
18342,595660652,512
18343,595695434,512
18344,595727737,512
18345,595759871,512
18346,595791939,512
18347,595824071,512
18348,595856336,512
18349,595888388,512
18350,595920412,512
18351,595952559,512
18352,595984712,512
18353,596016787,512
18354,596048941,512
18355,596081089,512
18356,596113132,512
18357,596145312,512
18358,596178282,512
18359,596212756,512
18360,596244931,512
18361,596279673,512
18362,596312722,512
18363,596345578,512
18364,596377679,512
18365,596410006,512
18366,596442062,512
18367,596474213,512
18368,596506260,512
18369,596538361,512
18370,596570479,512
18371,596602637,512
18372,596634688,512
18373,596666808,512
18374,596698977,512
18375,596731042,512
18376,596763061,512
18377,596795192,512
18378,596827328,512
18379,596859336,512
18380,596892623,512
18381,596926367,512
18382,596958879,512
18383,596991180,512
18384,597023335,512
18385,597055406,512
18386,597087515,512
18387,597119658,512
18388,597151850,512
18389,597183984,512
18390,597215983,512
18391,597248025,512
18392,597280128,512
18393,597312151,512
18394,597344310,512
18395,597376475,512
18396,597408833,512
18397,597440897,512
18398,597472959,512
18399,597506290,512
18400,597540239,512
18401,597572396,512
18402,597604685,512
18403,597636750,512
18404,597668812,512
18405,597700884,512
18406,597732989,512
18407,597765077,512
18408,597797192,512
18409,597829551,512
18410,597861598,512
18411,597893637,512
18412,597925732,512
18413,597958029,512
18414,597990067,512
18415,598023083,512
18416,598057546,512
18417,598089819,512
18418,598123033,512
18419,598155096,512
18420,598187133,512
18421,598219293,512
18422,598251486,512
18423,598283658,512
18424,598315758,512
18425,598347765,512
18426,598379848,512
18427,598411976,512
18428,598444168,512
18429,598476315,512
18430,598508337,512
18431,598543067,512
18432,598575128,512
18433,598607252,512
18434,598639750,512
18435,598671930,512
18436,598704085,512
18437,598736953,512
18438,598769060,512
18439,598801162,512
18440,598833264,512
18441,598865284,512
18442,598897386,512
18443,598929577,512
18444,598961597,512
18445,598996389,512
18446,599028518,512
18447,599060946,512
18448,599093108,512
18449,599125185,512
18450,599157245,512
18451,599189608,512
18452,599221716,512
18453,599254036,512
18454,599286136,512
18455,599318322,512
18456,599351406,512
18457,599385807,512
18458,599417950,512
18459,599451047,512
18460,599485419,512
18461,599518308,512
18462,599550346,512
18463,599582466,512
18464,599614490,512
18465,599646671,512
18466,599678743,512
18467,599710743,512
18468,599742899,512
18469,599775058,512
18470,599807237,512
18471,599839257,512
18472,599871399,512
18473,599903469,512
18474,599935542,512
18475,599968318,512
18476,600000370,512
18477,600032459,512
18478,600064551,512
18479,600096582,512
18480,600128731,512
18481,600160739,512
18482,600192745,512
18483,600224835,512
18484,600256882,512
18485,600288882,512
18486,600320993,512
18487,600353179,512
18488,600385294,512
18489,600417483,512
18490,600449516,512
18491,600481811,512
18492,600513860,512
18493,600548485,512
18494,600582320,512
18495,600616576,512
18496,600648951,512
18497,600682735,512
18498,600717503,512
18499,600749570,512
18500,600783267,512
18501,600817405,512
18502,600849485,512
18503,600881610,512
18504,600913626,512
18505,600945660,512
18506,600978219,512
18507,601010508,512
18508,601042709,512
18509,601074844,512
18510,601106983,512
18511,601139140,512
18512,601171146,512
18513,601203171,512
18514,601235183,512
18515,601267271,512
18516,601299911,512
18517,601332034,512
18518,601364213,512
18519,601397048,512
18520,601431160,512
18521,601463369,512
18522,601495468,512
18523,601527600,512
18524,601559734,512
18525,601592072,512
18526,601624095,512
18527,601656197,512
18528,601688371,512
18529,601720544,512
18530,601752737,512
18531,601784925,512
18532,601816964,512
18533,601849074,512
18534,601881262,512
18535,601913448,512
18536,601945500,512
18537,601977658,512
18538,602009840,512
18539,602042030,512
18540,602074138,512
18541,602106153,512
18542,602138250,512
18543,602170437,512
18544,602205217,512
18545,602237341,512
18546,602269782,512
18547,602301855,512
18548,602333913,512
18549,602366022,512
18550,602398167,512
18551,602430275,512
18552,602462379,512
18553,602494558,512
18554,602527466,512
18555,602562273,512
18556,602594765,512
18557,602628102,512
18558,602662461,512
18559,602694697,512
18560,602728600,512
18561,602762298,512
18562,602794785,512
18563,602827108,512
18564,602859235,512
18565,602891524,512
18566,602923578,512
18567,602955654,512
18568,602987834,512
18569,603020033,512
18570,603052115,512
18571,603084109,512
18572,603116166,512
18573,603148362,512
18574,603180439,512
18575,603212572,512
18576,603246102,512
18577,603280556,512
18578,603312659,512
18579,603347792,512
18580,603380680,512
18581,603413014,512
18582,603447264,512
18583,603480521,512
18584,603512710,512
18585,603544901,512
18586,603577152,512
18587,603609535,512
18588,603641589,512
18589,603673693,512
18590,603705836,512
18591,603737970,512
18592,603770041,512
18593,603802162,512
18594,603834264,512
18595,603866290,512
18596,603898413,512
18597,603930424,512
18598,603962602,512
18599,603994761,512
18600,604026888,512
18601,604059796,512
18602,604094390,512
18603,604126745,512
18604,604159036,512
18605,604191132,512
18606,604223563,512
18607,604255726,512
18608,604287922,512
18609,604320042,512
18610,604352159,512
18611,604384235,512
18612,604416375,512
18613,604448488,512
18614,604480552,512
18615,604512584,512
18616,604544774,512
18617,604577614,512
18618,604611785,512
18619,604644260,512
18620,604677168,512
18621,604709231,512
18622,604741397,512
18623,604773552,512
18624,604805581,512
18625,604840283,512
18626,604873013,512
18627,604905097,512
18628,604937240,512
18629,604969383,512
18630,605001468,512
18631,605033510,512
18632,605065637,512
18633,605097658,512
18634,605129836,512
18635,605161887,512
18636,605193910,512
18637,605226046,512
18638,605258254,512
18639,605290540,512
18640,605322689,512
18641,605354833,512
18642,605386883,512
18643,605419021,512
18644,605451082,512
18645,605483274,512
18646,605515416,512
18647,605547446,512
18648,605579637,512
18649,605611821,512
18650,605643935,512
18651,605678610,512
18652,605710865,512
18653,605742948,512
18654,605775041,512
18655,605807362,512
18656,605839490,512
18657,605871612,512
18658,605904897,512
18659,605939340,512
18660,605971527,512
18661,606005467,512
18662,606039781,512
18663,606071803,512
18664,606104016,512
18665,606136404,512
18666,606168708,512
18667,606200861,512
18668,606233025,512
18669,606265217,512
18670,606297239,512
18671,606329377,512
18672,606361453,512
18673,606393505,512
18674,606425537,512
18675,606457577,512
18676,606489587,512
18677,606522217,512
18678,606554311,512
18679,606586398,512
18680,606618605,512
18681,606653261,512
18682,606685477,512
18683,606717635,512
18684,606749681,512
18685,606781810,512
18686,606813833,512
18687,606846042,512
18688,606878293,512
18689,606910440,512
18690,606942500,512
18691,606974636,512
18692,607006780,512
18693,607038953,512
18694,607071001,512
18695,607103193,512
18696,607136286,512
18697,607170418,512
18698,607202898,512
18699,607236112,512
18700,607268247,512
18701,607300382,512
18702,607332470,512
18703,607364638,512
18704,607399223,512
18705,607432151,512
18706,607464336,512
18707,607496473,512
18708,607528568,512
18709,607560606,512
18710,607592790,512
18711,607624824,512
18712,607656826,512
18713,607688926,512
18714,607721108,512
18715,607753296,512
18716,607785484,512
18717,607817510,512
18718,607850483,512
18719,607884777,512
18720,607916841,512
18721,607950722,512
18722,607984653,512
18723,608017135,512
18724,608049455,512
18725,608081546,512
18726,608113693,512
18727,608145834,512
18728,608177946,512
18729,608210032,512
18730,608242085,512
18731,608274472,512
18732,608306634,512
18733,608338793,512
18734,608370795,512
18735,608402897,512
18736,608435034,512
18737,608467400,512
18738,608499553,512
18739,608531738,512
18740,608563753,512
18741,608595834,512
18742,608627922,512
18743,608660033,512
18744,608692191,512
18745,608724326,512
18746,608756441,512
18747,608791354,512
18748,608823763,512
18749,608855928,512
18750,608888002,512
18751,608920064,512
18752,608952402,512
18753,608984588,512
18754,609016614,512
18755,609048787,512
18756,609081862,512
18757,609116310,512
18758,609148732,512
18759,609181708,512
18760,609215988,512
18761,609248412,512
18762,609282473,512
18763,609316181,512
18764,609348978,512
18765,609381250,512
18766,609413483,512
18767,609445670,512
18768,609477674,512
18769,609509841,512
18770,609541960,512
18771,609574133,512
18772,609606200,512
18773,609638349,512
18774,609670356,512
18775,609702386,512
18776,609734516,512
18777,609766705,512
18778,609799169,512
18779,609831351,512
18780,609863495,512
18781,609895505,512
18782,609927555,512
18783,609959734,512
18784,609991861,512
18785,610023950,512
18786,610058674,512
18787,610090689,512
18788,610122799,512
18789,610154995,512
18790,610187372,512
18791,610219490,512
18792,610251739,512
18793,610283856,512
18794,610315917,512
18795,610347995,512
18796,610380070,512
18797,610413019,512
18798,610447483,512
18799,610479844,512
18800,610513036,512
18801,610545086,512
18802,610577122,512
18803,610609191,512
18804,610641260,512
18805,610673272,512
18806,610705414,512
18807,610737564,512
18808,610769574,512
18809,610801689,512
18810,610833724,512
18811,610865821,512
18812,610897866,512
18813,610930041,512
18814,610962182,512
18815,610994258,512
18816,611026842,512
18817,611061314,512
18818,611093602,512
18819,611127393,512
18820,611161641,512
18821,611193829,512
18822,611227719,512
18823,611261576,512
18824,611293844,512
18825,611326215,512
18826,611358352,512
18827,611390747,512
18828,611422830,512
18829,611454993,512
18830,611487161,512
18831,611519214,512
18832,611551251,512
18833,611583385,512
18834,611615433,512
18835,611647477,512
18836,611679604,512
18837,611711763,512
18838,611744627,512
18839,611776652,512
18840,611808827,512
18841,611840845,512
18842,611872885,512
18843,611904991,512
18844,611937022,512
18845,611969213,512
18846,612003893,512
18847,612036029,512
18848,612068185,512
18849,612100469,512
18850,612132846,512
18851,612164943,512
18852,612196954,512
18853,612229081,512
18854,612261347,512
18855,612293491,512
18856,612325516,512
18857,612358300,512
18858,612392602,512
18859,612425135,512
18860,612458680,512
18861,612492883,512
18862,612525544,512
18863,612559586,512
18864,612593351,512
18865,612626057,512
18866,612658078,512
18867,612690132,512
18868,612722384,512
18869,612754465,512
18870,612786466,512
18871,612818748,512
18872,612850919,512
18873,612882971,512
18874,612914972,512
18875,612947124,512
18876,612979296,512
18877,613011399,512
18878,613043581,512
18879,613076662,512
18880,613111096,512
18881,613143213,512
18882,613175850,512
18883,613207883,512
18884,613240042,512
18885,613272055,512
18886,613304181,512
18887,613336199,512
18888,613368348,512
18889,613400399,512
18890,613432399,512
18891,613464540,512
18892,613496723,512
18893,613528839,512
18894,613560903,512
18895,613593075,512
18896,613625189,512
18897,613657286,512
18898,613689947,512
18899,613722062,512
18900,613756751,512
18901,613789782,512
18902,613821815,512
18903,613853897,512
18904,613885946,512
18905,613918095,512
18906,613950284,512
18907,613982373,512
18908,614014392,512
18909,614046463,512
18910,614078610,512
18911,614110790,512
18912,614142979,512
18913,614175055,512
18914,614207213,512
18915,614239360,512
18916,614271411,512
18917,614304033,512
18918,614338185,512
18919,614370382,512
18920,614404529,512
18921,614438584,512
18922,614470817,512
18923,614504504,512
18924,614538697,512
18925,614571102,512
18926,614603362,512
18927,614635507,512
18928,614667866,512
18929,614699984,512
18930,614732127,512
18931,614764215,512
18932,614796293,512
18933,614828426,512
18934,614860554,512
18935,614892569,512
18936,614924763,512
18937,614956774,512
18938,614988832,512
18939,615021309,512
18940,615053462,512
18941,615085553,512
18942,615118424,512
18943,615152291,512
18944,615184764,512
18945,615217187,512
18946,615249287,512
18947,615281528,512
18948,615313659,512
18949,615345739,512
18950,615377810,512
18951,615409981,512
18952,615442039,512
18953,615474159,512
18954,615506157,512
18955,615538347,512
18956,615570351,512
18957,615602510,512
18958,615635688,512
18959,615670035,512
18960,615702128,512
18961,615735309,512
18962,615767403,512
18963,615799574,512
18964,615831752,512
18965,615863859,512
18966,615895897,512
18967,615927904,512
18968,615959991,512
18969,615992096,512
18970,616024113,512
18971,616056140,512
18972,616088162,512
18973,616120288,512
18974,616152309,512
18975,616184414,512
18976,616216526,512
18977,616248787,512
18978,616280841,512
18979,616312905,512
18980,616344985,512
18981,616377046,512
18982,616409136,512
18983,616441177,512
18984,616473234,512
18985,616505338,512
18986,616537434,512
18987,616569626,512
18988,616601713,512
18989,616633763,512
18990,616665840,512
18991,616698011,512
18992,616730143,512
18993,616762653,512
18994,616797178,512
18995,616829661,512
18996,616863186,512
18997,616897461,512
18998,616929550,512
18999,616964009,512
19000,616997540,512
19001,617029782,512
19002,617061861,512
19003,617094004,512
19004,617126417,512
19005,617158599,512
19006,617190777,512
19007,617222964,512
19008,617255023,512
19009,617287180,512
19010,617319290,512
19011,617351488,512
19012,617383573,512
19013,617415732,512
19014,617447877,512
19015,617480051,512
19016,617512125,512
19017,617544316,512
19018,617577719,512
19019,617611282,512
19020,617643377,512
19021,617675701,512
19022,617707929,512
19023,617740391,512
19024,617772403,512
19025,617804601,512
19026,617836773,512
19027,617868907,512
19028,617901090,512
19029,617933133,512
19030,617965152,512
19031,617997213,512
19032,618029322,512
19033,618061375,512
19034,618093544,512
19035,618125624,512
19036,618157733,512
19037,618190104,512
19038,618222260,512
19039,618254449,512
19040,618289126,512
19041,618321342,512
19042,618353477,512
19043,618385660,512
19044,618417902,512
19045,618450237,512
19046,618482416,512
19047,618514620,512
19048,618546788,512
19049,618578849,512
19050,618611029,512
19051,618643078,512
19052,618675160,512
19053,618707923,512
19054,618742562,512
19055,618774932,512
19056,618807167,512
19057,618839344,512
19058,618871460,512
19059,618903554,512
19060,618935640,512
19061,618967785,512
19062,618999862,512
19063,619031882,512
19064,619063900,512
19065,619095947,512
19066,619127965,512
19067,619159999,512
19068,619192057,512
19069,619224221,512
19070,619256287,512
19071,619288473,512
19072,619321256,512
19073,619353264,512
19074,619385406,512
19075,619417576,512
19076,619449683,512
19077,619481822,512
19078,619513944,512
