seq,timestamp_us,sample_count
63128,2052366022,512
63129,2052398148,512
63130,2052430156,512
63131,2052462628,512
63132,2052494683,512
63133,2052526777,512
63134,2052558852,512
63135,2052590890,512
63136,2052623051,512
63137,2052655100,512
63138,2052687263,512
63139,2052719656,512
63140,2052751759,512
63141,2052786512,512
63142,2052820012,512
63143,2052854589,512
63144,2052886606,512
63145,2052920493,512
63146,2052954544,512
63147,2052986579,512
63148,2053018717,512
63149,2053051308,512
63150,2053083455,512
63151,2053115512,512
63152,2053147592,512
63153,2053179771,512
63154,2053211795,512
63155,2053243896,512
63156,2053276037,512
63157,2053308229,512
63158,2053340310,512
63159,2053372367,512
63160,2053407087,512
63161,2053439324,512
63162,2053471544,512
63163,2053503632,512
63164,2053536847,512
63165,2053570873,512
63166,2053603261,512
63167,2053637598,512
63168,2053671379,512
63169,2053703774,512
63170,2053735861,512
63171,2053767998,512
63173,2053832177,512
63174,2053864278,512
63176,2053928442,512
63177,2053960528,512
63178,2053992654,512
63179,2054024694,512
63180,2054056877,512
63181,2054089071,512
63182,2054123746,512
63183,2054155837,512
63184,2054187926,512
63185,2054220283,512
63186,2054253536,512
63187,2054288137,512
63188,2054320276,512
63189,2054354586,512
63190,2054387655,512
63191,2054420086,512
63192,2054452265,512
63193,2054484549,512
63194,2054516604,512
63195,2054548626,512
63196,2054580729,512
63197,2054612883,512
63198,2054645112,512
63199,2054677161,512
63200,2054709332,512
63201,2054741440,512
63202,2054773442,512
63203,2054805595,512
63204,2054837677,512
63205,2054870033,512
63206,2054904169,512
63207,2054936478,512
63208,2054969578,512
63209,2055001603,512
63210,2055033677,512
63211,2055065776,512
63212,2055097933,512
63213,2055132697,512
63214,2055165553,512
63215,2055197685,512
63216,2055229791,512
63217,2055261834,512
63218,2055294016,512
63219,2055326032,512
63220,2055358128,512
63221,2055390191,512
63222,2055424911,512
63223,2055456972,512
63224,2055489148,512
63225,2055521248,512
63226,2055553657,512
63227,2055586315,512
63228,2055618374,512
63229,2055650519,512
63230,2055682575,512
63231,2055717283,512
63232,2055749755,512
63233,2055781942,512
63234,2055814365,512
63235,2055846512,512
63236,2055878679,512
63237,2055910707,512
63238,2055945417,512
63239,2055977460,512
63240,2056009778,512
63241,2056042008,512
63242,2056074132,512
63243,2056106209,512
63244,2056138238,512
63245,2056170334,512
63246,2056202404,512
63247,2056234595,512
63248,2056266622,512
63249,2056300154,512
63250,2056333493,512
63251,2056365845,512
63252,2056397872,512
63253,2056429880,512
63254,2056462083,512
63255,2056494127,512
63256,2056526465,512
63257,2056558555,512
63258,2056590907,512
63259,2056623060,512
63260,2056655209,512
63261,2056687316,512
63262,2056719456,512
63263,2056751461,512
63264,2056783549,512
63265,2056815689,512
63266,2056850829,512
63267,2056882985,512
63268,2056915830,512
63269,2056950139,512
63270,2056982451,512
63271,2057016982,512
63272,2057050618,512
63273,2057083102,512
63274,2057116948,512
63275,2057150685,512
63276,2057182754,512
63277,2057214828,512
63278,2057247262,512
63279,2057279326,512
63280,2057311520,512
63281,2057343683,512
63282,2057375786,512
63283,2057407846,512
63284,2057439854,512
63285,2057472073,512
63286,2057504085,512
63287,2057536241,512
63288,2057568411,512
63289,2057603131,512
63290,2057635484,512
63291,2057667683,512
63292,2057699732,512
63293,2057733561,512
63294,2057766955,512
63295,2057799261,512
63296,2057831400,512
63297,2057863813,512
63298,2057896030,512
63299,2057928168,512
63300,2057960349,512
63301,2057992470,512
63302,2058024512,512
63303,2058056623,512
63304,2058088685,512
63305,2058120749,512
63306,2058152946,512
63307,2058187708,512
63308,2058219802,512
63309,2058251880,512
63310,2058284008,512
63311,2058316253,512
63312,2058349648,512
63313,2058383576,512
63314,2058415819,512
63315,2058450478,512
63316,2058483910,512
63317,2058516021,512
63318,2058548057,512
63319,2058580060,512
63320,2058612452,512
63321,2058644607,512
63322,2058676726,512
63323,2058708766,512
63324,2058740804,512
63325,2058772937,512
63326,2058805072,512
63327,2058837176,512
63328,2058869247,512
63329,2058901248,512
63330,2058933250,512
63331,2058965374,512
63332,2058997428,512
63333,2059029469,512
63334,2059062352,512
63335,2059096579,512
63336,2059129027,512
63337,2059161087,512
63338,2059193303,512
63339,2059225467,512
63340,2059257568,512
63341,2059289669,512
63342,2059321837,512
63343,2059353870,512
63344,2059385905,512
63345,2059418092,512
63346,2059453017,512
63347,2059485248,512
63348,2059517256,512
63349,2059549442,512
63350,2059581809,512
63351,2059613920,512
63352,2059646083,512
63353,2059679272,512
63354,2059712792,512
63355,2059745210,512
63356,2059777213,512
63357,2059809712,512
63358,2059841879,512
63359,2059873905,512
63360,2059906027,512
63361,2059938226,512
63362,2059970253,512
63363,2060002287,512
63364,2060034458,512
63365,2060066528,512
63366,2060098558,512
63367,2060130693,512
63368,2060162818,512
63369,2060197484,512
63370,2060229635,512
63371,2060262027,512
63372,2060295514,512
63373,2060329470,512
63374,2060362161,512
63375,2060396445,512
63376,2060429520,512
63377,2060461906,512
63378,2060494317,512
63379,2060526515,512
63380,2060558696,512
63381,2060590833,512
63382,2060622990,512
63383,2060655040,512
63384,2060687232,512
63385,2060719372,512
63386,2060754038,512
63387,2060786186,512
63388,2060818262,512
63389,2060850374,512
63390,2060882847,512
63391,2060915033,512
63392,2060947069,512
63393,2060979226,512
63394,2061012108,512
63395,2061046618,512
63396,2061078887,512
63397,2061112434,512
63398,2061146653,512
63399,2061178946,512
63400,2061211120,512
63401,2061243191,512
63402,2061275253,512
63403,2061307417,512
63404,2061339494,512
63405,2061371558,512
63406,2061403686,512
63407,2061435688,512
63408,2061467871,512
63409,2061499904,512
63410,2061532018,512
63411,2061564131,512
63412,2061596238,512
63413,2061628408,512
63414,2061662641,512
63415,2061694914,512
63416,2061728666,512
63417,2061762906,512
63418,2061795251,512
63419,2061829734,512
63420,2061862931,512
63421,2061895111,512
63422,2061927261,512
63424,2061991521,512
63425,2062023822,512
63426,2062055958,512
63427,2062087972,512
63428,2062120351,512
63429,2062152460,512
63430,2062184652,512
63431,2062216796,512
63432,2062251421,512
63433,2062283713,512
63434,2062315794,512
63435,2062347969,512
63436,2062380031,512
63437,2062412164,512
63438,2062444976,512
63439,2062477116,512
63440,2062511715,512
63441,2062546049,512
63442,2062579610,512
63443,2062611857,512
63444,2062644070,512
63445,2062676308,512
63446,2062708364,512
63447,2062740547,512
63448,2062772712,512
63449,2062804747,512
63450,2062836837,512
63451,2062868937,512
63452,2062901027,512
63453,2062933118,512
63454,2062965309,512
63455,2062997349,512
63456,2063029412,512
63457,2063061807,512
63458,2063096370,512
63459,2063128588,512
63460,2063161215,512
63461,2063193383,512
63462,2063225426,512
63463,2063257624,512
63464,2063289676,512
63465,2063321679,512
63466,2063353683,512
63467,2063385683,512
63468,2063417829,512
63469,2063449958,512
63470,2063482038,512
63471,2063514071,512
63472,2063548689,512
63473,2063580750,512
63474,2063612896,512
63475,2063644920,512
63476,2063677597,512
63477,2063709769,512
63478,2063741801,512
63479,2063775178,512
63480,2063809066,512
63481,2063841074,512
63482,2063875104,512
63483,2063909157,512
63484,2063941731,512
63485,2063973790,512
63486,2064005861,512
63487,2064037977,512
63488,2064070084,512
63489,2064102165,512
63490,2064134293,512
63491,2064166461,512
63492,2064198542,512
63493,2064230718,512
63494,2064265422,512
63495,2064297507,512
63496,2064329538,512
63497,2064361590,512
63498,2064394127,512
63499,2064426122,512
63500,2064458274,512
63501,2064491970,512
63502,2064525404,512
63503,2064557693,512
63504,2064590000,512
63505,2064622146,512
63506,2064654378,512
63507,2064686554,512
63508,2064718638,512
63509,2064750818,512
63510,2064782958,512
63511,2064814969,512
63512,2064847158,512
63513,2064879323,512
63514,2064914078,512
63515,2064946179,512
63516,2064978266,512
63517,2065010285,512
63518,2065042475,512
63519,2065074704,512
63520,2065107843,512
63521,2065141963,512
63522,2065174548,512
63523,2065208909,512
63524,2065242150,512
63525,2065274525,512
63526,2065306876,512
63527,2065339061,512
63528,2065371192,512
63529,2065403286,512
63530,2065435448,512
63531,2065467539,512
63532,2065499677,512
63533,2065531817,512
63534,2065563959,512
63535,2065596101,512
63536,2065630779,512
63537,2065662858,512
63538,2065694935,512
63539,2065727640,512
63540,2065759806,512
63541,2065791893,512
63542,2065824614,512
63543,2065858963,512
63544,2065891272,512
63545,2065925598,512
63546,2065958845,512
63547,2065991095,512
63548,2066023238,512
63549,2066055265,512
63550,2066087722,512
63551,2066119870,512
63552,2066151888,512
63553,2066184097,512
63554,2066216256,512
63555,2066248342,512
63556,2066280347,512
63557,2066312391,512
63558,2066344517,512
63559,2066376573,512
63560,2066408579,512
63561,2066440744,512
63562,2066472745,512
63563,2066504916,512
63564,2066537628,512
63565,2066571685,512
63566,2066603780,512
63567,2066636013,512
63568,2066668032,512
63569,2066700075,512
63570,2066732319,512
63571,2066764444,512
63572,2066796558,512
63573,2066828646,512
63574,2066860696,512
63575,2066892754,512
63576,2066924938,512
63577,2066957068,512
63578,2066989231,512
63579,2067021247,512
63580,2067053279,512
63581,2067085331,512
63582,2067117473,512
63583,2067149610,512
63584,2067184461,512
63585,2067216738,512
63586,2067248921,512
63587,2067281109,512
63588,2067313238,512
63589,2067345359,512
63590,2067377466,512
63591,2067409522,512
63592,2067441633,512
63593,2067473678,512
63594,2067505796,512
63595,2067537871,512
63596,2067569911,512
63597,2067601958,512
63598,2067634079,512
63599,2067666279,512
63600,2067700757,512
63601,2067732902,512
63602,2067766872,512
63603,2067800972,512
63604,2067833309,512
63605,2067865536,512
63607,2067929724,512
63608,2067961784,512
63609,2067993907,512
63610,2068026019,512
63611,2068058157,512
63612,2068090173,512
63613,2068122270,512
63614,2068154417,512
63615,2068186601,512
63616,2068221304,512
63617,2068253684,512
63618,2068286058,512
63619,2068318144,512
63620,2068350291,512
63621,2068383938,512
63622,2068417494,512
63623,2068449548,512
63624,2068483732,512
63625,2068517697,512
63626,2068550061,512
63627,2068582095,512
63628,2068614233,512
63629,2068646379,512
63630,2068678559,512
63631,2068710636,512
63632,2068742698,512
63633,2068774810,512
63634,2068806934,512
63635,2068839054,512
63636,2068871252,512
63637,2068906107,512
63638,2068938164,512
63639,2068970610,512
63640,2069002921,512
63641,2069035031,512
63642,2069067156,512
63643,2069100061,512
63644,2069134099,512
63645,2069166156,512
63646,2069200235,512
63647,2069234281,512
63648,2069266312,512
63649,2069298610,512
63650,2069330636,512
63651,2069362733,512
63652,2069394827,512
63653,2069427122,512
63654,2069459159,512
63655,2069491224,512
63656,2069523279,512
63657,2069555590,512
63658,2069587667,512
63659,2069619748,512
63660,2069651928,512
63661,2069686586,512
63662,2069718967,512
63663,2069751211,512
63664,2069783251,512
63665,2069816322,512
63666,2069850959,512
63667,2069883326,512
63668,2069916656,512
63669,2069950936,512
63670,2069982953,512
63671,2070015123,512
63672,2070047131,512
63673,2070079192,512
63674,2070111440,512
63675,2070143619,512
63676,2070175683,512
63677,2070207727,512
63678,2070239828,512
63679,2070271858,512
63680,2070303938,512
63681,2070336047,512
63682,2070368234,512
63683,2070400293,512
63684,2070432977,512
63685,2070467351,512
63686,2070499425,512
63687,2070533995,512
63688,2070567825,512
63689,2070599829,512
63690,2070633649,512
63691,2070667714,512
63692,2070700037,512
63693,2070732103,512
63694,2070764268,512
63695,2070796462,512
63696,2070828466,512
63697,2070860493,512
63698,2070892682,512
63699,2070924820,512
63700,2070956909,512
63701,2070988968,512
63702,2071021160,512
63703,2071053190,512
63704,2071085346,512
63705,2071117367,512
63706,2071152232,512
63707,2071184237,512
63708,2071216429,512
63709,2071250370,512
63710,2071284318,512
63711,2071316362,512
63712,2071350414,512
63713,2071384304,512
63714,2071416396,512
63715,2071448618,512
63716,2071480976,512
63717,2071513129,512
63718,2071545273,512
63719,2071577395,512
63720,2071609464,512
63721,2071641558,512
63722,2071673701,512
63723,2071705854,512
63724,2071737907,512
63725,2071769984,512
63726,2071804712,512
63727,2071837225,512
63728,2071869725,512
63729,2071901921,512
63730,2071934085,512
63731,2071967134,512
63732,2072000658,512
63733,2072032981,512
63734,2072067034,512
63735,2072100826,512
63736,2072133029,512
63737,2072165337,512
63738,2072197590,512
63739,2072229785,512
63740,2072261847,512
63741,2072293965,512
63742,2072326025,512
63743,2072358135,512
63744,2072390282,512
63745,2072422349,512
63746,2072454391,512
63747,2072486418,512
63748,2072518473,512
63749,2072550512,512
63750,2072582757,512
63751,2072617435,512
63752,2072649816,512
63753,2072683915,512
63754,2072717669,512
63755,2072750079,512
63756,2072782269,512
63757,2072814356,512
63758,2072846543,512
63759,2072878640,512
63760,2072910817,512
63761,2072942994,512
63762,2072975182,512
63763,2073009873,512
63764,2073042009,512
63765,2073074452,512
63766,2073106599,512
63767,2073138657,512
63768,2073170701,512
63769,2073202830,512
63770,2073234879,512
63771,2073267074,512
63772,2073299922,512
63773,2073334306,512
63774,2073366776,512
63775,2073400688,512
63776,2073433902,512
63777,2073466251,512
63778,2073498458,512
63779,2073530900,512
63780,2073563071,512
63781,2073595188,512
63782,2073627238,512
63783,2073659382,512
63784,2073691412,512
63785,2073723438,512
63786,2073755444,512
63787,2073787494,512
63788,2073819672,512
63789,2073851818,512
63790,2073883893,512
63791,2073916101,512
63792,2073950372,512
63793,2073982799,512
63794,2074016516,512
63795,2074050602,512
63796,2074082928,512
63797,2074117562,512
63798,2074151005,512
63799,2074183515,512
63800,2074215631,512
63801,2074247655,512
63802,2074279784,512
63803,2074312071,512
63804,2074344169,512
63805,2074376310,512
63806,2074408481,512
63807,2074443209,512
63808,2074475406,512
63809,2074507837,512
63810,2074539979,512
63811,2074571987,512
63812,2074604037,512
63813,2074636193,512
63814,2074668260,512
63815,2074700366,512
63816,2074733162,512
63817,2074767359,512
63818,2074799623,512
63819,2074834139,512
63820,2074867693,512
63821,2074900057,512
63822,2074932210,512
63823,2074964318,512
63824,2074996398,512
63825,2075028435,512
63826,2075060622,512
63827,2075092733,512
63828,2075124747,512
63829,2075156800,512
63830,2075188944,512
63831,2075221111,512
63832,2075253157,512
63833,2075285258,512
63834,2075317355,512
63835,2075349486,512
63836,2075384083,512
63837,2075416263,512
63838,2075449072,512
63839,2075481073,512
63840,2075513250,512
63841,2075545311,512
63842,2075577402,512
63843,2075609418,512
63844,2075641481,512
63845,2075673615,512
63846,2075705727,512
63847,2075740427,512
63848,2075772590,512
63849,2075804632,512
63850,2075836725,512
63851,2075869121,512
63852,2075901125,512
63853,2075933274,512
63854,2075965492,512
63855,2075997679,512
63856,2076029708,512
63857,2076063144,512
63858,2076096873,512
63859,2076128886,512
63860,2076160899,512
63861,2076193026,512
63862,2076225075,512
63863,2076257390,512
63864,2076289646,512
63865,2076321834,512
63866,2076353938,512
63867,2076386110,512
63868,2076418261,512
63869,2076450371,512
63870,2076482455,512
63871,2076514455,512
63872,2076546580,512
63873,2076581426,512
63874,2076613455,512
63875,2076645511,512
63876,2076678958,512
63877,2076713160,512
63878,2076745450,512
63879,2076780318,512
63880,2076813151,512
63881,2076845575,512
63882,2076877733,512
63883,2076910106,512
63884,2076942213,512
63885,2076974369,512
63886,2077006558,512
63887,2077038753,512
63888,2077070839,512
63889,2077102884,512
63890,2077135042,512
63891,2077167134,512
63892,2077199269,512
63893,2077233440,512
63894,2077265996,512
63895,2077298091,512
63896,2077330167,512
63897,2077362484,512
63898,2077395665,512
63899,2077430229,512
63900,2077462620,512
63901,2077496681,512
63902,2077530643,512
63903,2077562698,512
63904,2077594951,512
63905,2077627006,512
63906,2077659048,512
63907,2077691059,512
63908,2077723133,512
63909,2077755336,512
63910,2077787436,512
63911,2077819619,512
63912,2077851800,512
63913,2077883855,512
63914,2077915930,512
63915,2077950209,512
63916,2077982610,512
63917,2078014730,512
63918,2078046840,512
63919,2078079191,512
63920,2078112574,512
63921,2078146813,512
63922,2078179180,512
63923,2078213362,512
63924,2078246829,512
63925,2078279054,512
63926,2078311071,512
63927,2078343547,512
63928,2078375669,512
63929,2078407861,512
63930,2078440048,512
63931,2078472143,512
63932,2078504211,512
63933,2078536349,512
63934,2078568539,512
63935,2078600550,512
63936,2078632658,512
63937,2078667997,512
63938,2078700000,512
63939,2078732152,512
63940,2078764325,512
63941,2078796351,512
63942,2078829020,512
63943,2078863645,512
63944,2078896032,512
63945,2078930118,512
63946,2078963570,512
63947,2078995571,512
63948,2079027721,512
63949,2079059767,512
63950,2079091932,512
63951,2079124299,512
63952,2079156458,512
63953,2079188820,512
63954,2079220867,512
63955,2079252957,512
63956,2079284967,512
63957,2079317037,512
63958,2079349120,512
63959,2079381230,512
63960,2079413270,512
63961,2079445503,512
63962,2079480180,512
63963,2079512188,512
63964,2079545617,512
63965,2079580228,512
63966,2079612272,512
63967,2079646847,512
63968,2079680328,512
63969,2079712376,512
63970,2079744489,512
63971,2079776900,512
63972,2079809087,512
63973,2079841133,512
63974,2079873225,512
63975,2079905233,512
63976,2079937411,512
63977,2079969476,512
63978,2080001668,512
63979,2080033828,512
63980,2080065991,512
63981,2080098009,512
63982,2080132681,512
63983,2080165139,512
63984,2080197158,512
63985,2080229296,512
63986,2080262488,512
63987,2080296841,512
63988,2080328932,512
63989,2080363737,512
63990,2080397214,512
63991,2080429518,512
63992,2080461689,512
63993,2080493853,512
63994,2080525882,512
63995,2080557982,512
63996,2080590018,512
63997,2080622096,512
63998,2080654123,512
63999,2080686228,512
64000,2080718360,512
64001,2080750393,512
64002,2080782460,512
64003,2080814602,512
64004,2080846662,512
64005,2080878823,512
64006,2080910860,512
64007,2080942879,512
64008,2080978534,512
64009,2081010637,512
64010,2081042759,512
64011,2081074896,512
64012,2081106954,512
64013,2081138978,512
64014,2081171038,512
64015,2081205689,512
64016,2081237742,512
64017,2081270228,512
64018,2081302460,512
64019,2081334645,512
64020,2081366699,512
64021,2081398824,512
64022,2081430855,512
64023,2081463040,512
64024,2081495232,512
64025,2081527287,512
64026,2081559417,512
64027,2081592571,512
64028,2081626087,512
64029,2081658279,512
64030,2081690541,512
64031,2081722849,512
64032,2081754917,512
64033,2081787004,512
64034,2081819036,512
64035,2081851176,512
64036,2081883196,512
64037,2081915269,512
64038,2081947382,512
64039,2081979512,512
64040,2082011580,512
64041,2082043709,512
64042,2082075727,512
64043,2082108040,512
64044,2082142636,512
64045,2082174845,512
64046,2082208488,512
64047,2082243095,512
64048,2082275355,512
64049,2082309409,512
64050,2082342997,512
64051,2082375338,512
64052,2082407417,512
64053,2082439700,512
64054,2082471769,512
64055,2082503812,512
64056,2082535994,512
64057,2082568080,512
64058,2082600234,512
64059,2082632439,512
64060,2082664479,512
64061,2082699103,512
64062,2082731285,512
64063,2082763301,512
64064,2082795420,512
64065,2082827793,512
64066,2082859804,512
64067,2082891917,512
64068,2082924913,512
64069,2082959550,512
64070,2082991546,512
64071,2083026009,512
64072,2083059610,512
64073,2083092017,512
64074,2083124137,512
64075,2083156218,512
64076,2083188301,512
64077,2083220315,512
64078,2083252396,512
64079,2083284553,512
64080,2083316634,512
64081,2083348640,512
64082,2083380661,512
64083,2083412750,512
64084,2083444897,512
64085,2083477050,512
64086,2083509234,512
64087,2083544209,512
64088,2083576483,512
64089,2083608683,512
64090,2083641609,512
64091,2083676172,512
64092,2083708669,512
64093,2083742841,512
64094,2083776279,512
64095,2083808692,512
64096,2083840748,512
64097,2083872945,512
64098,2083905012,512
64099,2083937209,512
64100,2083969368,512
64101,2084001381,512
64102,2084033550,512
64103,2084065686,512
64104,2084097731,512
64105,2084129811,512
64106,2084161856,512
64107,2084194018,512
64108,2084226069,512
64109,2084258115,512
64110,2084292769,512
64111,2084324845,512
64112,2084357813,512
64113,2084389969,512
64114,2084422083,512
64115,2084454210,512
64116,2084486283,512
64117,2084520950,512
64118,2084553703,512
64119,2084585843,512
64120,2084617899,512
64121,2084649964,512
64122,2084682056,512
64123,2084714260,512
64124,2084746401,512
64125,2084778547,512
64126,2084810558,512
64127,2084844850,512
64128,2084877131,512
64129,2084909340,512
64130,2084941528,512
64131,2084973846,512
64132,2085005931,512
64133,2085038192,512
64134,2085070423,512
64135,2085102597,512
64136,2085134791,512
64137,2085166879,512
64138,2085198911,512
64139,2085230928,512
64140,2085265598,512
64141,2085297685,512
64142,2085329708,512
64143,2085361817,512
64144,2085394245,512
64145,2085426359,512
64146,2085458491,512
64147,2085490680,512
64148,2085522705,512
64149,2085554734,512
64150,2085588009,512
64151,2085622034,512
64152,2085654109,512
64153,2085688634,512
64154,2085722033,512
64155,2085754252,512
64156,2085786376,512
64157,2085818711,512
64158,2085850782,512
64159,2085882925,512
64160,2085915101,512
64161,2085947217,512
64162,2085979395,512
64163,2086011459,512
64164,2086043543,512
64165,2086075629,512
64166,2086107807,512
64167,2086139882,512
64168,2086174512,512
64169,2086206685,512
64170,2086239160,512
64171,2086271284,512
64172,2086304422,512
64173,2086338842,512
64174,2086371326,512
64175,2086405328,512
64176,2086438811,512
64177,2086470845,512
64178,2086502979,512
64179,2086535432,512
64180,2086567449,512
64181,2086599628,512
64182,2086631694,512
64183,2086663878,512
64184,2086696010,512
64185,2086728025,512
64186,2086760196,512
64187,2086792264,512
64188,2086824417,512
64189,2086856430,512
64190,2086888472,512
64191,2086923437,512
64192,2086955487,512
64193,2086987772,512
64194,2087021066,512
64195,2087055464,512
64196,2087087588,512
64197,2087122122,512
64198,2087155235,512
64199,2087187534,512
64200,2087219746,512
64201,2087251779,512
64202,2087284060,512
64203,2087316096,512
64204,2087348154,512
64205,2087380304,512
64206,2087412372,512
64207,2087444517,512
64208,2087476654,512
64209,2087508780,512
64210,2087540931,512
64211,2087572984,512
64212,2087605023,512
64213,2087637103,512
64214,2087669273,512
64215,2087701292,512
64216,2087733358,512
64217,2087765373,512
64218,2087800032,512
64219,2087832358,512
64220,2087864653,512
64221,2087896737,512
64222,2087928893,512
64223,2087960945,512
64224,2087992952,512
64225,2088025070,512
64226,2088057234,512
64227,2088089373,512
64228,2088121528,512
64229,2088153677,512
64230,2088185871,512
64231,2088220874,512
64232,2088253245,512
64233,2088285258,512
64234,2088317323,512
64235,2088351081,512
64236,2088384649,512
64237,2088416659,512
64238,2088448718,512
64239,2088480802,512
64240,2088513139,512
64241,2088545241,512
64242,2088577316,512
64243,2088609423,512
64244,2088641603,512
64245,2088673661,512
64246,2088705838,512
64247,2088737946,512
64248,2088770039,512
64249,2088802247,512
64250,2088834401,512
64251,2088866456,512
64252,2088901647,512
64253,2088933917,512
64254,2088966872,512
64255,2089001400,512
64256,2089033847,512
64257,2089067741,512
64258,2089100985,512
64259,2089133566,512
64260,2089165923,512
64261,2089198085,512
64262,2089230124,512
64263,2089262234,512
64264,2089294288,512
64265,2089326502,512
64266,2089358558,512
64267,2089390616,512
64268,2089422719,512
64269,2089454823,512
64270,2089487007,512
64271,2089519104,512
64272,2089551118,512
64273,2089586044,512
64274,2089618166,512
64275,2089650646,512
64276,2089683610,512
64277,2089717713,512
64278,2089750003,512
64279,2089784488,512
64280,2089818070,512
64281,2089850092,512
64282,2089882264,512
64283,2089914685,512
64284,2089946873,512
64285,2089979000,512
64286,2090011085,512
64287,2090043160,512
64288,2090075348,512
64289,2090107469,512
64290,2090139558,512
64291,2090171742,512
64292,2090206475,512
64293,2090238899,512
64294,2090271154,512
64295,2090303209,512
64296,2090335325,512
64297,2090367419,512
64298,2090400329,512
64299,2090435090,512
64300,2090467260,512
64301,2090501084,512
64302,2090535027,512
64303,2090567344,512
64304,2090599556,512
64305,2090631549,512
64306,2090663727,512
64307,2090695768,512
64308,2090727824,512
64309,2090759917,512
64310,2090791922,512
64311,2090824075,512
64312,2090856243,512
64313,2090888256,512
64314,2090920439,512
64315,2090952513,512
64316,2090984528,512
64317,2091019323,512
64318,2091051374,512
64319,2091083470,512
64320,2091116452,512
64321,2091148551,512
64322,2091180560,512
64323,2091212616,512
64324,2091244733,512
64325,2091279405,512
64326,2091312160,512
64327,2091344342,512
64328,2091376517,512
64329,2091408603,512
64330,2091440754,512
64331,2091472821,512
64332,2091504837,512
64333,2091536950,512
64334,2091569005,512
64335,2091601165,512
64336,2091633170,512
64337,2091665224,512
64338,2091699831,512
64339,2091732989,512
64340,2091765068,512
64341,2091797090,512
64342,2091830258,512
64343,2091864095,512
64344,2091896540,512
64345,2091928622,512
64346,2091960632,512
64347,2091992709,512
64348,2092024891,512
64349,2092057030,512
64350,2092089070,512
64351,2092121080,512
64352,2092153121,512
64353,2092185243,512
64354,2092217346,512
64355,2092249368,512
64356,2092281514,512
64357,2092313622,512
64358,2092346126,512
64359,2092380251,512
64360,2092412551,512
64361,2092446883,512
64362,2092480713,512
64363,2092513144,512
64364,2092545277,512
64365,2092577311,512
64366,2092609513,512
64367,2092641637,512
64368,2092673671,512
64369,2092705750,512
64370,2092737893,512
64371,2092770066,512
64372,2092802080,512
64373,2092834155,512
64374,2092866354,512
64375,2092901619,512
64376,2092933775,512
64377,2092965889,512
64378,2092998040,512
64379,2093030073,512
64380,2093062324,512
64381,2093094512,512
64382,2093126543,512
64383,2093158637,512
64384,2093190683,512
64385,2093225439,512
64386,2093258093,512
64387,2093290231,512
64388,2093322241,512
64389,2093354333,512
64390,2093386378,512
64391,2093418558,512
64392,2093450626,512
64393,2093482821,512
64394,2093514884,512
64395,2093547031,512
64396,2093581685,512
64397,2093614118,512
64398,2093646302,512
64399,2093678861,512
64400,2093711024,512
64401,2093743171,512
64402,2093775880,512
64403,2093809865,512
64404,2093841898,512
64405,2093874183,512
64406,2093906491,512
64407,2093938492,512
64408,2093970782,512
64409,2094002938,512
64410,2094035113,512
64411,2094067256,512
64412,2094099278,512
64413,2094131455,512
64414,2094163543,512
64415,2094198236,512
64416,2094230287,512
64417,2094262431,512
64418,2094295028,512
64419,2094327113,512
64420,2094359224,512
64421,2094392078,512
64422,2094426578,512
64423,2094458641,512
64424,2094492475,512
64425,2094527005,512
64426,2094559131,512
64427,2094591245,512
64428,2094623439,512
64429,2094655488,512
64430,2094687679,512
64431,2094719744,512
64432,2094751820,512
64433,2094783918,512
64434,2094815930,512
64435,2094848052,512
64436,2094880099,512
64437,2094912103,512
64438,2094944256,512
64439,2094976278,512
64440,2095008664,512
64441,2095042762,512
64442,2095075043,512
64443,2095109212,512
64444,2095143152,512
64445,2095175290,512
64446,2095209070,512
64447,2095243270,512
64448,2095275410,512
64449,2095307550,512
64450,2095339843,512
64451,2095371971,512
64452,2095404055,512
64453,2095436142,512
64454,2095468184,512
64455,2095500374,512
64456,2095532387,512
64457,2095564395,512
64458,2095596553,512
64459,2095628720,512
64460,2095660747,512
64461,2095692820,512
64462,2095725329,512
64463,2095759902,512
64464,2095792291,512
64465,2095826170,512
64466,2095859885,512
64467,2095891941,512
64468,2095924420,512
64469,2095956591,512
64470,2095988621,512
64471,2096020688,512
64472,2096052780,512
64473,2096084852,512
64474,2096116935,512
64475,2096149091,512
64476,2096181155,512
64477,2096213346,512
64478,2096245543,512
64479,2096280289,512
64480,2096312398,512
64481,2096344875,512
64482,2096377135,512
64483,2096409209,512
64484,2096441993,512
64485,2096476614,512
64486,2096508978,512
64487,2096543029,512
64488,2096576523,512
64489,2096608623,512
64490,2096642806,512
64491,2096676639,512
64492,2096708822,512
64493,2096740857,512
64494,2096773287,512
64495,2096805404,512
64496,2096837558,512
64497,2096869659,512
64498,2096901758,512
64499,2096933951,512
64500,2096965977,512
64501,2096998005,512
64502,2097030160,512
64503,2097062357,512
64504,2097096652,512
64505,2097129192,512
64506,2097161210,512
64507,2097193273,512
64508,2097225641,512
64509,2097257814,512
64510,2097289955,512
64511,2097322020,512
64512,2097354341,512
64513,2097386342,512
64514,2097418488,512
64515,2097450629,512
64516,2097482748,512
64517,2097514860,512
64518,2097546902,512
64519,2097581502,512
64520,2097613524,512
64521,2097645623,512
64522,2097677981,512
64523,2097710058,512
64524,2097742270,512
64525,2097774730,512
64526,2097806808,512
64527,2097838970,512
64528,2097871149,512
64529,2097903255,512
64530,2097937841,512
64531,2097970094,512
64532,2098002380,512
64533,2098034606,512
64534,2098066655,512
64535,2098098830,512
64536,2098130966,512
64537,2098163072,512
64538,2098195096,512
64539,2098227128,512
64540,2098259176,512
64541,2098291280,512
64542,2098323479,512
64543,2098355674,512
64544,2098387858,512
64545,2098422108,512
64546,2098454437,512
64547,2098488962,512
64548,2098522127,512
64549,2098554445,512
64550,2098588348,512
64551,2098622533,512
64552,2098654668,512
64553,2098686850,512
64554,2098719245,512
64555,2098751263,512
64556,2098783325,512
64557,2098815345,512
64558,2098847418,512
64559,2098879439,512
64560,2098911462,512
64561,2098943618,512
64562,2098975799,512
64563,2099007837,512
64564,2099039992,512
64565,2099072176,512
64566,2099104614,512
64567,2099139247,512
64568,2099171251,512
64569,2099205313,512
64570,2099239246,512
64571,2099271444,512
64572,2099305137,512
64573,2099339246,512
64574,2099371332,512
64575,2099403610,512
64576,2099435825,512
64577,2099467919,512
64578,2099499922,512
64579,2099531936,512
64580,2099564072,512
64581,2099596154,512
64582,2099628315,512
64583,2099660426,512
64584,2099692475,512
64585,2099724653,512
64586,2099756772,512
64587,2099788772,512
64588,2099820858,512
64589,2099852981,512
64590,2099885078,512
64591,2099922016,512
64592,2099955641,512
64593,2099987956,512
64594,2100021981,512
64595,2100056071,512
64596,2100088538,512
64597,2100120670,512
64598,2100152773,512
64599,2100184885,512
64600,2100217077,512
64601,2100249091,512
64602,2100281250,512
64603,2100313327,512
64604,2100345360,512
64605,2100377378,512
64606,2100409521,512
64607,2100441652,512
64608,2100476367,512
64609,2100508513,512
64610,2100540975,512
64611,2100573077,512
64612,2100605154,512
64613,2100638626,512
64614,2100672602,512
64615,2100704933,512
64616,2100737059,512
64617,2100769106,512
64618,2100801213,512
64619,2100833424,512
64620,2100865464,512
64621,2100897528,512
64622,2100929615,512
64623,2100961638,512
64624,2100993818,512
64625,2101025981,512
64626,2101058004,512
64627,2101090072,512
64628,2101122086,512
64629,2101154396,512
64630,2101188849,512
64631,2101220990,512
64632,2101254618,512
64633,2101289302,512
64634,2101321773,512
64635,2101355700,512
64636,2101389261,512
64637,2101421355,512
64638,2101453413,512
64639,2101485875,512
64640,2101517908,512
64641,2101549934,512
64642,2101582039,512
64643,2101614188,512
64644,2101646367,512
64645,2101678549,512
64646,2101710630,512
64647,2101742654,512
64648,2101774769,512
64649,2101807001,512
64650,2101841825,512
64651,2101874131,512
64652,2101906224,512
64653,2101938365,512
64654,2101971512,512
64655,2102005889,512
64656,2102037910,512
64657,2102072393,512
64658,2102105931,512
64659,2102138106,512
64660,2102170211,512
64661,2102202521,512
64662,2102234677,512
64663,2102266793,512
64664,2102298904,512
64665,2102330947,512
64666,2102363072,512
64667,2102395196,512
64669,2102459425,512
64670,2102491449,512
64671,2102523537,512
64672,2102555543,512
64673,2102590393,512
64674,2102622654,512
64675,2102654976,512
64676,2102688080,512
64677,2102722588,512
64678,2102754669,512
64679,2102789114,512
64680,2102822581,512
64681,2102854607,512
64682,2102886806,512
64683,2102919078,512
64684,2102951176,512
64685,2102983578,512
64686,2103015695,512
64687,2103047908,512
64688,2103080023,512
64689,2103112158,512
64690,2103144236,512
64691,2103178851,512
64692,2103210901,512
64693,2103243190,512
64694,2103275606,512
64695,2103307746,512
64696,2103339824,512
64697,2103371993,512
64698,2103404394,512
64699,2103436520,512
64700,2103468569,512
64701,2103506380,512
64702,2103539401,512
64703,2103571477,512
64704,2103603549,512
64705,2103635997,512
64706,2103668011,512
64707,2103700084,512
64708,2103732226,512
64709,2103764239,512
64710,2103796331,512
64711,2103828342,512
64712,2103860469,512
64713,2103892503,512
64714,2103924680,512
64715,2103956727,512
64716,2103988797,512
64717,2104020993,512
64718,2104053182,512
64719,2104088083,512
64720,2104121447,512
64721,2104156147,512
64722,2104188509,512
64723,2104222582,512
64724,2104255758,512
64725,2104287964,512
64726,2104320265,512
64727,2104352538,512
64728,2104384618,512
64729,2104416672,512
64730,2104448859,512
64731,2104480873,512
64732,2104512933,512
64733,2104545052,512
64734,2104577069,512
64735,2104609196,512
64736,2104641196,512
64737,2104673355,512
64738,2104705464,512
64739,2104737909,512
64740,2104772252,512
64741,2104804610,512
64742,2104837571,512
64743,2104869759,512
64744,2104901927,512
64745,2104939265,512
64746,2104972799,512
64747,2105005296,512
64748,2105037416,512
64749,2105069512,512
64750,2105101912,512
64751,2105134097,512
64752,2105166258,512
64753,2105200894,512
64754,2105232907,512
64755,2105265006,512
64756,2105297078,512
64757,2105329512,512
64758,2105361696,512
64759,2105393774,512
64760,2105425952,512
64761,2105458060,512
64762,2105490087,512
64763,2105522120,512
64764,2105554196,512
64765,2105586377,512
64766,2105618567,512
64767,2105650602,512
64768,2105682672,512
64769,2105714678,512
64770,2105750236,512
64771,2105782410,512
64772,2105814543,512
64773,2105846708,512
64774,2105878879,512
64775,2105910958,512
64776,2105945606,512
64777,2105977677,512
64778,2106009956,512
64779,2106042245,512
64780,2106074650,512
64781,2106106746,512
64782,2106138784,512
64783,2106171740,512
64784,2106205841,512
64785,2106238005,512
64786,2106271243,512
64787,2106305636,512
64788,2106338070,512
64789,2106373273,512
64790,2106405985,512
64791,2106438071,512
64792,2106470269,512
64793,2106502270,512
64794,2106534755,512
64795,2106566810,512
64796,2106598826,512
64797,2106631033,512
64798,2106663195,512
64799,2106695402,512
64800,2106727467,512
64801,2106759506,512
64802,2106791629,512
64803,2106823753,512
64804,2106855794,512
64805,2106887953,512
64806,2106922578,512
64807,2106954723,512
64808,2106987671,512
64809,2107019804,512
64810,2107051958,512
64811,2107083989,512
64812,2107116070,512
64813,2107148130,512
64814,2107183569,512
64815,2107215586,512
64816,2107247733,512
64817,2107279893,512
64818,2107311944,512
64819,2107344076,512
64820,2107376117,512
64821,2107408141,512
64822,2107440177,512
64823,2107472269,512
64824,2107504287,512
64825,2107536293,512
64826,2107568449,512
64827,2107601805,512
64828,2107635245,512
64829,2107667349,512
64830,2107699424,512
64831,2107731757,512
64832,2107763819,512
64833,2107795911,512
64834,2107828004,512
64835,2107860013,512
64836,2107892055,512
64837,2107924086,512
64838,2107956388,512
64839,2107988483,512
64840,2108020528,512
64841,2108052569,512
64842,2108084614,512
64843,2108117059,512
64844,2108149133,512
64845,2108181135,512
64846,2108213888,512
64847,2108247680,512
64848,2108279834,512
64849,2108312179,512
64850,2108344346,512
64851,2108376512,512
64852,2108408644,512
64853,2108440837,512
64854,2108472855,512
64855,2108504946,512
64856,2108536981,512
64857,2108569166,512
64858,2108601166,512
64859,2108633368,512
64860,2108665426,512
64861,2108697595,512
64862,2108729599,512
64863,2108761660,512
64864,2108793722,512
64865,2108830919,512
64866,2108864477,512
64867,2108896558,512
64868,2108929041,512
64869,2108961079,512
64870,2108993262,512
64871,2109025435,512
64872,2109057477,512
64873,2109089577,512
64874,2109121759,512
64875,2109153908,512
64876,2109186086,512
64877,2109218121,512
64879,2109284578,512
64880,2109316766,512
64881,2109349354,512
64882,2109381437,512
64883,2109413463,512
64884,2109446513,512
64885,2109481020,512
64886,2109513063,512
64887,2109547549,512
64888,2109581236,512
64889,2109613515,512
64890,2109645648,512
64891,2109677712,512
64892,2109709745,512
64893,2109741921,512
64894,2109774089,512
64895,2109806223,512
64896,2109838292,512
64897,2109870486,512
64898,2109902627,512
64899,2109934653,512
64900,2109966745,512
64901,2109998827,512
64902,2110030879,512
64903,2110062949,512
64904,2110094996,512
64905,2110127025,512
64906,2110159744,512
64907,2110193849,512
64908,2110225945,512
64909,2110258065,512
64910,2110290250,512
64911,2110322409,512
64912,2110354617,512
64913,2110386719,512
64914,2110418753,512
64915,2110450911,512
64916,2110483097,512
64917,2110515102,512
64918,2110547257,512
64919,2110579328,512
64920,2110611413,512
64921,2110646099,512
64922,2110678686,512
64923,2110710753,512
64924,2110742770,512
64925,2110776181,512
64926,2110810531,512
64927,2110842809,512
64928,2110876289,512
64929,2110910478,512
64930,2110942623,512
64931,2110974819,512
64932,2111007037,512
64933,2111039176,512
64934,2111071188,512
64935,2111103191,512
64936,2111135254,512
64937,2111167380,512
64938,2111199463,512
64939,2111231559,512
64940,2111263738,512
64941,2111295813,512
64942,2111327944,512
64943,2111360092,512
64944,2111392410,512
64945,2111426759,512
64946,2111458969,512
64947,2111493089,512
64948,2111527127,512
64949,2111559124,512
64950,2111593055,512
64951,2111627075,512
64952,2111659111,512
64953,2111691330,512
64954,2111723645,512
64955,2111755730,512
64956,2111787901,512
64957,2111819957,512
64958,2111852047,512
64959,2111884208,512
64960,2111916213,512
64961,2111948348,512
64962,2111980494,512
64963,2112012679,512
64964,2112044706,512
64965,2112076708,512
64966,2112109288,512
64967,2112143359,512
64968,2112175619,512
64969,2112209868,512
64970,2112243435,512
64971,2112275844,512
64972,2112309766,512
64973,2112343789,512
64974,2112375852,512
64975,2112408041,512
64976,2112440372,512
64977,2112472499,512
64978,2112504552,512
64979,2112536788,512
64980,2112568817,512
64981,2112600882,512
64982,2112633018,512
64983,2112665083,512
64984,2112697124,512
64985,2112729149,512
64986,2112761194,512
64987,2112793322,512
64988,2112825722,512
64989,2112860288,512
64990,2112892493,512
64991,2112926660,512
64992,2112960494,512
64993,2112993165,512
64994,2113025279,512
64995,2113057314,512
64996,2113089475,512
64997,2113121670,512
64998,2113153754,512
64999,2113185946,512
65000,2113218018,512
65001,2113252749,512
65002,2113285087,512
65003,2113317149,512
65004,2113349196,512
65005,2113381314,512
65006,2113413413,512
65007,2113445435,512
65008,2113477425,512
65009,2113509481,512
65010,2113542579,512
65011,2113576963,512
65012,2113609117,512
65013,2113643288,512
65014,2113676808,512
65015,2113709125,512
65016,2113741321,512
65017,2113773606,512
65018,2113805772,512
65019,2113837880,512
65020,2113869916,512
65021,2113902001,512
65022,2113934143,512
65023,2113966158,512
65024,2113998271,512
65025,2114030438,512
65026,2114062513,512
65027,2114094655,512
65028,2114126775,512
65029,2114159003,512
65030,2114193356,512
65031,2114225732,512
65032,2114259066,512
65033,2114293423,512
65034,2114325777,512
65035,2114360111,512
65036,2114393416,512
65037,2114425892,512
65038,2114458174,512
65039,2114490234,512
65040,2114522549,512
65041,2114554580,512
65042,2114586609,512
65043,2114618799,512
65044,2114650879,512
65045,2114682940,512
65046,2114714970,512
65047,2114747058,512
65048,2114779096,512
65049,2114811163,512
65050,2114843359,512
65051,2114875664,512
65052,2114910032,512
65053,2114942396,512
65054,2114975821,512
65055,2115010108,512
65056,2115042586,512
65057,2115076912,512
65058,2115110606,512
65059,2115142858,512
65060,2115175174,512
65061,2115207376,512
65062,2115239550,512
65063,2115271593,512
65064,2115303712,512
65065,2115335875,512
65066,2115368068,512
65067,2115402798,512
65068,2115435295,512
65069,2115467398,512
65070,2115499476,512
65071,2115531589,512
65072,2115563635,512
65073,2115595653,512
65074,2115627745,512
65075,2115659745,512
65076,2115692921,512
65077,2115727140,512
65078,2115759308,512
65079,2115793680,512
65080,2115826804,512
65081,2115859195,512
65082,2115891449,512
65083,2115923798,512
65084,2115955940,512
65085,2115987964,512
65086,2116020141,512
65087,2116052333,512
65088,2116084402,512
65089,2116116455,512
65090,2116148581,512
65091,2116180671,512
65092,2116212829,512
65093,2116247992,512
65094,2116280075,512
65095,2116312375,512
65096,2116344468,512
65097,2116376628,512
65098,2116409402,512
65099,2116443512,512
65100,2116475799,512
65101,2116510396,512
65102,2116543625,512
65103,2116576005,512
65104,2116608024,512
65105,2116640319,512
65106,2116672398,512
65107,2116704592,512
65108,2116736597,512
65109,2116768630,512
65110,2116800642,512
65111,2116832725,512
65112,2116864978,512
65113,2116897098,512
65114,2116929170,512
65115,2116961225,512
65116,2116993332,512
65117,2117026022,512
65118,2117060053,512
65119,2117092598,512
65120,2117125240,512
65121,2117157315,512
65122,2117189347,512
65123,2117221543,512
65124,2117253543,512
65125,2117285628,512
65126,2117317724,512
65127,2117349869,512
65128,2117382043,512
65129,2117416639,512
65130,2117448789,512
65131,2117480814,512
65132,2117513178,512
65133,2117545265,512
65134,2117577278,512
65135,2117609428,512
65136,2117641428,512
65137,2117673518,512
65138,2117705684,512
65139,2117739339,512
65140,2117772692,512
65141,2117804930,512
65142,2117837115,512
65143,2117869117,512
65144,2117901136,512
65145,2117933161,512
65146,2117965332,512
65147,2117997808,512
65148,2118029860,512
65149,2118062038,512
65150,2118094108,512
65151,2118126182,512
65152,2118158307,512
65153,2118190438,512
65154,2118222559,512
65155,2118254851,512
65156,2118289906,512
65157,2118322064,512
65158,2118355563,512
65159,2118389714,512
65160,2118422118,512
65161,2118455928,512
65162,2118489757,512
65163,2118521768,512
65164,2118554004,512
65165,2118586225,512
65166,2118618505,512
65167,2118650680,512
65168,2118682818,512
65169,2118714822,512
65170,2118746857,512
65171,2118778913,512
65172,2118811068,512
65173,2118843103,512
65174,2118875266,512
65175,2118907429,512
65176,2118939558,512
65177,2118971609,512
65178,2119003603,512
65179,2119038306,512
65180,2119071061,512
65181,2119103089,512
65182,2119135189,512
65183,2119167257,512
65184,2119199279,512
65185,2119231385,512
65186,2119263568,512
65187,2119295679,512
65188,2119327733,512
65189,2119359769,512
65190,2119391933,512
65191,2119426518,512
65192,2119458704,512
65193,2119490823,512
65194,2119523424,512
65195,2119555475,512
65196,2119587972,512
65197,2119620123,512
65198,2119652183,512
65199,2119684626,512
65200,2119718993,512
65201,2119751043,512
65202,2119784884,512
65203,2119819111,512
65204,2119851448,512
65205,2119883738,512
65206,2119915886,512
65207,2119947968,512
65208,2119980060,512
65209,2120012099,512
65210,2120044264,512
65211,2120076455,512
65212,2120109213,512
65213,2120143598,512
65214,2120175854,512
65215,2120207900,512
65216,2120239936,512
65217,2120272145,512
65218,2120304510,512
65219,2120336706,512
65220,2120368804,512
65221,2120401789,512
65222,2120435443,512
65223,2120467685,512
65224,2120501777,512
65225,2120535693,512
65226,2120567899,512
65227,2120601481,512
65228,2120633600,512
65229,2120667790,512
65230,2120700537,512
65231,2120732683,512
65232,2120764791,512
65233,2120796879,512
65234,2120829012,512
65235,2120861183,512
65236,2120893369,512
65237,2120925371,512
65238,2120957371,512
65239,2120989439,512
65240,2121021495,512
65241,2121055808,512
65242,2121088319,512
65243,2121121615,512
65244,2121153655,512
65245,2121188327,512
65246,2121221643,512
65247,2121255949,512
65248,2121288583,512
65249,2121323215,512
65250,2121356562,512
65251,2121388573,512
65252,2121420872,512
65253,2121452926,512
65254,2121485013,512
65255,2121517125,512
65256,2121549163,512
65257,2121581166,512
65258,2121613292,512
65259,2121645493,512
65260,2121677584,512
65261,2121709676,512
65262,2121741860,512
65263,2121773970,512
65264,2121806026,512
65265,2121838425,512
65266,2121872902,512
65267,2121905136,512
65268,2121937922,512
65269,2121970038,512
65270,2122002243,512
65271,2122034256,512
65272,2122066402,512
65273,2122098546,512
65274,2122130576,512
65275,2122162659,512
65276,2122197356,512
65277,2122229434,512
65278,2122261453,512
65279,2122293717,512
65280,2122325806,512
65281,2122357976,512
65282,2122390137,512
65283,2122422272,512
65284,2122454310,512
65285,2122486418,512
65286,2122518475,512
65287,2122552216,512
65288,2122585693,512
65289,2122618108,512
65290,2122650266,512
65291,2122682457,512
65292,2122714629,512
65293,2122746629,512
65294,2122778769,512
65295,2122810878,512
65296,2122843038,512
65297,2122875211,512
65298,2122907309,512
65299,2122939400,512
65300,2122974058,512
65301,2123006273,512
65302,2123038482,512
65303,2123070861,512
65304,2123102928,512
65305,2123134952,512
65306,2123167259,512
65307,2123199407,512
65308,2123231491,512
65309,2123263678,512
65310,2123295761,512
65311,2123330370,512
65312,2123362929,512
65313,2123395107,512
65314,2123427227,512
65315,2123459346,512
65316,2123491543,512
65317,2123523637,512
65318,2123555749,512
65319,2123587859,512
65320,2123620056,512
65321,2123654762,512
65322,2123686874,512
65323,2123719280,512
65324,2123751430,512
65325,2123783889,512
65326,2123815958,512
65327,2123848017,512
65328,2123880856,512
65329,2123915113,512
65330,2123947423,512
65331,2123979663,512
65332,2124011680,512
65333,2124043691,512
65334,2124075703,512
65335,2124107795,512
65336,2124139991,512
65337,2124172129,512
65338,2124204209,512
65339,2124236287,512
65340,2124268346,512
65341,2124300394,512
65342,2124332550,512
65343,2124364617,512
65344,2124397143,512
65345,2124431422,512
65346,2124463855,512
65347,2124497655,512
65348,2124531553,512
65349,2124563569,512
65350,2124595631,512
65351,2124627709,512
65352,2124659771,512
65353,2124692225,512
65354,2124724347,512
65355,2124756336,512
65356,2124788489,512
65357,2124820593,512
65358,2124852708,512
65359,2124884852,512
65360,2124917015,512
65361,2124949209,512
65362,2124981260,512
65363,2125016042,512
65364,2125048528,512
65365,2125080694,512
65366,2125114011,512
65367,2125148241,512
65368,2125180432,512
65369,2125214391,512
65370,2125248589,512
65371,2125280733,512
65372,2125312823,512
65373,2125344867,512
65374,2125377265,512
65375,2125409360,512
65376,2125441505,512
65377,2125473603,512
65378,2125505709,512
65379,2125537860,512
65380,2125569888,512
65381,2125604537,512
65382,2125636687,512
65383,2125668797,512
65384,2125701297,512
65385,2125733365,512
65386,2125765501,512
65387,2125797697,512
65388,2125830447,512
65389,2125865156,512
65390,2125897504,512
65391,2125931392,512
65392,2125965004,512
65393,2125997034,512
65394,2126029156,512
65395,2126061496,512
65396,2126093619,512
65397,2126125694,512
65398,2126157734,512
65399,2126189844,512
65400,2126222033,512
65401,2126254229,512
65402,2126286324,512
65403,2126318457,512
65404,2126350653,512
65405,2126385698,512
65406,2126417700,512
65407,2126450058,512
65408,2126482194,512
65409,2126514373,512
65410,2126547911,512
65411,2126581556,512
65412,2126613593,512
65413,2126648117,512
65414,2126681562,512
65415,2126713745,512
65416,2126745963,512
65417,2126778221,512
65418,2126810275,512
65419,2126842438,512
65420,2126874483,512
65421,2126906556,512
65422,2126938710,512
65423,2126970793,512
65424,2127002920,512
65425,2127035086,512
65426,2127067102,512
65427,2127099241,512
65428,2127131288,512
65429,2127163574,512
65430,2127198156,512
65431,2127230598,512
65432,2127263688,512
65433,2127298300,512
65434,2127330374,512
65435,2127364852,512
65436,2127398392,512
65437,2127430421,512
65438,2127462554,512
65439,2127494970,512
65440,2127527044,512
65441,2127559355,512
65442,2127591513,512
65443,2127623707,512
65444,2127655735,512
65445,2127687758,512
65446,2127719929,512
65447,2127752052,512
65448,2127784079,512
65449,2127818702,512
65450,2127850819,512
65451,2127883233,512
65452,2127915274,512
65453,2127947347,512
65454,2127980385,512
65455,2128015062,512
65456,2128047426,512
65457,2128081616,512
65458,2128115577,512
65459,2128147668,512
65460,2128179841,512
65461,2128212000,512
65462,2128244101,512
65463,2128276168,512
65464,2128308293,512
65465,2128340367,512
65466,2128372395,512
65467,2128404455,512
65468,2128436618,512
65469,2128468669,512
65470,2128503402,512
65471,2128535550,512
65472,2128567643,512
65473,2128599821,512
65474,2128632090,512
65475,2128664241,512
65476,2128697246,512
65477,2128731733,512
65478,2128764126,512
65479,2128798664,512
65480,2128831865,512
65481,2128864378,512
65482,2128896467,512
65483,2128928561,512
65484,2128960587,512
65485,2128992607,512
65486,2129024635,512
65487,2129056690,512
65488,2129088824,512
65489,2129120837,512
65490,2129152919,512
65491,2129185080,512
65492,2129217265,512
65493,2129249455,512
65494,2129281467,512
65495,2129313856,512
65496,2129348467,512
65497,2129380748,512
65498,2129413211,512
65499,2129445256,512
65500,2129477427,512
65501,2129509618,512
65502,2129541794,512
65503,2129576416,512
65504,2129609176,512
65505,2129641308,512
65506,2129673395,512
65507,2129705512,512
65508,2129737570,512
65509,2129769700,512
65510,2129801867,512
65511,2129834029,512
65512,2129866051,512
65513,2129898130,512
65514,2129932850,512
65515,2129964884,512
65516,2129996899,512
65517,2130030298,512
65518,2130064853,512
65519,2130097000,512
65520,2130130564,512
65521,2130165300,512
65522,2130197559,512
65523,2130231688,512
65524,2130265176,512
65525,2130297300,512
65526,2130329359,512
65527,2130361536,512
65528,2130393689,512
65529,2130425860,512
65530,2130457891,512
65531,2130490326,512
65532,2130522330,512
65533,2130554426,512
65534,2130586578,512
65535,2130618776,512
65536,2130650818,512
65537,2130682824,512
65538,2130714913,512
65539,2130747132,512
65540,2130781589,512
65541,2130813709,512
65542,2130846673,512
65543,2130878846,512
65544,2130910971,512
65545,2130943124,512
65546,2130975127,512
65547,2131009934,512
65548,2131042819,512
65549,2131074956,512
65550,2131107009,512
65551,2131139150,512
65552,2131171322,512
65553,2131203395,512
65554,2131238107,512
65555,2131270104,512
65556,2131302244,512
65557,2131334273,512
65558,2131366747,512
65559,2131398753,512
65560,2131430777,512
65561,2131463870,512
65562,2131498345,512
65563,2131530451,512
65564,2131563337,512
65565,2131595457,512
65566,2131627548,512
65567,2131659554,512
65568,2131691723,512
65569,2131723918,512
65570,2131759085,512
65571,2131791256,512
65572,2131823411,512
65573,2131855513,512
65574,2131887688,512
65575,2131919760,512
65576,2131951945,512
65577,2131983990,512
65578,2132016081,512
65579,2132048079,512
65580,2132080158,512
65581,2132112241,512
65582,2132144243,512
65583,2132177590,512
65584,2132210641,512
65585,2132243046,512
65586,2132275251,512
65587,2132307515,512
65588,2132339911,512
65589,2132372111,512
65590,2132404272,512
65591,2132436295,512
65592,2132468418,512
65593,2132500427,512
65594,2132532571,512
65595,2132564668,512
65596,2132599319,512
65597,2132631738,512
65598,2132663984,512
65599,2132696281,512
65600,2132728372,512
65601,2132760454,512
65602,2132792866,512
65603,2132824899,512
65604,2132859598,512
65605,2132894187,512
65606,2132927343,512
65607,2132959791,512
65608,2132991922,512
65609,2133024260,512
65610,2133056429,512
65611,2133088453,512
65612,2133120563,512
65613,2133152574,512
65614,2133184775,512
65615,2133216890,512
65616,2133249007,512
65617,2133281112,512
65618,2133313287,512
65619,2133345428,512
65620,2133377473,512
65621,2133412413,512
65622,2133444658,512
65623,2133476857,512
65624,2133509187,512
65625,2133541328,512
65626,2133573370,512
65627,2133605395,512
65628,2133637568,512
65629,2133669616,512
65630,2133701633,512
65631,2133733825,512
65632,2133768540,512
65633,2133800930,512
65634,2133833070,512
65635,2133865120,512
65636,2133897175,512
65637,2133929287,512
65638,2133961505,512
65639,2133993580,512
65640,2134025985,512
65641,2134057991,512
65642,2134090159,512
65643,2134123216,512
65644,2134156808,512
65645,2134188874,512
65646,2134221037,512
65647,2134253448,512
65648,2134285475,512
65649,2134317567,512
65650,2134349628,512
65651,2134381675,512
65652,2134413805,512
65653,2134445851,512
65654,2134477982,512
65655,2134510088,512
65656,2134542213,512
65657,2134574222,512
65658,2134606402,512
65659,2134638759,512
65660,2134673354,512
65661,2134705707,512
65662,2134738692,512
65663,2134770796,512
65664,2134805482,512
65665,2134840046,512
65666,2134873685,512
65667,2134906075,512
65668,2134938145,512
65669,2134970315,512
65670,2135002513,512
65671,2135034621,512
65672,2135066669,512
65673,2135098791,512
65674,2135130918,512
65675,2135162935,512
65676,2135195068,512
65677,2135227160,512
65678,2135259186,512
65679,2135291311,512
65680,2135323330,512
65681,2135355716,512
65682,2135389882,512
65683,2135422169,512
65684,2135455837,512
65685,2135489926,512
65686,2135522180,512
65687,2135557260,512
65688,2135590194,512
65689,2135622257,512
65690,2135654432,512
65691,2135686769,512
65692,2135718967,512
65693,2135751082,512
65694,2135783094,512
65695,2135815287,512
65696,2135847344,512
65697,2135879356,512
65698,2135911483,512
65699,2135943617,512
65700,2135975747,512
65701,2136007852,512
65702,2136039977,512
65703,2136074890,512
65704,2136106910,512
65705,2136139314,512
65706,2136171376,512
65707,2136203461,512
65708,2136235590,512
65709,2136267616,512
65710,2136299680,512
65711,2136331725,512
65712,2136363757,512
65713,2136395799,512
65714,2136427994,512
65715,2136460069,512
65716,2136492264,512
65717,2136524449,512
65718,2136556490,512
65719,2136588558,512
65720,2136623124,512
65721,2136655396,512
65722,2136687913,512
65723,2136720024,512
65724,2136752209,512
65725,2136785612,512
65726,2136819409,512
65727,2136851457,512
65728,2136883484,512
65729,2136915608,512
65730,2136947703,512
65731,2136980073,512
65732,2137012239,512
65733,2137044298,512
65734,2137076486,512
65735,2137108533,512
65736,2137140721,512
65737,2137172751,512
65738,2137204848,512
65739,2137237017,512
65740,2137269056,512
65741,2137304091,512
65742,2137336448,512
65743,2137368606,512
65744,2137401678,512
65745,2137436025,512
65746,2137468196,512
65747,2137502414,512
65748,2137536209,512
65749,2137568244,512
65750,2137600671,512
65751,2137632728,512
65752,2137664875,512
65753,2137696893,512
65754,2137729033,512
65755,2137761230,512
65756,2137793314,512
65757,2137825460,512
65758,2137857617,512
65759,2137889796,512
65760,2137921853,512
65761,2137956551,512
65762,2137988610,512
65763,2138020642,512
65764,2138052655,512
65765,2138085152,512
65766,2138117965,512
65767,2138149995,512
65768,2138182018,512
65769,2138214067,512
65770,2138246137,512
65771,2138278149,512
65772,2138310190,512
65773,2138344909,512
65774,2138377376,512
65775,2138409506,512
65776,2138441824,512
65777,2138473889,512
65778,2138505975,512
65779,2138538069,512
65780,2138570085,512
65781,2138602163,512
65782,2138634305,512
65783,2138666305,512
65784,2138698406,512
65785,2138731721,512
65786,2138765321,512
65787,2138797400,512
65788,2138831147,512
65789,2138865430,512
65790,2138897507,512
65791,2138929576,512
65792,2138961606,512
65793,2138994038,512
65794,2139026146,512
65795,2139058183,512
65796,2139090399,512
65797,2139122435,512
65798,2139154595,512
65799,2139186650,512
65800,2139218733,512
65801,2139250804,512
65802,2139282893,512
65803,2139315011,512
65804,2139347719,512
65805,2139381911,512
65806,2139413992,512
65807,2139448249,512
65808,2139482429,512
65809,2139514519,512
65810,2139548215,512
65811,2139582669,512
65812,2139614679,512
65813,2139646836,512
65814,2139678857,512
65815,2139710997,512
65816,2139743085,512
65817,2139775121,512
65818,2139807321,512
65819,2139839429,512
65820,2139871499,512
65821,2139903532,512
65822,2139935655,512
65823,2139967727,512
65824,2139999822,512
65825,2140034502,512
65826,2140067380,512
65827,2140099527,512
65828,2140131629,512
65829,2140165286,512
65830,2140198379,512
65831,2140230628,512
65832,2140264691,512
65833,2140298857,512
65834,2140330858,512
65835,2140363167,512
65836,2140395471,512
65837,2140427597,512
65838,2140459778,512
65839,2140491916,512
65840,2140523977,512
65841,2140556170,512
65842,2140588327,512
65843,2140620422,512
65844,2140652528,512
65845,2140684528,512
65846,2140716528,512
65847,2140748636,512
65848,2140780959,512
65849,2140815428,512
65850,2140847902,512
65851,2140881598,512
65852,2140915438,512
65853,2140947440,512
65854,2140981479,512
65855,2141015494,512
65856,2141047978,512
65857,2141080213,512
65858,2141112417,512
65859,2141144601,512
65860,2141176745,512
65861,2141208838,512
65862,2141240974,512
65863,2141273150,512
65864,2141305159,512
65865,2141339653,512
65866,2141371892,512
65867,2141404330,512
65868,2141436369,512
65869,2141468474,512
65870,2141500825,512
65871,2141532941,512
65872,2141564964,512
65873,2141597948,512
65874,2141632087,512
65875,2141664099,512
65876,2141696278,512
65877,2141728720,512
65878,2141760861,512
65879,2141793031,512
65880,2141825077,512
65881,2141857091,512
65882,2141889236,512
65883,2141921261,512
65884,2141953375,512
65885,2141985418,512
65886,2142017595,512
65887,2142049653,512
65888,2142081661,512
65889,2142113705,512
65890,2142145872,512
65891,2142177879,512
65892,2142210568,512
65893,2142244662,512
65894,2142276724,512
65895,2142309016,512
65896,2142341238,512
65897,2142373350,512
65898,2142405419,512
65899,2142437684,512
65900,2142469694,512
65901,2142501769,512
65902,2142533806,512
65903,2142565982,512
65904,2142597995,512
65905,2142630100,512
65906,2142662238,512
65907,2142694295,512
65908,2142726510,512
65909,2142758576,512
65910,2142793209,512
65911,2142827192,512
65912,2142861209,512
65913,2142893285,512
65914,2142927258,512
65915,2142961315,512
65916,2142993383,512
65917,2143025553,512
65918,2143057595,512
65919,2143089900,512
65920,2143121991,512
65921,2143154048,512
65922,2143186059,512
65923,2143218191,512
65924,2143250290,512
65925,2143282452,512
65926,2143314515,512
65927,2143346713,512
65928,2143378848,512
65929,2143410871,512
65930,2143443488,512
65931,2143477954,512
65932,2143510046,512
65933,2143543959,512
65934,2143577978,512
65935,2143609981,512
65936,2143644174,512
65937,2143678107,512
65938,2143710246,512
65939,2143742298,512
65940,2143774665,512
65941,2143806845,512
65942,2143838936,512
65943,2143871060,512
65944,2143903120,512
65945,2143935124,512
65946,2143967184,512
65947,2143999263,512
65948,2144031369,512
65949,2144063528,512
65950,2144095535,512
65951,2144127605,512
65952,2144159976,512
65953,2144194590,512
65954,2144226731,512
65955,2144260777,512
65956,2144294464,512
65957,2144326718,512
65958,2144358920,512
65959,2144391329,512
65960,2144423342,512
65961,2144455428,512
65962,2144487521,512
65963,2144519610,512
65964,2144551629,512
65965,2144583692,512
65966,2144615844,512
65967,2144648049,512
65968,2144680134,512
65969,2144712209,512
65970,2144744241,512
65971,2144776385,512
65972,2144808395,512
65973,2144840576,512
65974,2144873281,512
65975,2144907414,512
65976,2144939744,512
65977,2144971976,512
65978,2145004044,512
65979,2145036186,512
65980,2145068186,512
65981,2145100343,512
65982,2145132468,512
65983,2145164623,512
65984,2145196636,512
65985,2145228743,512
65986,2145260842,512
65987,2145292967,512
65988,2145324980,512
65989,2145356992,512
65990,2145389180,512
65991,2145423963,512
65992,2145456221,512
65993,2145489563,512
65994,2145523705,512
65995,2145556021,512
65996,2145589834,512
65997,2145624071,512
65998,2145656495,512
65999,2145688582,512
66000,2145720654,512
66001,2145752753,512
66002,2145784795,512
66003,2145816853,512
66004,2145848881,512
66005,2145880994,512
66006,2145913043,512
66007,2145945221,512
66008,2145977244,512
66009,2146009256,512
66010,2146041373,512
66011,2146073427,512
66012,2146105757,512
66013,2146137829,512
66014,2146172559,512
66015,2146206466,512
66016,2146240661,512
66017,2146272709,512
66018,2146306802,512
66019,2146340730,512
66020,2146372759,512
66021,2146404851,512
66022,2146437271,512
66023,2146469456,512
66024,2146501654,512
66025,2146533831,512
66026,2146565984,512
66027,2146598170,512
66028,2146630209,512
66029,2146662359,512
66030,2146697038,512
66031,2146729139,512
66032,2146761178,512
66033,2146793567,512
66034,2146825922,512
66035,2146858099,512
66036,2146890261,512
66037,2146923147,512
66038,2146957276,512
66039,2146989311,512
66040,2147023359,512
66041,2147057348,512
66042,2147089561,512
66043,2147122071,512
66044,2147154247,512
66045,2147186343,512
66046,2147218367,512
66047,2147250402,512
66048,2147282544,512
66049,2147314633,512
66050,2147346761,512
66051,2147378870,512
66052,2147411004,512
66053,2147443070,512
66054,2147477784,512
66055,2147509865,512
66056,2147542184,512
66057,2147574345,512
66058,2147606387,512
66059,2147639943,512
66060,2147673747,512
66061,2147706139,512
66062,2147740037,512
66063,2147774079,512
66064,2147806188,512
66065,2147838229,512
66066,2147870659,512
66067,2147902661,512
66068,2147934820,512
66069,2147966994,512
66070,2147999014,512
66071,2148031019,512
66072,2148063079,512
66073,2148095196,512
66074,2148127336,512
66075,2148159417,512
66076,2148191543,512
66077,2148223555,512
66078,2148256196,512
66079,2148290300,512
66080,2148322685,512
66081,2148357037,512
66082,2148390649,512
66083,2148422718,512
66084,2148456677,512
66085,2148490919,512
66086,2148523262,512
66087,2148555568,512
66088,2148587628,512
66089,2148619729,512
66090,2148651860,512
66091,2148684024,512
66092,2148716209,512
66093,2148748228,512
66094,2148780349,512
66095,2148812371,512
66096,2148844425,512
66097,2148879177,512
66098,2148911265,512
66099,2148943707,512
66100,2148975756,512
66101,2149007762,512
66102,2149039855,512
66103,2149073458,512
66104,2149107303,512
66105,2149139336,512
66106,2149171412,512
66107,2149203515,512
66108,2149235554,512
66109,2149267567,512
66110,2149299602,512
66111,2149331653,512
66112,2149364077,512
66113,2149396159,512
66114,2149428178,512
66115,2149460567,512
66116,2149492719,512
66117,2149524806,512
66118,2149556887,512
66119,2149588985,512
66120,2149621157,512
66121,2149653249,512
66122,2149685924,512
66123,2149720059,512
66124,2149752418,512
66125,2149784649,512
66126,2149816848,512
66127,2149848904,512
66128,2149881027,512
66129,2149913120,512
66130,2149945209,512
66131,2149977287,512
66132,2150009306,512
66133,2150041319,512
66134,2150073486,512
66135,2150105684,512
66136,2150137701,512
66137,2150172417,512
66138,2150204713,512
66139,2150237084,512
66140,2150269213,512
66141,2150302448,512
66142,2150336660,512
66143,2150369114,512
66144,2150402712,512
66145,2150436640,512
66146,2150468665,512
66147,2150500797,512
66148,2150532807,512
66149,2150565268,512
66150,2150597409,512
66151,2150629576,512
66152,2150661716,512
66153,2150693739,512
66154,2150725920,512
66155,2150758022,512
66156,2150790226,512
66157,2150822243,512
66158,2150854352,512
66159,2150886378,512
66160,2150918501,512
66161,2150952808,512
66162,2150985296,512
66163,2151019106,512
66164,2151053193,512
66165,2151085250,512
66166,2151119285,512
66167,2151153305,512
66168,2151185519,512
66169,2151217882,512
66170,2151249972,512
66171,2151282114,512
66172,2151314180,512
66173,2151346173,512
66174,2151378345,512
66175,2151410346,512
66176,2151442512,512
66177,2151474567,512
66178,2151506692,512
66179,2151538711,512
66180,2151570870,512
66181,2151602973,512
66182,2151638478,512
66183,2151670496,512
66184,2151702528,512
66185,2151735940,512
66186,2151769915,512
66187,2151801990,512
66188,2151836009,512
66189,2151870014,512
66190,2151902142,512
66191,2151934333,512
66192,2151966550,512
66193,2151998674,512
66194,2152030779,512
66195,2152062982,512
66196,2152095052,512
66197,2152127053,512
66198,2152159127,512
66199,2152191318,512
66200,2152223409,512
66201,2152255455,512
66202,2152287628,512
66203,2152319783,512
66204,2152352084,512
66205,2152386517,512
66206,2152418608,512
66207,2152452733,512
66208,2152486550,512
66209,2152518599,512
66210,2152550610,512
66211,2152582721,512
66212,2152614849,512
66213,2152647339,512
66214,2152679354,512
66215,2152711516,512
66216,2152743534,512
66217,2152775680,512
66218,2152807961,512
66219,2152840010,512
66220,2152872046,512
66221,2152904209,512
66222,2152936233,512
66223,2152968236,512
66224,2153000329,512
66225,2153032360,512
66226,2153065322,512
66227,2153099257,512
66228,2153131280,512
66229,2153163505,512
66230,2153195711,512
66231,2153227889,512
66232,2153260064,512
66233,2153292113,512
66234,2153324149,512
66235,2153356153,512
66236,2153388262,512
66237,2153420395,512
66238,2153452559,512
66239,2153484572,512
66240,2153516653,512
66241,2153548655,512
66242,2153580984,512
66243,2153613069,512
66244,2153647769,512
66245,2153681309,512
66246,2153715591,512
66247,2153747842,512
66248,2153781802,512
66249,2153815892,512
66250,2153848027,512
66251,2153880074,512
66252,2153912520,512
66253,2153944587,512
66254,2153976623,512
66255,2154008747,512
66256,2154040927,512
66257,2154073118,512
66258,2154105256,512
66259,2154137366,512
66260,2154169454,512
66261,2154201543,512
66262,2154233578,512
66263,2154265654,512
66264,2154300657,512
66265,2154332800,512
66266,2154364832,512
66267,2154398080,512
66268,2154432300,512
66269,2154464403,512
66270,2154498527,512
66271,2154532598,512
66272,2154564689,512
66273,2154597024,512
66274,2154629185,512
66275,2154661244,512
66276,2154693476,512
66277,2154725518,512
66278,2154757710,512
66279,2154789876,512
66280,2154822017,512
66281,2154854111,512
66282,2154886280,512
66283,2154918281,512
66284,2154950370,512
66285,2154985028,512
66286,2155017606,512
66287,2155049606,512
66288,2155081759,512
66289,2155115228,512
66290,2155149176,512
66291,2155181604,512
66292,2155213669,512
66293,2155245877,512
66294,2155278013,512
66295,2155310146,512
66296,2155342336,512
66297,2155374455,512
66298,2155406488,512
66299,2155438634,512
66300,2155470736,512
66301,2155502855,512
66302,2155534878,512
66303,2155566879,512
66304,2155601623,512
66305,2155633689,512
66306,2155665821,512
66307,2155698136,512
66308,2155731606,512
66309,2155765837,512
66310,2155798066,512
66311,2155831921,512
66312,2155865989,512
66313,2155898019,512
66314,2155930210,512
66315,2155962367,512
66316,2155994620,512
66317,2156026736,512
66318,2156058750,512
66319,2156090871,512
66320,2156122920,512
66321,2156154927,512
66322,2156187236,512
66323,2156219384,512
66324,2156251518,512
66325,2156283642,512
66326,2156318349,512
66327,2156350598,512
66328,2156382695,512
66329,2156414861,512
66330,2156448124,512
66331,2156482459,512
66332,2156514633,512
66333,2156548629,512
66334,2156582513,512
66335,2156614701,512
66336,2156648740,512
66337,2156682823,512
66338,2156714867,512
66339,2156746955,512
66340,2156779313,512
66341,2156811359,512
66342,2156843438,512
66343,2156875627,512
66344,2156907816,512
66345,2156939980,512
66346,2156971993,512
66347,2157004080,512
66348,2157036143,512
66349,2157068318,512
66350,2157100424,512
66351,2157135561,512
66352,2157167729,512
66353,2157199896,512
66354,2157231968,512
66355,2157265469,512
66356,2157298968,512
66357,2157331902,512
66358,2157365431,512
66359,2157399493,512
66360,2157431822,512
66361,2157463902,512
66362,2157496013,512
66363,2157528075,512
66364,2157560102,512
66365,2157592244,512
66366,2157624416,512
66367,2157656558,512
66368,2157688706,512
66369,2157720781,512
66370,2157752879,512
66371,2157784895,512
66372,2157816896,512
66373,2157849034,512
66374,2157881443,512
66375,2157915876,512
66376,2157948046,512
66377,2157982387,512
66378,2158016009,512
66379,2158048147,512
66380,2158080741,512
66381,2158112855,512
66382,2158144855,512
66383,2158176966,512
66384,2158208984,512
66385,2158240995,512
66386,2158273127,512
66387,2158305234,512
66388,2158337249,512
66389,2158369344,512
66390,2158401410,512
66391,2158433579,512
66392,2158465636,512
66393,2158497866,512
66394,2158532430,512
66395,2158564628,512
66396,2158598682,512
66397,2158632655,512
66398,2158664701,512
66399,2158698996,512
66400,2158732750,512
66401,2158765109,512
66402,2158797479,512
66403,2158829669,512
66404,2158861722,512
66405,2158893852,512
66406,2158926053,512
66407,2158958101,512
66408,2158990113,512
66409,2159022120,512
66410,2159054136,512
66411,2159086209,512
66412,2159118328,512
66413,2159152610,512
66414,2159185250,512
66415,2159217689,512
66416,2159249693,512
66417,2159281851,512
66418,2159314893,512
66419,2159349291,512
66420,2159381422,512
66421,2159415797,512
66422,2159449514,512
66423,2159481660,512
66424,2159514043,512
66425,2159546147,512
66426,2159578325,512
66427,2159610455,512
66428,2159642569,512
66429,2159674759,512
66430,2159706829,512
66431,2159738906,512
66432,2159771024,512
66433,2159805643,512
66434,2159838113,512
66435,2159870279,512
66436,2159902375,512
66437,2159934553,512
66438,2159966733,512
66439,2159998852,512
66440,2160031322,512
66441,2160066050,512
66442,2160098070,512
66443,2160132359,512
66444,2160166042,512
66445,2160198178,512
66446,2160230250,512
66447,2160262660,512
66448,2160294699,512
66449,2160326862,512
66450,2160359048,512
66451,2160391115,512
66452,2160423259,512
66453,2160455416,512
66454,2160487485,512
66455,2160519647,512
66456,2160551816,512
66457,2160586400,512
66458,2160618544,512
66459,2160650579,512
66460,2160683072,512
66461,2160715151,512
66462,2160747535,512
66463,2160779658,512
66464,2160811855,512
66465,2160843983,512
66466,2160876124,512
66467,2160910865,512
66468,2160943194,512
66469,2160975304,512
66470,2161007449,512
66471,2161039596,512
66472,2161071646,512
66473,2161103692,512
66474,2161135794,512
66475,2161167826,512
66476,2161199982,512
66477,2161232066,512
66478,2161264192,512
66479,2161296367,512
66480,2161328463,512
66481,2161361696,512
66482,2161395269,512
66483,2161427844,512
66484,2161460045,512
66485,2161492153,512
66486,2161524263,512
66487,2161556384,512
66488,2161588544,512
66489,2161620642,512
66490,2161652774,512
66491,2161684932,512
66492,2161719544,512
66493,2161751865,512
66494,2161784009,512
66497,2161880478,512
66498,2161912488,512
66499,2161944519,512
66500,2161977507,512
66501,2162011968,512
66502,2162044033,512
66503,2162078273,512
66504,2162112046,512
66505,2162144110,512
66506,2162176593,512
66507,2162208737,512
66508,2162240810,512
66509,2162272942,512
66510,2162304980,512
66511,2162337165,512
66512,2162369349,512
66513,2162401409,512
66514,2162433609,512
66515,2162465670,512
66516,2162500316,512
66517,2162532517,512
66518,2162565012,512
66519,2162597043,512
66520,2162629127,512
66521,2162661147,512
66522,2162694077,512
66523,2162728212,512
66524,2162760558,512
66525,2162794978,512
66526,2162828594,512
66527,2162860770,512
66528,2162892871,512
66529,2162925288,512
66530,2162957485,512
66531,2162989680,512
66532,2163021740,512
66533,2163053757,512
66534,2163085840,512
66535,2163117900,512
66536,2163149970,512
66537,2163182076,512
66538,2163214250,512
66539,2163246280,512
66540,2163278475,512
66541,2163313119,512
66542,2163345273,512
66543,2163377644,512
66544,2163410877,512
66545,2163445453,512
66546,2163477798,512
66547,2163512185,512
66548,2163545032,512
66549,2163577526,512
66550,2163609587,512
66551,2163641953,512
66552,2163674090,512
66553,2163706213,512
66554,2163738229,512
66555,2163770355,512
66556,2163802543,512
66557,2163834585,512
66558,2163866759,512
66559,2163898831,512
66560,2163930985,512
66561,2163962997,512
66562,2163995122,512
66563,2164027267,512
66564,2164061794,512
66565,2164093982,512
66566,2164127396,512
66567,2164162155,512
66568,2164194506,512
66569,2164228573,512
66571,2164294151,512
66572,2164326314,512
66573,2164358562,512
66574,2164390760,512
66575,2164422900,512
66576,2164455003,512
66577,2164487152,512
66578,2164519186,512
66579,2164551352,512
66580,2164583416,512
66581,2164615558,512
66582,2164647712,512
66583,2164679727,512
66584,2164711734,512
66585,2164746556,512
66586,2164778748,512
66587,2164811118,512
66588,2164844089,512
66589,2164878627,512
66590,2164911106,512
66591,2164945260,512
66592,2164978689,512
66593,2165010849,512
66594,2165042923,512
66595,2165075378,512
66596,2165107551,512
66597,2165139717,512
66598,2165171766,512
66599,2165203845,512
66600,2165235880,512
66601,2165267983,512
66602,2165300173,512
66603,2165332261,512
66604,2165364409,512
66605,2165399128,512
66606,2165431628,512
66607,2165463685,512
66608,2165495775,512
66609,2165528081,512
66610,2165560889,512
66611,2165595481,512
66612,2165627849,512
66613,2165661879,512
66614,2165695516,512
66615,2165727672,512
66616,2165759701,512
66617,2165791879,512
66618,2165823972,512
66619,2165856146,512
66620,2165888304,512
66621,2165920334,512
66622,2165952454,512
66623,2165984639,512
66624,2166016708,512
66625,2166048878,512
66626,2166081000,512
66627,2166113188,512
66628,2166145241,512
66629,2166180221,512
66630,2166212346,512
66631,2166244650,512
66632,2166277813,512
66633,2166312172,512
66634,2166344542,512
66635,2166378940,512
66636,2166412077,512
66637,2166444238,512
66638,2166476301,512
66639,2166508645,512
66640,2166540767,512
66641,2166572811,512
66642,2166605002,512
66643,2166637210,512
66644,2166669348,512
66645,2166701532,512
66646,2166733617,512
66647,2166765718,512
66648,2166797833,512
66649,2166829846,512
66650,2166861928,512
66651,2166893944,512
66652,2166928172,512
66653,2166960590,512
66654,2166993716,512
66655,2167025720,512
66656,2167057803,512
66657,2167089990,512
66658,2167121994,512
66659,2167154056,512
66660,2167186086,512
66661,2167218091,512
66662,2167250291,512
66663,2167282334,512
66664,2167316976,512
66665,2167349059,512
66666,2167381180,512
66667,2167413194,512
66668,2167445562,512
66669,2167477774,512
66670,2167509959,512
66671,2167542080,512
66672,2167574096,512
66673,2167607518,512
66674,2167641278,512
66675,2167673409,512
66676,2167705457,512
66677,2167737498,512
66678,2167769713,512
66679,2167801946,512
66680,2167834100,512
66681,2167866189,512
66682,2167898320,512
66683,2167930409,512
66684,2167962568,512
66685,2167994685,512
66686,2168026817,512
66687,2168058918,512
66688,2168091018,512
66689,2168123145,512
66690,2168158266,512
66691,2168190376,512
66692,2168223164,512
66694,2168287193,512
66695,2168324631,512
66696,2168358067,512
66697,2168390359,512
66699,2168454797,512
66700,2168486958,512
66701,2168518975,512
66702,2168551013,512
66703,2168583213,512
66704,2168615395,512
66705,2168647418,512
66706,2168679455,512
66707,2168711581,512
66708,2168743772,512
66709,2168778676,512
66710,2168810891,512
66711,2168843079,512
66712,2168875211,512
66713,2168907289,512
66714,2168940159,512
66715,2168974293,512
66716,2169006643,512
66717,2169041244,512
66718,2169074479,512
66719,2169106679,512
66720,2169138991,512
66721,2169171297,512
66722,2169203376,512
66723,2169235538,512
66724,2169267591,512
66725,2169299638,512
66726,2169331685,512
66727,2169363852,512
66728,2169395937,512
66729,2169427983,512
66730,2169460127,512
66731,2169492213,512
66732,2169524330,512
66733,2169556421,512
66734,2169588438,512
66735,2169620592,512
66736,2169653145,512
66737,2169687425,512
66738,2169719451,512
66739,2169751585,512
66740,2169783873,512
66741,2169815954,512
66742,2169848144,512
66743,2169880250,512
66744,2169912296,512
66745,2169944455,512
66746,2169976559,512
66747,2170008744,512
66748,2170040884,512
66749,2170072905,512
66750,2170105058,512
66751,2170137117,512
66752,2170169421,512
66753,2170203543,512
66754,2170235819,512
66755,2170270106,512
66756,2170303604,512
66757,2170335944,512
66758,2170370063,512
66759,2170404055,512
66760,2170436099,512
66761,2170468213,512
66762,2170500398,512
66763,2170532550,512
66764,2170564600,512
66765,2170596676,512
66766,2170628872,512
66767,2170661043,512
66768,2170693226,512
66769,2170725359,512
66770,2170757529,512
66771,2170789680,512
66772,2170823990,512
66773,2170856380,512
66774,2170889074,512
66775,2170921144,512
66776,2170953285,512
66777,2170986890,512
66778,2171020574,512
66779,2171052689,512
66780,2171085057,512
66781,2171117129,512
66782,2171149210,512
66783,2171181269,512
66784,2171213340,512
66785,2171245392,512
66786,2171277494,512
66787,2171309679,512
66788,2171341744,512
66789,2171373852,512
66790,2171405991,512
66791,2171438185,512
66792,2171470370,512
66793,2171505158,512
66794,2171537213,512
66795,2171569594,512
66796,2171602818,512
66797,2171636944,512
66798,2171669321,512
66799,2171703652,512
66800,2171737289,512
66801,2171769443,512
66802,2171801836,512
66803,2171833951,512
66804,2171866087,512
66805,2171898261,512
66806,2171930397,512
66807,2171962543,512
66808,2171994558,512
66809,2172026682,512
66810,2172058750,512
66811,2172090906,512
66812,2172125602,512
66813,2172157697,512
66814,2172190151,512
66815,2172222217,512
66816,2172254396,512
66817,2172286519,512
66818,2172319520,512
66819,2172353837,512
66820,2172385943,512
66821,2172420033,512
66822,2172453980,512
66823,2172486363,512
66824,2172518833,512
66825,2172550994,512
66826,2172583026,512
66827,2172615185,512
66828,2172647295,512
66829,2172679465,512
66830,2172711572,512
66831,2172746349,512
66832,2172778355,512
66833,2172810733,512
66834,2172842909,512
66835,2172875060,512
66836,2172907139,512
66837,2172939229,512
66838,2172971258,512
66839,2173003306,512
66840,2173035809,512
66841,2173067818,512
66842,2173099948,512
66843,2173137183,512
66844,2173170733,512
66845,2173203278,512
66846,2173235468,512
66847,2173267507,512
66848,2173299564,512
66849,2173331596,512
66850,2173363721,512
66851,2173395767,512
66852,2173427858,512
66853,2173459851,512
66854,2173492002,512
66855,2173524185,512
66856,2173556350,512
66857,2173588459,512
66858,2173623168,512
66859,2173655438,512
66860,2173687562,512
66861,2173719750,512
66862,2173752829,512
66863,2173787354,512
66864,2173819389,512
66865,2173853704,512
66866,2173887240,512
66867,2173919398,512
66868,2173951512,512
66869,2173983587,512
66870,2174015929,512
66871,2174048008,512
66872,2174080136,512
66873,2174112340,512
66874,2174144512,512
66875,2174176558,512
66876,2174208571,512
66877,2174240743,512
66878,2174272996,512
66879,2174305001,512
66880,2174337163,512
66881,2174372076,512
66882,2174404246,512
66883,2174436415,512
66884,2174468842,512
66885,2174500894,512
66886,2174532961,512
66887,2174565067,512
66888,2174597228,512
66889,2174629280,512
66890,2174661455,512
66891,2174693531,512
66892,2174728212,512
66893,2174760630,512
66894,2174792867,512
66895,2174824952,512
66896,2174856978,512
66897,2174889143,512
66898,2174921232,512
66899,2174953328,512
66900,2174985364,512
66901,2175017461,512
66902,2175049627,512
66903,2175082946,512
66904,2175116416,512
66905,2175148701,512
66906,2175181226,512
66907,2175213294,512
66908,2175245473,512
66909,2175277633,512
66910,2175309682,512
66911,2175341705,512
66912,2175373835,512
66913,2175406034,512
66914,2175438117,512
66915,2175470134,512
66916,2175502168,512
66917,2175537251,512
66918,2175569514,512
66919,2175601574,512
66920,2175633699,512
66921,2175665790,512
66922,2175698855,512
66923,2175733309,512
66924,2175765660,512
66925,2175799616,512
66926,2175833502,512
66927,2175865852,512
66928,2175898024,512
66929,2175930098,512
66930,2175962138,512
66931,2175994224,512
66932,2176026273,512
66933,2176058429,512
66934,2176090513,512
66935,2176122699,512
66936,2176154785,512
66937,2176186858,512
66938,2176219034,512
66939,2176253894,512
66940,2176286192,512
66941,2176318373,512
66942,2176350506,512
66943,2176382527,512
66944,2176415056,512
66945,2176447092,512
66946,2176479217,512
66947,2176516239,512
66948,2176549602,512
66949,2176582084,512
66950,2176614147,512
66951,2176646589,512
66952,2176678769,512
66953,2176710872,512
66954,2176742920,512
66955,2176775108,512
66956,2176807274,512
66957,2176839275,512
66958,2176871321,512
66959,2176903455,512
66960,2176935532,512
66961,2176967609,512
66962,2176999651,512
66963,2177031873,512
66964,2177066333,512
66965,2177098510,512
66966,2177132032,512
66967,2177166411,512
66968,2177198690,512
66969,2177233016,512
66970,2177266741,512
66971,2177298786,512
66972,2177330893,512
66973,2177363317,512
66974,2177395473,512
66975,2177427522,512
66976,2177459654,512
66977,2177491672,512
66978,2177523732,512
66979,2177555806,512
66980,2177587996,512
66981,2177620107,512
66982,2177652178,512
66983,2177684252,512
66984,2177716367,512
66985,2177748372,512
66986,2177780513,512
66987,2177812582,512
66988,2177848258,512
66989,2177880256,512
66990,2177912435,512
66991,2177944471,512
66992,2177976654,512
66993,2178008662,512
66994,2178040785,512
66995,2178075448,512
66996,2178107509,512
66997,2178139628,512
66998,2178171956,512
66999,2178204153,512
67000,2178236310,512
67001,2178268437,512
67002,2178300483,512
67003,2178332669,512
67004,2178364745,512
67005,2178396894,512
67006,2178428966,512
67007,2178461967,512
67008,2178495813,512
67009,2178528005,512
67010,2178560168,512
67011,2178592448,512
67012,2178624595,512
67013,2178656634,512
67014,2178688788,512
67015,2178720834,512
67016,2178752869,512
67017,2178784942,512
67018,2178816956,512
67019,2178849000,512
67020,2178881151,512
67021,2178913268,512
67022,2178945453,512
67023,2178977549,512
67024,2179009566,512
67025,2179041759,512
67026,2179074443,512
67027,2179108498,512
67028,2179140881,512
67029,2179172911,512
67030,2179205009,512
67031,2179237172,512
67032,2179269317,512
67033,2179301436,512
67034,2179333595,512
67035,2179365621,512
67036,2179397804,512
67037,2179429941,512
67038,2179461975,512
67039,2179493997,512
67040,2179526077,512
67041,2179558270,512
67042,2179590598,512
67043,2179624499,512
67044,2179657064,512
67045,2179690859,512
67046,2179724664,512
67047,2179756923,512
67048,2179791270,512
67049,2179825245,512
67050,2179857646,512
67051,2179889702,512
67052,2179921740,512
67053,2179953791,512
67054,2179985985,512
67055,2180018159,512
67056,2180050276,512
67057,2180082275,512
67058,2180114381,512
67059,2180146532,512
67060,2180178712,512
67061,2180210743,512
67062,2180242796,512
67063,2180274980,512
67064,2180309907,512
67065,2180341987,512
67066,2180374032,512
67067,2180407700,512
67068,2180441763,512
67069,2180473803,512
67070,2180507859,512
67071,2180541960,512
67072,2180574007,512
67073,2180606098,512
67074,2180638411,512
67075,2180670483,512
67076,2180702629,512
67077,2180734748,512
67078,2180766889,512
67079,2180798894,512
67080,2180830950,512
67081,2180863129,512
67082,2180895151,512
67083,2180927256,512
67084,2180959454,512
67085,2180991571,512
67086,2181024125,512
67087,2181058413,512
67088,2181090803,512
67089,2181124771,512
67090,2181158438,512
67091,2181190510,512
67092,2181224600,512
67093,2181258596,512
67094,2181290979,512
67095,2181323159,512
67096,2181355256,512
67097,2181387313,512
67098,2181419412,512
67099,2181451496,512
67100,2181483585,512
67101,2181515669,512
67102,2181547705,512
67103,2181579765,512
67104,2181611964,512
67105,2181643997,512
67106,2181676139,512
67107,2181708271,512
67108,2181740543,512
67109,2181775064,512
67110,2181807506,512
67111,2181841356,512
67112,2181875082,512
67113,2181907281,512
67114,2181941354,512
67115,2181975293,512
67116,2182007341,512
67117,2182039473,512
67118,2182071733,512
67119,2182103830,512
67120,2182135869,512
67121,2182167908,512
67122,2182200030,512
67123,2182232126,512
67124,2182264183,512
67125,2182296357,512
67126,2182328451,512
67127,2182360574,512
67128,2182392695,512
67129,2182424836,512
67130,2182457276,512
67131,2182491483,512
67132,2182523922,512
67133,2182558269,512
67134,2182592006,512
67135,2182624363,512
67136,2182656390,512
67137,2182688481,512
67138,2182720484,512
67139,2182752619,512
67140,2182784668,512
67141,2182816776,512
67142,2182848903,512
67143,2182881051,512
67144,2182913102,512
67145,2182945317,512
67146,2182977491,512
67147,2183009634,512
67148,2183044308,512
67149,2183076800,512
67150,2183108880,512
67151,2183140992,512
67152,2183173542,512
67153,2183205670,512
67154,2183237671,512
67155,2183269800,512
67156,2183304562,512
67157,2183336619,512
67158,2183369187,512
67159,2183401361,512
67160,2183433418,512
67161,2183465542,512
67162,2183497568,512
67163,2183529743,512
67164,2183561907,512
67165,2183593961,512
67166,2183626141,512
67167,2183660837,512
67168,2183692909,512
67169,2183725317,512
67170,2183757398,512
67171,2183789894,512
67172,2183821974,512
67173,2183854139,512
67174,2183886848,512
67175,2183921098,512
67176,2183953213,512
67177,2183985372,512
67178,2184017653,512
67179,2184049773,512
67180,2184081822,512
67181,2184113838,512
67182,2184146165,512
67183,2184178193,512
67184,2184210212,512
67185,2184242305,512
67186,2184274455,512
67187,2184306607,512
67188,2184338671,512
67189,2184370815,512
67190,2184405794,512
67191,2184437986,512
67192,2184470167,512
67193,2184503158,512
67194,2184538049,512
67195,2184570327,512
67196,2184603818,512
67197,2184637700,512
67198,2184669852,512
67199,2184702127,512
67200,2184734512,512
67201,2184766545,512
67202,2184798727,512
67203,2184830799,512
67204,2184862980,512
67205,2184895024,512
67206,2184927036,512
67207,2184959153,512
67208,2184991270,512
67209,2185023395,512
67210,2185055566,512
67211,2185087619,512
67212,2185122492,512
67213,2185154520,512
67214,2185186890,512
67215,2185220396,512
67216,2185254102,512
67217,2185286475,512
67218,2185320524,512
67219,2185354614,512
67220,2185386639,512
67221,2185418693,512
67222,2185451081,512
67223,2185483317,512
67224,2185515400,512
67225,2185547421,512
67226,2185579502,512
67227,2185611595,512
67228,2185643677,512
67229,2185675676,512
67230,2185707818,512
67231,2185739851,512
67232,2185772016,512
67233,2185804175,512
67234,2185836506,512
67235,2185870709,512
67236,2185903160,512
67237,2185937050,512
67238,2185971091,512
67239,2186003184,512
67240,2186037235,512
67241,2186071207,512
67242,2186103375,512
67243,2186135404,512
67244,2186167574,512
67245,2186199771,512
67246,2186231830,512
67247,2186263875,512
67248,2186296074,512
67249,2186328129,512
67250,2186360210,512
67251,2186392209,512
67252,2186424357,512
67253,2186456512,512
67254,2186488653,512
67255,2186520710,512
67256,2186553191,512
67257,2186588050,512
67258,2186620130,512
67259,2186653934,512
67260,2186687700,512
67261,2186719828,512
67262,2186753819,512
67263,2186787865,512
67264,2186820003,512
67265,2186852135,512
67266,2186884528,512
67267,2186916561,512
67268,2186948691,512
67269,2186980750,512
67270,2187012903,512
67271,2187045034,512
67272,2187077209,512
67273,2187109228,512
67274,2187141271,512
67275,2187173442,512
67276,2187205602,512
67277,2187237677,512
67278,2187270180,512
67279,2187304091,512
67280,2187336553,512
67281,2187370891,512
67282,2187404601,512
67283,2187436649,512
67284,2187468649,512
67285,2187500993,512
67286,2187533174,512
67287,2187565216,512
67288,2187597367,512
67289,2187629377,512
67290,2187661388,512
67291,2187693512,512
67292,2187725715,512
67293,2187757790,512
67294,2187789900,512
67295,2187821995,512
67296,2187854170,512
67297,2187886224,512
67298,2187918355,512
67299,2187953051,512
67300,2187986699,512
67301,2188020857,512
67302,2188053099,512
67303,2188087590,512
67304,2188120930,512
67305,2188153384,512
67306,2188185506,512
67307,2188217568,512
67308,2188249700,512
67309,2188281853,512
67310,2188313884,512
67311,2188346005,512
67312,2188378142,512
67313,2188410270,512
67314,2188442421,512
67315,2188474475,512
67316,2188506551,512
67317,2188538610,512
67318,2188570794,512
67319,2188603029,512
67320,2188637681,512
67321,2188669842,512
67322,2188702936,512
67323,2188735117,512
67324,2188769790,512
67325,2188804216,512
67326,2188837532,512
67327,2188870039,512
67328,2188902083,512
67329,2188934385,512
67330,2188966434,512
67331,2188998600,512
67332,2189030772,512
67333,2189062873,512
67334,2189095031,512
67335,2189127137,512
67336,2189159155,512
67337,2189191309,512
67338,2189223412,512
67339,2189255412,512
67340,2189287459,512
67341,2189320159,512
67342,2189354048,512
67343,2189386863,512
67344,2189419932,512
67345,2189454285,512
67346,2189486464,512
67347,2189520875,512
67348,2189554302,512
67349,2189586574,512
67350,2189618861,512
67351,2189651181,512
67352,2189683285,512
67353,2189715438,512
67354,2189747624,512
67355,2189779717,512
67356,2189811852,512
67357,2189844029,512
67358,2189876095,512
67359,2189908256,512
67360,2189940292,512
67361,2189974872,512
67362,2190007042,512
67363,2190039245,512
67364,2190071356,512
67365,2190103598,512
67366,2190136880,512
67367,2190170922,512
67368,2190203324,512
67369,2190237638,512
67370,2190271151,512
67371,2190303152,512
67372,2190335476,512
67373,2190367884,512
67374,2190400005,512
67375,2190432025,512
67376,2190464129,512
67377,2190496156,512
67378,2190528158,512
67379,2190560209,512
67380,2190592329,512
67381,2190624369,512
67382,2190656549,512
67383,2190688680,512
67384,2190720753,512
67385,2190752910,512
67386,2190784971,512
67387,2190817101,512
67388,2190849818,512
67389,2190883923,512
67390,2190915973,512
67391,2190948275,512
67392,2190980551,512
67393,2191012568,512
67394,2191044647,512
67395,2191076664,512
67396,2191108666,512
67397,2191140674,512
67398,2191172868,512
67399,2191205050,512
67400,2191237234,512
67401,2191269425,512
67402,2191301616,512
67403,2191336376,512
67404,2191369046,512
67405,2191401094,512
67406,2191433260,512
67407,2191466665,512
67408,2191500239,512
67409,2191532514,512
67410,2191564567,512
67411,2191596648,512
67412,2191628997,512
67413,2191661232,512
67414,2191693303,512
67415,2191725320,512
67416,2191757420,512
67417,2191789429,512
67418,2191821439,512
67419,2191853439,512
67420,2191885464,512
67421,2191917466,512
67422,2191949640,512
67423,2191982067,512
67424,2192014148,512
67425,2192046249,512
67426,2192079080,512
67427,2192113395,512
67428,2192145737,512
67429,2192177750,512
67430,2192209886,512
67431,2192241899,512
67432,2192273909,512
67433,2192306041,512
67434,2192338049,512
67435,2192370132,512
67436,2192402281,512
67437,2192434383,512
67438,2192466558,512
67439,2192498650,512
67440,2192530743,512
67441,2192562847,512
67442,2192595022,512
67443,2192629423,512
67444,2192661756,512
67445,2192695598,512
67446,2192729513,512
67447,2192761783,512
67448,2192795822,512
67449,2192829785,512
67450,2192861927,512
67451,2192894167,512
67452,2192926217,512
67453,2192958393,512
67454,2192990466,512
67455,2193022776,512
67456,2193054859,512
67457,2193086931,512
67458,2193119017,512
67459,2193151145,512
67460,2193183342,512
67461,2193215493,512
67462,2193247579,512
67463,2193282288,512
67464,2193314685,512
67465,2193346776,512
67466,2193378825,512
67467,2193412329,512
67468,2193446395,512
67469,2193478765,512
67470,2193512488,512
67471,2193546536,512
67472,2193578729,512
67473,2193611099,512
67474,2193643258,512
67475,2193675414,512
67476,2193707512,512
67477,2193739672,512
67478,2193771698,512
67479,2193803837,512
67480,2193836023,512
67481,2193868052,512
67482,2193900076,512
67483,2193932094,512
67484,2193964175,512
67485,2193996312,512
67486,2194028487,512
67487,2194062645,512
67488,2194095164,512
67489,2194128996,512
67490,2194163210,512
67491,2194195245,512
67492,2194229215,512
67493,2194263268,512
67494,2194295341,512
67495,2194327510,512
67496,2194359853,512
67497,2194391961,512
67498,2194424037,512
67499,2194456128,512
67500,2194488191,512
67501,2194520213,512
67502,2194552417,512
67503,2194584527,512
67504,2194616617,512
67505,2194648712,512
67506,2194680746,512
67507,2194712840,512
67508,2194745187,512
67509,2194779444,512
67510,2194811673,512
67511,2194845966,512
67512,2194879540,512
67513,2194912031,512
67514,2194946089,512
67515,2194979866,512
67517,2195044171,512
67518,2195076591,512
67520,2195140953,512
67521,2195173022,512
67522,2195205209,512
67523,2195237294,512
67524,2195269386,512
67525,2195301393,512
67526,2195333484,512
67527,2195365602,512
67528,2195399842,512
67529,2195432316,512
67530,2195464831,512
67531,2195496901,512
67532,2195529233,512
67533,2195562482,512
67534,2195596176,512
67535,2195628573,512
67536,2195662665,512
67537,2195696689,512
67538,2195729088,512
67539,2195761297,512
67540,2195793490,512
67541,2195825663,512
67542,2195857836,512
67543,2195889960,512
67544,2195922079,512
67545,2195954133,512
67546,2195986152,512
67547,2196018225,512
67548,2196050243,512
67549,2196085137,512
67550,2196117522,512
67551,2196149606,512
67552,2196182009,512
67553,2196214083,512
67554,2196246277,512
67555,2196279512,512
67556,2196313291,512
67557,2196345741,512
67558,2196377830,512
67559,2196409959,512
67560,2196442030,512
67561,2196474044,512
67562,2196506051,512
67563,2196538116,512
67564,2196570185,512
67565,2196602251,512
67566,2196634282,512
67567,2196666292,512
67568,2196698321,512
67569,2196730517,512
67570,2196762742,512
67571,2196794825,512
67572,2196827023,512
67573,2196861881,512
67574,2196895431,512
67575,2196929505,512
67576,2196961833,512
67577,2196996137,512
67578,2197029543,512
67579,2197062025,512
67580,2197094029,512
67581,2197126429,512
67582,2197158450,512
67583,2197190571,512
67584,2197222731,512
67585,2197254854,512
67586,2197286938,512
67587,2197319066,512
67588,2197351071,512
67589,2197383243,512
67590,2197415285,512
67591,2197447325,512
67592,2197479432,512
67593,2197511654,512
67594,2197546016,512
67595,2197578329,512
67596,2197611930,512
67597,2197646309,512
67598,2197678951,512
67599,2197712867,512
67600,2197746407,512
67601,2197778665,512
67602,2197810709,512
67603,2197842810,512
67604,2197875271,512
67605,2197907446,512
67606,2197939619,512
67607,2197971805,512
67608,2198003903,512
67609,2198035949,512
67610,2198068142,512
67611,2198100226,512
67612,2198134949,512
67613,2198166972,512
67614,2198199050,512
67615,2198231730,512
67616,2198263872,512
67617,2198296000,512
67618,2198328905,512
67619,2198362906,512
67620,2198395269,512
67621,2198429741,512
67622,2198463091,512
67623,2198495354,512
67624,2198527482,512
67625,2198559746,512
67626,2198591751,512
67627,2198624052,512
67628,2198656070,512
67629,2198688170,512
67630,2198720330,512
67631,2198752403,512
67632,2198784678,512
67633,2198816671,512
67634,2198848727,512
67635,2198880778,512
67636,2198912842,512
67637,2198944988,512
67638,2198977038,512
67639,2199009052,512
67640,2199041830,512
67641,2199075955,512
67642,2199108004,512
67643,2199140430,512
67644,2199172560,512
67645,2199204576,512
67646,2199236647,512
67647,2199268794,512
67648,2199300986,512
67649,2199333092,512
67650,2199365285,512
67651,2199397328,512
67652,2199429343,512
67653,2199461375,512
67654,2199493469,512
67655,2199525493,512
67656,2199557921,512
67657,2199592382,512
67658,2199624551,512
67659,2199658715,512
67660,2199692290,512
67661,2199724604,512
67662,2199758556,512
67663,2199792546,512
67664,2199824586,512
67665,2199856937,512
67666,2199889301,512
67667,2199921351,512
67668,2199953514,512
67669,2199985623,512
67670,2200017692,512
67671,2200049725,512
67672,2200081749,512
67673,2200113817,512
67674,2200145829,512
67675,2200177837,512
67676,2200210003,512
67677,2200242101,512
67678,2200274757,512
67679,2200308902,512
67680,2200341209,512
67681,2200375710,512
67682,2200409019,512
67683,2200441175,512
67684,2200473239,512
67685,2200505294,512
67686,2200537542,512
67687,2200569652,512
67688,2200601832,512
67689,2200634006,512
67690,2200666213,512
67691,2200698326,512
67692,2200730395,512
67693,2200762452,512
67694,2200794544,512
67695,2200826657,512
67696,2200858671,512
67697,2200890911,512
67698,2200923031,512
67699,2200955117,512
67700,2200987870,512
67701,2201021801,512
67702,2201053839,512
67703,2201086147,512
67704,2201118384,512
67705,2201150470,512
67706,2201182480,512
67707,2201214547,512
67708,2201246719,512
67709,2201278899,512
67710,2201310901,512
67711,2201343026,512
67712,2201375188,512
67713,2201407209,512
67714,2201439385,512
67715,2201471393,512
67716,2201503647,512
67717,2201538075,512
67718,2201570392,512
67719,2201604184,512
67720,2201638119,512
67721,2201670429,512
67722,2201704390,512
67723,2201738463,512
67724,2201770898,512
67725,2201803071,512
67726,2201835254,512
67727,2201867359,512
67728,2201899531,512
67729,2201931582,512
67730,2201963593,512
67731,2201995771,512
67732,2202027798,512
67733,2202059832,512
67734,2202091931,512
67735,2202124030,512
67736,2202156118,512
67737,2202188298,512
67738,2202220423,512
67739,2202254816,512
67740,2202287003,512
67741,2202321246,512
67742,2202354837,512
67743,2202387193,512
67744,2202421120,512
67745,2202455107,512
67746,2202487260,512
67747,2202519449,512
67748,2202551763,512
67749,2202583849,512
67750,2202616041,512
67751,2202648133,512
67752,2202680309,512
67753,2202712353,512
67754,2202744455,512
67755,2202776543,512
67756,2202808677,512
67757,2202840743,512
67758,2202872819,512
67759,2202904893,512
67760,2202937312,512
67761,2202971487,512
67762,2203003683,512
67763,2203037838,512
67764,2203071463,512
67765,2203104136,512
67766,2203137842,512
67767,2203171830,512
67768,2203203993,512
67769,2203236296,512
67770,2203268410,512
67771,2203300532,512
67772,2203332595,512
67773,2203364627,512
67774,2203396720,512
67775,2203428895,512
67776,2203460907,512
67777,2203493100,512
67778,2203525215,512
67779,2203557370,512
67780,2203589569,512
67781,2203624224,512
67782,2203656836,512
67783,2203689007,512
67784,2203721084,512
67785,2203754761,512
67786,2203788084,512
67787,2203820425,512
67788,2203854462,512
67789,2203888650,512
67790,2203921080,512
67791,2203953134,512
67792,2203985274,512
67793,2204017308,512
67794,2204049409,512
67795,2204081608,512
67796,2204113795,512
67797,2204145809,512
67798,2204177999,512
67799,2204210165,512
67800,2204245059,512
67801,2204277436,512
67802,2204309559,512
67803,2204341725,512
67804,2204374007,512
67805,2204406018,512
67806,2204438159,512
67807,2204470944,512
67808,2204504980,512
67809,2204537300,512
67810,2204569739,512
67811,2204601786,512
67812,2204633778,512
67813,2204665948,512
67814,2204697973,512
67815,2204730096,512
67816,2204762272,512
67817,2204794448,512
67818,2204826483,512
67819,2204858632,512
67820,2204890659,512
67821,2204922679,512
67822,2204954759,512
67823,2204986881,512
67824,2205018977,512
67825,2205051062,512
67826,2205083769,512
67827,2205117790,512
67828,2205149831,512
67829,2205182012,512
67830,2205214351,512
67831,2205246525,512
67832,2205278729,512
67833,2205310794,512
67834,2205342924,512
67835,2205375103,512
67836,2205407294,512
67837,2205439294,512
67838,2205471449,512
67839,2205506156,512
67840,2205538188,512
67841,2205570341,512
67842,2205602522,512
67843,2205634755,512
67844,2205666765,512
67845,2205700070,512
67846,2205734154,512
67847,2205766736,512
67848,2205800288,512
67849,2205834409,512
67850,2205866545,512
67851,2205898651,512
67852,2205931000,512
67853,2205963075,512
67854,2205995181,512
67855,2206027258,512
67856,2206059424,512
67857,2206091471,512
67858,2206123532,512
67859,2206155532,512
67860,2206187703,512
67861,2206219896,512
67862,2206252035,512
67863,2206284185,512
67864,2206316514,512
67865,2206350960,512
67866,2206383073,512
67867,2206417033,512
67868,2206450734,512
67869,2206483132,512
67870,2206517051,512
67871,2206551150,512
67872,2206583227,512
67873,2206615541,512
67874,2206647540,512
67875,2206679831,512
67876,2206711912,512
67877,2206744081,512
67878,2206776173,512
67879,2206808319,512
67880,2206840382,512
67881,2206872428,512
67882,2206904458,512
67883,2206936655,512
67884,2206968732,512
67885,2207000859,512
67886,2207033118,512
67887,2207067651,512
67888,2207099673,512
67889,2207133700,512
67890,2207167900,512
67891,2207199956,512
67892,2207233891,512
67893,2207267919,512
67894,2207299976,512
67895,2207332127,512
67896,2207364452,512
67897,2207396614,512
67898,2207428691,512
67899,2207460859,512
67900,2207492959,512
67901,2207525140,512
67902,2207557257,512
67903,2207589414,512
67904,2207621464,512
67905,2207653605,512
67906,2207687797,512
67907,2207720329,512
67908,2207752934,512
67909,2207784938,512
67910,2207817011,512
67911,2207850449,512
67912,2207884558,512
67913,2207917026,512
67914,2207949125,512
67915,2207981250,512
67916,2208013323,512
67917,2208045381,512
67918,2208077535,512
67919,2208109558,512
67920,2208141686,512
67921,2208173855,512
67922,2208205994,512
67923,2208238092,512
67924,2208270093,512
67925,2208305426,512
67926,2208337589,512
67927,2208369735,512
67928,2208401736,512
67929,2208433861,512
67930,2208466500,512
67931,2208500692,512
67932,2208533137,512
67933,2208567733,512
67934,2208601091,512
67935,2208633164,512
67936,2208667254,512
67937,2208701728,512
67938,2208733883,512
67939,2208765883,512
67940,2208797937,512
67941,2208829932,512
67942,2208861989,512
67943,2208894042,512
67944,2208926053,512
67945,2208958099,512
67946,2208990176,512
67947,2209022316,512
67948,2209054385,512
67949,2209086461,512
67950,2209118518,512
67951,2209150717,512
67952,2209183173,512
67953,2209217819,512
67954,2209249912,512
67955,2209284313,512
67956,2209317886,512
67957,2209350040,512
67958,2209382547,512
67959,2209414700,512
67960,2209446848,512
67961,2209478880,512
67962,2209511080,512
67963,2209543256,512
67964,2209575402,512
67965,2209610087,512
67966,2209642264,512
67967,2209674507,512
67968,2209706788,512
67969,2209738794,512
67970,2209770987,512
67971,2209803111,512
67972,2209835284,512
67973,2209867444,512
67974,2209900511,512
67975,2209934511,512
67976,2209966585,512
67977,2210000868,512
67978,2210034561,512
67979,2210066571,512
67980,2210098751,512
67981,2210131180,512
67982,2210163316,512
67983,2210195425,512
67984,2210227441,512
67985,2210259587,512
67986,2210291638,512
67987,2210323818,512
67988,2210355823,512
67989,2210387997,512
67990,2210420120,512
67991,2210452159,512
67992,2210484289,512
67993,2210516374,512
67994,2210550656,512
67995,2210583167,512
67996,2210616669,512
67997,2210651209,512
67998,2210683696,512
67999,2210717753,512
68000,2210751057,512
68001,2210783451,512
68002,2210815465,512
68003,2210847770,512
68004,2210879848,512
68005,2210911882,512
68006,2210943997,512
68007,2210976106,512
68008,2211008110,512
68009,2211040152,512
68010,2211072194,512
68011,2211104233,512
68012,2211136304,512
68013,2211168492,512
68014,2211200522,512
68015,2211232807,512
68016,2211264913,512
68017,2211297080,512
68018,2211329166,512
68019,2211361248,512
68020,2211395741,512
68021,2211428095,512
68022,2211460480,512
68023,2211492617,512
68024,2211524629,512
68025,2211556670,512
68026,2211588754,512
68027,2211620873,512
68028,2211652992,512
68029,2211685184,512
68030,2211717272,512
68031,2211749323,512
68032,2211781452,512
68033,2211813507,512
68034,2211845906,512
68035,2211880583,512
68036,2211912921,512
68037,2211946464,512
68038,2211980506,512
68039,2212012606,512
68040,2212044745,512
68041,2212077006,512
68042,2212109305,512
68043,2212141382,512
68044,2212173401,512
68045,2212205566,512
68046,2212237618,512
68047,2212269674,512
68048,2212301748,512
68049,2212333853,512
68050,2212365894,512
68051,2212398032,512
68052,2212430070,512
68053,2212462165,512
68054,2212494354,512
68055,2212529054,512
68056,2212562500,512
68057,2212597095,512
68058,2212629209,512
68059,2212663244,512
68060,2212697210,512
68061,2212729602,512
68062,2212763197,512
68063,2212797315,512
68064,2212829723,512
68065,2212861839,512
68066,2212893969,512
68067,2212926144,512
68068,2212958285,512
68069,2212990290,512
68070,2213022378,512
68071,2213054517,512
68072,2213086661,512
68073,2213118669,512
68074,2213150866,512
68075,2213182917,512
68076,2213215007,512
68077,2213247028,512
68078,2213279474,512
68079,2213313701,512
68080,2213345857,512
68081,2213380077,512
68082,2213413828,512
68083,2213445977,512
68084,2213478485,512
68085,2213510533,512
68086,2213542653,512
68087,2213574803,512
68088,2213606941,512
68089,2213639047,512
68090,2213671246,512
68091,2213703370,512
68092,2213735559,512
68093,2213770666,512
68094,2213802754,512
68095,2213834921,512
68096,2213867065,512
68097,2213899259,512
68098,2213931452,512
68099,2213963455,512
68100,2213996059,512
68101,2214030222,512
68102,2214062487,512
68103,2214096885,512
68104,2214130210,512
68105,2214162651,512
68106,2214195130,512
68107,2214227295,512
68108,2214259387,512
68109,2214291565,512
68110,2214323704,512
68111,2214355885,512
68112,2214387935,512
68113,2214419959,512
68114,2214451994,512
68115,2214484098,512
68116,2214516124,512
68117,2214548249,512
68118,2214580306,512
68119,2214612372,512
68120,2214646602,512
68121,2214679194,512
68122,2214712563,512
68123,2214747654,512
68124,2214779726,512
68125,2214813591,512
68126,2214848754,512
68127,2214883392,512
68128,2214917262,512
68129,2214950972,512
68130,2214983440,512
68131,2215017945,512
68132,2215051293,512
68133,2215083476,512
68134,2215115623,512
68135,2215147712,512
68136,2215180131,512
68137,2215212143,512
68138,2215244138,512
68139,2215276257,512
68140,2215308438,512
68141,2215340512,512
68142,2215372654,512
68143,2215404669,512
68144,2215436679,512
68145,2215468746,512
68146,2215500894,512
68147,2215533300,512
68148,2215567489,512
68149,2215599977,512
68150,2215633020,512
68151,2215665024,512
68152,2215697169,512
68153,2215729189,512
68154,2215761368,512
68155,2215793549,512
68156,2215829002,512
68157,2215861015,512
68158,2215893156,512
68159,2215925166,512
68160,2215957370,512
68161,2215989416,512
68162,2216021507,512
68163,2216053537,512
68164,2216085558,512
68165,2216117723,512
68166,2216149777,512
68167,2216181942,512
68168,2216216574,512
68169,2216249959,512
68170,2216282007,512
68171,2216316890,512
68172,2216349463,512
68173,2216381569,512
68174,2216413655,512
68175,2216445739,512
68176,2216477818,512
68177,2216509970,512
68178,2216541993,512
68179,2216574134,512
68180,2216606135,512
68181,2216638258,512
68182,2216672993,512
68183,2216705160,512
68184,2216737181,512
68185,2216769225,512
68186,2216801632,512
68187,2216833658,512
68188,2216865689,512
68189,2216897701,512
68190,2216929807,512
68191,2216963640,512
68192,2216997398,512
68193,2217029427,512
68194,2217061573,512
68195,2217093816,512
68196,2217125944,512
68197,2217157986,512
68198,2217190011,512
68199,2217222098,512
68200,2217254253,512
68201,2217286524,512
68202,2217318613,512
68203,2217350694,512
68204,2217382773,512
68205,2217414868,512
68206,2217446911,512
68207,2217479013,512
68208,2217511190,512
68209,2217543232,512
68210,2217576062,512
68211,2217609981,512
68212,2217642339,512
68213,2217674613,512
68214,2217706694,512
68215,2217738818,512
68216,2217770933,512
68217,2217803057,512
68218,2217835172,512
68219,2217867250,512
68220,2217899368,512
68221,2217931438,512
68222,2217963458,512
68223,2217995594,512
68224,2218027597,512
68225,2218059669,512
68226,2218092011,512
68227,2218126479,512
68228,2218158921,512
68229,2218192671,512
68230,2218226493,512
68231,2218258506,512
68232,2218290758,512
68233,2218323066,512
68234,2218355179,512
68235,2218387192,512
68236,2218419332,512
68237,2218451528,512
68238,2218483702,512
68239,2218515824,512
68240,2218547826,512
68241,2218579988,512
68242,2218611989,512
68243,2218644146,512
68244,2218676250,512
68245,2218710984,512
68246,2218743152,512
68247,2218775176,512
68248,2218808622,512
68249,2218843286,512
68250,2218875729,512
68251,2218909346,512
68252,2218943048,512
68253,2218975355,512
68254,2219007360,512
68255,2219039421,512
68256,2219071466,512
68257,2219103537,512
68258,2219135748,512
68259,2219168041,512
68260,2219200108,512
68261,2219232158,512
68262,2219264276,512
68263,2219296446,512
68264,2219328598,512
68265,2219360752,512
68266,2219392818,512
68267,2219425083,512
68268,2219459312,512
68269,2219491426,512
68271,2219559654,512
68272,2219592000,512
68273,2219626212,512
68274,2219660302,512
68275,2219692362,512
68276,2219724590,512
68277,2219756998,512
68278,2219789040,512
68279,2219821138,512
68280,2219853168,512
68281,2219885265,512
68282,2219917369,512
68283,2219949528,512
68284,2219981615,512
68285,2220013692,512
68286,2220048461,512
68287,2220080790,512
68288,2220112844,512
68289,2220144939,512
68290,2220176932,512
68291,2220209114,512
68292,2220242068,512
68293,2220276845,512
68294,2220309037,512
68295,2220342935,512
68296,2220376321,512
68297,2220408580,512
68298,2220440851,512
68299,2220473213,512
68300,2220505417,512
68301,2220537493,512
68302,2220569680,512
68303,2220601735,512
68304,2220633918,512
68305,2220666049,512
68306,2220698226,512
68307,2220730367,512
68308,2220765013,512
68309,2220797153,512
68310,2220829186,512
68311,2220861261,512
68312,2220893394,512
68313,2220925779,512
68314,2220959069,512
68315,2220992894,512
68316,2221025368,512
68317,2221059880,512
68318,2221093512,512
68319,2221125736,512
68320,2221157879,512
68321,2221190035,512
68322,2221222233,512
68323,2221254311,512
68324,2221286400,512
68325,2221318574,512
68326,2221350578,512
68327,2221382711,512
68328,2221414717,512
68329,2221446761,512
68330,2221478818,512
68331,2221510854,512
68332,2221542959,512
68333,2221575041,512
68334,2221607148,512
68335,2221639180,512
68336,2221671820,512
68337,2221705964,512
68338,2221738070,512
68339,2221770167,512
68340,2221802473,512
68341,2221834513,512
68342,2221866546,512
68343,2221898602,512
68344,2221930672,512
68345,2221962859,512
68346,2221994895,512
68347,2222027265,512
68348,2222059396,512
68349,2222091454,512
68350,2222123519,512
68351,2222155696,512
68352,2222189972,512
68353,2222222115,512
68354,2222254393,512
68355,2222288987,512
68356,2222322378,512
68357,2222354697,512
68358,2222388736,512
68359,2222422677,512
68360,2222455131,512
68361,2222487245,512
68362,2222519342,512
68363,2222551487,512
68364,2222583661,512
68365,2222615822,512
68366,2222647891,512
68367,2222679932,512
68368,2222712119,512
68369,2222744269,512
68370,2222778926,512
68371,2222810964,512
68372,2222843100,512
68373,2222875474,512
68374,2222907584,512
68375,2222939727,512
68376,2222971874,512
68377,2223005612,512
68378,2223039380,512
68379,2223071677,512
68380,2223105440,512
68381,2223139399,512
68382,2223171763,512
68383,2223204062,512
68384,2223236234,512
68385,2223268263,512
68386,2223300409,512
68387,2223332417,512
68388,2223364453,512
68389,2223396566,512
68390,2223428665,512
68391,2223460857,512
68392,2223492910,512
68393,2223525028,512
68394,2223557100,512
68395,2223591830,512
68396,2223624441,512
68397,2223656564,512
68398,2223688701,512
68399,2223722606,512
68400,2223756042,512
68401,2223788384,512
68402,2223820516,512
68403,2223852671,512
68404,2223884820,512
68405,2223916841,512
68406,2223949031,512
68407,2223981209,512
68408,2224013320,512
68409,2224045379,512
68410,2224077514,512
68411,2224109558,512
68412,2224141611,512
68413,2224173709,512
68414,2224208549,512
68415,2224240615,512
68416,2224272941,512
68417,2224304990,512
68418,2224338382,512
68419,2224372640,512
68420,2224405061,512
68421,2224438837,512
68422,2224472693,512
68423,2224505109,512
68424,2224537138,512
68425,2224569141,512
68426,2224601498,512
68427,2224633617,512
68428,2224665634,512
68429,2224697800,512
68430,2224729933,512
68431,2224762117,512
68432,2224794183,512
68433,2224826372,512
68434,2224861029,512
68435,2224893093,512
68436,2224925534,512
68437,2224957656,512
68438,2224989766,512
68439,2225021824,512
68440,2225054831,512
68441,2225089336,512
68442,2225121407,512
68443,2225155496,512
68444,2225189360,512
68445,2225221440,512
68446,2225253647,512
68447,2225285998,512
68448,2225317998,512
68449,2225350096,512
68450,2225382181,512
68451,2225414213,512
68452,2225446268,512
68453,2225478333,512
68454,2225510543,512
68455,2225542629,512
68456,2225574671,512
68457,2225606772,512
68458,2225638956,512
68459,2225671066,512
68460,2225703127,512
68461,2225735149,512
68462,2225770272,512
68463,2225802455,512
68464,2225834557,512
68465,2225866593,512
68466,2225898743,512
68467,2225930846,512
68468,2225963034,512
68469,2225995177,512
68470,2226027254,512
68471,2226059324,512
68472,2226091370,512
68473,2226123407,512
68474,2226155466,512
68475,2226187545,512
68476,2226219729,512
68477,2226254429,512
68478,2226286939,512
68479,2226319117,512
68480,2226351151,512
68481,2226384657,512
68482,2226418399,512
68483,2226450598,512
68484,2226483027,512
68485,2226515356,512
68486,2226547488,512
68487,2226579691,512
68488,2226611891,512
68489,2226644052,512
68490,2226678750,512
68491,2226710758,512
68492,2226743027,512
68493,2226775440,512
68494,2226807619,512
68495,2226839646,512
68496,2226871778,512
68497,2226904211,512
68498,2226936354,512
68499,2226968407,512
68500,2227001115,512
68501,2227035213,512
68502,2227067577,512
68503,2227101475,512
68504,2227135176,512
68505,2227167283,512
68506,2227201358,512
68507,2227235409,512
68508,2227267667,512
68509,2227300004,512
68510,2227332159,512
68511,2227364326,512
68512,2227396386,512
68513,2227428456,512
68514,2227460466,512
68515,2227492607,512
68516,2227524624,512
68517,2227556789,512
68518,2227588956,512
68519,2227620968,512
68520,2227653059,512
68521,2227687785,512
68522,2227720358,512
68523,2227752410,512
68524,2227784719,512
68525,2227818309,512
68526,2227851940,512
68527,2227884387,512
68528,2227916608,512
68529,2227948745,512
68530,2227980848,512
68531,2228012957,512
68532,2228045028,512
68533,2228077193,512
68534,2228109256,512
68535,2228141421,512
68536,2228173595,512
68537,2228205638,512
68538,2228240328,512
68539,2228272822,512
68540,2228304867,512
68541,2228337005,512
68542,2228369056,512
68543,2228401143,512
68544,2228434073,512
68545,2228468549,512
68546,2228501038,512
68547,2228535080,512
68548,2228568714,512
68549,2228600768,512
68550,2228632928,512
68551,2228665176,512
68552,2228697190,512
68553,2228729225,512
68554,2228761345,512
68555,2228793353,512
68556,2228825494,512
68557,2228857605,512
68559,2228921699,512
68560,2228953829,512
68561,2228985862,512
68562,2229017975,512
68563,2229050979,512
68564,2229085116,512
68565,2229117359,512
68566,2229149616,512
68567,2229181669,512
68568,2229213773,512
68569,2229245815,512
68571,2229310159,512
68572,2229342165,512
68573,2229374356,512
68574,2229406395,512
68575,2229438400,512
68576,2229470584,512
68577,2229502719,512
68578,2229534730,512
68579,2229566894,512
68580,2229598960,512
68581,2229630973,512
68582,2229665861,512
68583,2229698262,512
68584,2229730367,512
68585,2229763888,512
68586,2229797828,512
68587,2229829879,512
68588,2229863728,512
68589,2229897882,512
68590,2229930095,512
68591,2229962135,512
68592,2229994556,512
68593,2230026667,512
68594,2230058662,512
68595,2230090838,512
68596,2230122940,512
68597,2230155009,512
68598,2230187036,512
68599,2230219086,512
68600,2230251241,512
68601,2230283322,512
68602,2230315514,512
68603,2230347542,512
68604,2230380476,512
68605,2230414655,512
68606,2230446729,512
68607,2230480697,512
68609,2230546574,512
68610,2230580625,512
68611,2230614588,512
68612,2230646631,512
68613,2230678780,512
68614,2230711125,512
68615,2230743278,512
68616,2230775322,512
68617,2230807445,512
68618,2230839587,512
68619,2230871637,512
68620,2230903815,512
68621,2230935903,512
68622,2230968032,512
68623,2231000166,512
68624,2231032282,512
68625,2231064369,512
68626,2231096644,512
68627,2231130975,512
68628,2231163265,512
68629,2231197484,512
68630,2231230927,512
68631,2231263262,512
68632,2231295380,512
68633,2231327731,512
68634,2231359804,512
68635,2231392013,512
68636,2231424027,512
68637,2231456064,512
68638,2231488209,512
68639,2231520344,512
68640,2231552439,512
68641,2231584622,512
68642,2231616638,512
68643,2231648781,512
68644,2231680958,512
68645,2231715875,512
68646,2231747948,512
68647,2231780186,512
68648,2231813342,512
68649,2231847536,512
68650,2231879989,512
68651,2231914369,512
68652,2231947630,512
68653,2231979910,512
68654,2232011984,512
68655,2232044083,512
68656,2232076412,512
68657,2232108570,512
68658,2232140600,512
68659,2232172857,512
68660,2232204951,512
68661,2232237073,512
68662,2232269102,512
68663,2232301119,512
68664,2232333295,512
68665,2232365370,512
68666,2232397487,512
68667,2232432423,512
68668,2232464542,512
68669,2232496813,512
68670,2232530061,512
68671,2232564317,512
68672,2232596655,512
68673,2232631057,512
68674,2232664664,512
68675,2232696834,512
68676,2232728846,512
68677,2232761220,512
68678,2232793306,512
68679,2232825313,512
68680,2232857414,512
68681,2232889484,512
68682,2232921528,512
68683,2232953723,512
68684,2232985885,512
68685,2233018047,512
68686,2233050151,512
68687,2233082170,512
68688,2233114313,512
68689,2233146328,512
68690,2233178493,512
68691,2233213103,512
68692,2233246700,512
68693,2233280874,512
68694,2233313323,512
68695,2233347728,512
68696,2233381395,512
68697,2233413762,512
68698,2233445965,512
68699,2233477992,512
68700,2233510092,512
68701,2233542117,512
68702,2233574115,512
68703,2233606256,512
68704,2233638433,512
68705,2233670548,512
68706,2233702706,512
68707,2233734823,512
68708,2233766903,512
68709,2233798966,512
68710,2233831014,512
68711,2233863396,512
68712,2233897583,512
68713,2233929815,512
68714,2233963790,512
68715,2233997709,512
68716,2234029894,512
68717,2234064579,512
68718,2234098050,512
68719,2234130413,512
68720,2234162480,512
68721,2234194554,512
68722,2234226702,512
68723,2234258728,512
68724,2234290867,512
68725,2234322977,512
68726,2234355008,512
68727,2234387012,512
68728,2234419061,512
68729,2234451172,512
68730,2234483217,512
68731,2234515311,512
68732,2234547449,512
68733,2234579540,512
68734,2234611543,512
68735,2234643560,512
68736,2234675700,512
68737,2234707720,512
68738,2234739721,512
68739,2234771831,512
68740,2234803885,512
68741,2234835950,512
68742,2234868147,512
68743,2234900181,512
68744,2234934789,512
68745,2234967010,512
68746,2234999023,512
68747,2235031078,512
68748,2235063479,512
68749,2235095667,512
68750,2235127987,512
68751,2235159999,512
68752,2235192638,512
68753,2235226877,512
68754,2235259205,512
68755,2235293472,512
68756,2235327284,512
68757,2235359701,512
68758,2235391760,512
68759,2235423801,512
68760,2235455866,512
68761,2235487924,512
68762,2235520017,512
68763,2235552070,512
68764,2235584114,512
68765,2235616283,512
68766,2235648367,512
68767,2235680498,512
68768,2235712579,512
68769,2235744710,512
68770,2235776905,512
68771,2235808966,512
68772,2235841095,512
68773,2235875777,512
68774,2235909398,512
68775,2235943862,512
68776,2235976182,512
68777,2236010016,512
68778,2236043549,512
68779,2236075602,512
68780,2236108063,512
68781,2236140090,512
68782,2236172520,512
68783,2236204654,512
68784,2236236779,512
68785,2236268849,512
68786,2236300927,512
68787,2236333047,512
68788,2236365153,512
68789,2236397252,512
68790,2236429375,512
68791,2236461480,512
68792,2236493560,512
68793,2236525642,512
68794,2236557741,512
68795,2236589766,512
68796,2236623686,512
68797,2236658065,512
68798,2236692598,512
68799,2236727180,512
68800,2236760673,512
68801,2236792730,512
68802,2236824746,512
68803,2236856782,512
68804,2236888790,512
68805,2236920817,512
68806,2236953188,512
68807,2236985232,512
68808,2237017633,512
68809,2237049758,512
68810,2237081878,512
68811,2237113935,512
68812,2237146037,512
68813,2237178069,512
68814,2237210247,512
68815,2237245095,512
68816,2237277095,512
68817,2237309167,512
68818,2237342752,512
68819,2237377340,512
68820,2237409624,512
68821,2237443683,512
68822,2237477319,512
68823,2237509411,512
68824,2237541486,512
68825,2237573511,512
68826,2237605856,512
68827,2237637979,512
68828,2237669994,512
68829,2237702288,512
68830,2237734407,512
68831,2237766576,512
68832,2237798708,512
68833,2237830877,512
68834,2237862879,512
68835,2237894929,512
68836,2237927019,512
68837,2237959210,512
68838,2237993814,512
68839,2238026182,512
68840,2238059380,512
68841,2238093610,512
68842,2238126079,512
68843,2238160622,512
68844,2238193969,512
68845,2238226355,512
68846,2238258832,512
68849,2238355256,512
68850,2238387344,512
68851,2238419459,512
68852,2238451575,512
68853,2238483658,512
68854,2238518382,512
68855,2238550421,512
68856,2238582517,512
68857,2238615154,512
68858,2238647309,512
68859,2238679490,512
68860,2238711654,512
68861,2238743816,512
68862,2238776192,512
68863,2238810349,512
68864,2238842790,512
68865,2238877629,512
68866,2238910694,512
68867,2238942804,512
68868,2238974979,512
68869,2239007425,512
68870,2239039542,512
68871,2239071705,512
68872,2239103808,512
68873,2239135830,512
68874,2239167937,512
68875,2239200079,512
68876,2239232130,512
68877,2239264308,512
68878,2239296337,512
68879,2239328366,512
68880,2239360406,512
68881,2239395344,512
68882,2239427521,512
68883,2239459650,512
68884,2239492922,512
68885,2239527627,512
68886,2239559839,512
68887,2239593965,512
68888,2239627417,512
68889,2239659874,512
68890,2239692007,512
68891,2239724115,512
68892,2239756177,512
68893,2239788232,512
68894,2239820261,512
68895,2239852440,512
68896,2239884529,512
68897,2239916576,512
68898,2239948742,512
68899,2239980917,512
68900,2240013021,512
68901,2240045093,512
68902,2240077107,512
68903,2240109259,512
68904,2240143543,512
68905,2240176042,512
68906,2240208984,512
68907,2240241017,512
68908,2240273132,512
68909,2240305163,512
68910,2240337217,512
68911,2240369229,512
68912,2240401313,512
68913,2240433330,512
68914,2240465368,512
68915,2240497441,512
68916,2240529631,512
68917,2240563866,512
68918,2240596373,512
68919,2240628631,512
68920,2240660729,512
68921,2240693096,512
68922,2240725123,512
68923,2240757284,512
68924,2240789452,512
68925,2240822977,512
68926,2240856693,512
68927,2240888741,512
68928,2240921116,512
68929,2240953127,512
68930,2240985155,512
68931,2241017267,512
68932,2241049485,512
68933,2241081568,512
68934,2241113630,512
68935,2241145727,512
68936,2241177854,512
68937,2241209871,512
68938,2241241960,512
68939,2241274066,512
68940,2241306251,512
68941,2241338337,512
68942,2241370335,512
68943,2241402436,512
68944,2241435214,512
68945,2241469280,512
68946,2241501321,512
68947,2241533770,512
68948,2241565949,512
68949,2241597995,512
68950,2241630212,512
68951,2241662352,512
68952,2241694420,512
68953,2241726529,512
68954,2241758693,512
68955,2241790871,512
68956,2241825549,512
68957,2241857611,512
68958,2241889632,512
68959,2241921658,512
68960,2241954115,512
68961,2241986283,512
68962,2242018369,512
68963,2242051657,512
68964,2242085853,512
68965,2242118159,512
68966,2242151900,512
68967,2242185888,512
68968,2242217902,512
68969,2242250093,512
68970,2242282552,512
68971,2242314679,512
68972,2242346881,512
68973,2242378900,512
68974,2242410967,512
68975,2242443031,512
68976,2242475181,512
68977,2242507263,512
68978,2242539533,512
68979,2242571641,512
68980,2242606522,512
68981,2242638543,512
68982,2242670938,512
68983,2242703100,512
68984,2242735130,512
68985,2242768571,512
68986,2242802627,512
68987,2242835067,512
68988,2242868523,512
68989,2242902685,512
68990,2242935149,512
68991,2242967212,512
68992,2242999250,512
68993,2243031343,512
68994,2243063431,512
68995,2243095622,512
68996,2243127772,512
68997,2243159790,512
68998,2243191838,512
68999,2243223989,512
69000,2243256101,512
69001,2243288279,512
69002,2243322993,512
69003,2243355009,512
69004,2243387644,512
69005,2243419664,512
69006,2243451810,512
69007,2243485350,512
69008,2243519216,512
69009,2243551306,512
69010,2243585234,512
69011,2243619522,512
69012,2243651726,512
69013,2243684024,512
69014,2243716103,512
69015,2243748153,512
69016,2243780246,512
69017,2243812433,512
69018,2243844545,512
69019,2243876558,512
69020,2243908655,512
69021,2243940840,512
69022,2243973028,512
69023,2244007738,512
69024,2244040021,512
69025,2244072107,512
69026,2244104360,512
69027,2244136512,512
69028,2244168581,512
69029,2244202146,512
69030,2244235939,512
69031,2244267981,512
69032,2244300393,512
69033,2244332588,512
69034,2244364754,512
69035,2244396756,512
69036,2244428898,512
69037,2244460921,512
69038,2244493117,512
69039,2244525273,512
69040,2244557324,512
69041,2244589455,512
69042,2244621472,512
69043,2244653546,512
69044,2244685694,512
69045,2244717747,512
69046,2244752357,512
69047,2244784417,512
69048,2244817950,512
69049,2244852570,512
69050,2244884948,512
69051,2244918739,512
69052,2244952664,512
69053,2244985050,512
69054,2245017104,512
69055,2245049288,512
69056,2245081296,512
69057,2245113469,512
69058,2245145617,512
69059,2245177717,512
69060,2245209788,512
69061,2245241890,512
69062,2245274017,512
69063,2245306169,512
69064,2245338319,512
69065,2245373013,512
69066,2245405209,512
69067,2245437597,512
69068,2245469656,512
69069,2245501717,512
69070,2245534698,512
69071,2245569230,512
69072,2245601316,512
69073,2245635708,512
69074,2245669354,512
69075,2245701365,512
69076,2245733462,512
69077,2245765888,512
69078,2245797899,512
69079,2245829989,512
69080,2245862097,512
69081,2245894256,512
69082,2245926404,512
69083,2245958415,512
69084,2245990559,512
69085,2246022564,512
69086,2246054622,512
69087,2246086718,512
69088,2246118891,512
69089,2246151117,512
69090,2246183194,512
69091,2246217977,512
69092,2246251446,512
69093,2246286017,512
69094,2246318310,512
69095,2246353155,512
69096,2246386083,512
69097,2246418483,512
69098,2246450750,512
69099,2246482943,512
69100,2246515094,512
69101,2246547166,512
69102,2246579310,512
69103,2246611345,512
69104,2246643348,512
69105,2246675459,512
69106,2246707520,512
69107,2246739553,512
69108,2246771723,512
69109,2246803744,512
69110,2246838383,512
69111,2246870465,512
69112,2246902796,512
69113,2246935151,512
69114,2246968441,512
69115,2247002652,512
69116,2247034656,512
69117,2247069718,512
69118,2247102656,512
69119,2247134665,512
69120,2247166954,512
69121,2247199225,512
69122,2247231369,512
69123,2247263512,512
69124,2247295716,512
69125,2247327818,512
69126,2247359828,512
69127,2247392008,512
69128,2247424025,512
69129,2247456076,512
69130,2247488122,512
69131,2247520304,512
69132,2247552408,512
69133,2247584861,512
69134,2247619253,512
69135,2247651659,512
69136,2247684527,512
69137,2247716660,512
69138,2247751315,512
69139,2247785925,512
69140,2247819435,512
69141,2247851583,512
69142,2247883663,512
69143,2247915966,512
69144,2247948064,512
69145,2247980102,512
69146,2248012149,512
69147,2248044342,512
69148,2248076484,512
69149,2248108502,512
69150,2248140579,512
69151,2248172700,512
69152,2248204733,512
69153,2248236763,512
69154,2248268829,512
69155,2248301140,512
69156,2248333186,512
69157,2248367877,512
69158,2248401648,512
69159,2248436053,512
69160,2248468085,512
69161,2248502652,512
69162,2248536185,512
69163,2248568197,512
69164,2248600577,512
69165,2248632667,512
69166,2248664745,512
69167,2248696822,512
69168,2248728971,512
69169,2248761082,512
69170,2248793110,512
69171,2248825228,512
69172,2248857401,512
69173,2248889527,512
69174,2248921693,512
69175,2248953855,512
69176,2248988478,512
69177,2249021020,512
69178,2249053194,512
69179,2249085193,512
69180,2249117669,512
69181,2249149784,512
69182,2249181801,512
69183,2249213942,512
69184,2249246015,512
69185,2249278142,512
69186,2249313606,512
69187,2249345717,512
69188,2249377822,512
69189,2249409893,512
69190,2249441914,512
69191,2249474112,512
69192,2249506120,512
69193,2249538254,512
69194,2249570286,512
69195,2249602418,512
69196,2249634442,512
69197,2249666512,512
69198,2249701214,512
69199,2249734702,512
69200,2249769272,512
69201,2249801631,512
69202,2249834284,512
69203,2249866294,512
69204,2249898344,512
69205,2249930484,512
69206,2249962647,512
69207,2249994655,512
69208,2250026743,512
69209,2250058943,512
69210,2250093649,512
69211,2250125664,512
69212,2250157730,512
69213,2250190029,512
69214,2250222423,512
69215,2250254570,512
69216,2250286623,512
69217,2250318680,512
69218,2250350761,512
69219,2250382923,512
69220,2250414962,512
69221,2250448500,512
69222,2250481950,512
69223,2250514414,512
69224,2250546448,512
69225,2250578769,512
69226,2250610794,512
69227,2250642802,512
69228,2250674958,512
69229,2250707012,512
69230,2250739013,512
69231,2250771054,512
69232,2250803213,512
69233,2250835248,512
69234,2250867400,512
69235,2250899528,512
69236,2250931679,512
69237,2250963844,512
69238,2250995880,512
69239,2251027930,512
69240,2251060600,512
69241,2251094658,512
69242,2251126963,512
69243,2251159307,512
69244,2251191458,512
69245,2251223621,512
69246,2251255637,512
69247,2251287678,512
69248,2251319749,512
69249,2251351903,512
69250,2251384053,512
69251,2251416217,512
69252,2251450914,512
69253,2251483052,512
69254,2251515094,512
69255,2251547572,512
69256,2251580080,512
69257,2251612243,512
69258,2251644414,512
69259,2251677245,512
69260,2251710938,512
69261,2251743310,512
69262,2251777298,512
69263,2251811278,512
69264,2251843353,512
69265,2251875490,512
69266,2251907868,512
69267,2251939913,512
69268,2251972064,512
69269,2252004075,512
69270,2252036257,512
69271,2252068332,512
69272,2252100528,512
69273,2252132717,512
69274,2252164909,512
69275,2252196955,512
69276,2252231633,512
69277,2252264059,512
69278,2252296441,512
69279,2252328453,512
69280,2252360575,512
69281,2252394060,512
69282,2252427513,512
69283,2252459700,512
69284,2252491988,512
69285,2252524438,512
69286,2252556606,512
69287,2252588749,512
69288,2252620871,512
69289,2252652884,512
69290,2252684920,512
69291,2252717067,512
69292,2252749076,512
69293,2252781077,512
69294,2252813131,512
69295,2252845212,512
69296,2252877360,512
69297,2252909506,512
69298,2252941605,512
69299,2252973686,512
69300,2253006338,512
69301,2253040587,512
69302,2253072924,512
69303,2253105149,512
69304,2253137346,512
69305,2253169407,512
69306,2253201449,512
69307,2253233633,512
69308,2253265769,512
69309,2253297930,512
69310,2253329933,512
69311,2253362018,512
69312,2253394068,512
69313,2253426094,512
69314,2253458256,512
69315,2253492898,512
69316,2253525211,512
69317,2253557277,512
69318,2253589555,512
69319,2253622875,512
69320,2253657078,512
69321,2253689375,512
69322,2253723229,512
69323,2253757153,512
69324,2253789246,512
69325,2253821521,512
69326,2253853715,512
69327,2253885898,512
69328,2253917986,512
69329,2253950019,512
69330,2253982171,512
69331,2254014313,512
69332,2254046502,512
69333,2254078540,512
69334,2254110567,512
69335,2254142732,512
69336,2254174760,512
69337,2254206948,512
69338,2254241660,512
69339,2254273705,512
69340,2254305721,512
69341,2254339833,512
69342,2254373902,512
69343,2254406295,512
69344,2254438367,512
69345,2254470438,512
69346,2254502488,512
69347,2254534557,512
69348,2254566715,512
69349,2254598733,512
69350,2254630888,512
69351,2254662960,512
69352,2254695109,512
69353,2254727168,512
69354,2254759346,512
69355,2254791395,512
69356,2254823418,512
69357,2254855457,512
69358,2254887545,512
69359,2254919724,512
69360,2254952338,512
69361,2254986468,512
69362,2255018704,512
69363,2255050936,512
69364,2255082982,512
69365,2255115092,512
69366,2255147210,512
69367,2255179394,512
69368,2255211568,512
69369,2255243669,512
69370,2255275776,512
69371,2255307777,512
69372,2255339920,512
69373,2255372080,512
69374,2255406372,512
69375,2255438802,512
69376,2255471512,512
69377,2255503662,512
69378,2255535837,512
69379,2255568439,512
69380,2255602780,512
69381,2255634981,512
69382,2255668990,512
69383,2255703206,512
69384,2255735306,512
69385,2255767312,512
69386,2255799642,512
69387,2255831756,512
69388,2255863847,512
69389,2255895851,512
69390,2255927916,512
69391,2255960054,512
69392,2255992101,512
69393,2256024106,512
69394,2256056185,512
69395,2256088314,512
69396,2256120315,512
69397,2256152369,512
69398,2256184790,512
69399,2256216855,512
69400,2256248906,512
69401,2256280944,512
69402,2256313016,512
69403,2256347693,512
69404,2256380300,512
69405,2256412433,512
69406,2256444504,512
69407,2256476598,512
69408,2256508726,512
69409,2256540921,512
69410,2256573098,512
69411,2256605271,512
69412,2256637296,512
69413,2256669359,512
69414,2256701370,512
69415,2256733478,512
69416,2256768070,512
69417,2256800281,512
69418,2256832460,512
69419,2256864736,512
69420,2256898423,512
69421,2256932355,512
69422,2256964662,512
69423,2256996650,512
69424,2257029000,512
69425,2257061073,512
69426,2257093174,512
69427,2257125254,512
69428,2257157433,512
69429,2257189579,512
69430,2257221723,512
69431,2257253854,512
69432,2257285977,512
69433,2257320669,512
69434,2257352792,512
69435,2257385139,512
69436,2257417244,512
69437,2257449352,512
69438,2257481395,512
69439,2257514053,512
69440,2257546158,512
69441,2257578170,512
69442,2257610233,512
69443,2257644956,512
69444,2257676967,512
69445,2257709017,512
69446,2257741397,512
69447,2257773530,512
69448,2257805536,512
69449,2257837712,512
69450,2257869841,512
69451,2257902002,512
69452,2257934171,512
69453,2257966227,512
69454,2257998293,512
69455,2258030430,512
69456,2258062533,512
69457,2258094616,512
69458,2258128028,512
69459,2258161507,512
69460,2258193509,512
69461,2258225705,512
69462,2258258081,512
69463,2258290256,512
69464,2258322284,512
69465,2258354322,512
69466,2258386443,512
69467,2258418482,512
69468,2258450597,512
69469,2258482762,512
69470,2258514944,512
69471,2258547072,512
69472,2258579078,512
69473,2258611168,512
69474,2258643418,512
69475,2258677637,512
69476,2258710103,512
69477,2258742941,512
69478,2258774940,512
69479,2258807042,512
69480,2258839161,512
69481,2258871186,512
69482,2258903256,512
69483,2258935395,512
69484,2258967409,512
69485,2258999576,512
69486,2259031637,512
69487,2259063711,512
69488,2259098586,512
69489,2259130929,512
69490,2259162961,512
69491,2259195041,512
69492,2259227217,512
69493,2259259646,512
69494,2259291771,512
69495,2259323958,512
69496,2259356999,512
69497,2259390799,512
69498,2259423109,512
69499,2259455462,512
69500,2259487487,512
69501,2259519571,512
69502,2259551603,512
69503,2259583737,512
69504,2259615764,512
69505,2259647874,512
69506,2259679895,512
69507,2259711944,512
69508,2259744118,512
69509,2259776156,512
69510,2259808310,512
69511,2259840487,512
69512,2259872592,512
69513,2259906747,512
69514,2259939304,512
69515,2259972862,512
69516,2260007058,512
69517,2260039395,512
69518,2260073800,512
69519,2260107364,512
69520,2260139740,512
69521,2260172062,512
69522,2260204113,512
69523,2260236271,512
69524,2260268418,512
69525,2260300559,512
69526,2260332702,512
69527,2260364884,512
69528,2260396906,512
69529,2260428944,512
69530,2260463512,512
69531,2260495696,512
69532,2260527758,512
69533,2260559882,512
69534,2260591911,512
69535,2260624092,512
69536,2260656426,512
69537,2260689499,512
69538,2260723676,512
69539,2260756038,512
69540,2260790560,512
69541,2260824115,512
69542,2260856177,512
69543,2260888192,512
69544,2260920618,512
69545,2260952649,512
69546,2260984762,512
69547,2261016851,512
69548,2261049016,512
69549,2261081153,512
69550,2261113170,512
69551,2261145217,512
69552,2261177254,512
69553,2261209396,512
69554,2261241406,512
69555,2261273528,512
69556,2261305527,512
69557,2261337614,512
69558,2261369617,512
69559,2261402826,512
69560,2261436693,512
69561,2261469177,512
69562,2261501320,512
69563,2261533434,512
69564,2261565563,512
69565,2261597630,512
69566,2261629766,512
69567,2261661893,512
69568,2261693968,512
69569,2261726077,512
69570,2261758243,512
69571,2261790321,512
69572,2261822410,512
69573,2261856629,512
69574,2261889114,512
69575,2261921857,512
69576,2261953922,512
69577,2261985957,512
69578,2262019536,512
69579,2262053000,512
69580,2262085354,512
69581,2262117429,512
69582,2262149637,512
69584,2262214070,512
69585,2262246117,512
69586,2262278135,512
69587,2262310333,512
69588,2262342416,512
69589,2262374563,512
69590,2262406637,512
69591,2262438819,512
69592,2262471004,512
69593,2262505673,512
69594,2262537773,512
69595,2262569894,512
69596,2262602277,512
69597,2262635512,512
69598,2262669623,512
69599,2262701930,512
69600,2262736088,512
69601,2262769951,512
69602,2262802078,512
69603,2262834092,512
69604,2262866139,512
69605,2262898520,512
69606,2262930585,512
69607,2262962727,512
69608,2262994751,512
69609,2263026912,512
69610,2263059016,512
69611,2263091038,512
69612,2263123064,512
69613,2263155155,512
69614,2263187239,512
69615,2263219322,512
69616,2263251756,512
69617,2263283830,512
69618,2263318506,512
69619,2263352089,512
69620,2263386606,512
69621,2263418717,512
69622,2263453042,512
69623,2263486697,512
69624,2263519186,512
69625,2263551511,512
69626,2263583669,512
69627,2263615700,512
69628,2263647815,512
69629,2263679942,512
69630,2263712055,512
69631,2263744107,512
69632,2263776144,512
69633,2263808270,512
69634,2263840282,512
69635,2263872341,512
69636,2263904346,512
69637,2263939046,512
69638,2263971261,512
69639,2264003653,512
69640,2264035819,512
69641,2264068309,512
69642,2264100356,512
69643,2264132475,512
69644,2264164528,512
69645,2264196655,512
69646,2264228699,512
69647,2264260794,512
69648,2264292838,512
69649,2264327420,512
69650,2264359512,512
69651,2264391566,512
69652,2264423767,512
69653,2264456129,512
69654,2264488255,512
69655,2264520343,512
69656,2264552520,512
69657,2264584717,512
69658,2264616813,512
69659,2264648929,512
69660,2264681875,512
69661,2264715839,512
69662,2264747971,512
69663,2264781815,512
69664,2264816428,512
69665,2264848607,512
69666,2264880614,512
69667,2264912672,512
69668,2264944744,512
69669,2264976858,512
69670,2265008931,512
69671,2265040981,512
69672,2265073035,512
69673,2265105112,512
69674,2265137237,512
69675,2265169333,512
69676,2265201480,512
69677,2265233624,512
69678,2265265771,512
69679,2265297998,512
69680,2265332721,512
69681,2265364878,512
69682,2265398700,512
69683,2265432839,512
69684,2265465070,512
69685,2265497090,512
69686,2265529150,512
69687,2265561269,512
69688,2265593418,512
69689,2265625512,512
69690,2265657671,512
69691,2265689834,512
69692,2265721988,512
69693,2265753990,512
69694,2265786127,512
69695,2265818243,512
69696,2265850307,512
69697,2265882320,512
69698,2265914332,512
69699,2265949209,512
69700,2265981566,512
69701,2266014665,512
69702,2266049160,512
69703,2266081276,512
69704,2266115769,512
69705,2266149398,512
69706,2266181738,512
69707,2266215447,512
69708,2266249367,512
69709,2266281446,512
69710,2266313592,512
69711,2266345920,512
69712,2266377928,512
69713,2266410032,512
69714,2266442371,512
69715,2266474528,512
69716,2266506571,512
69717,2266538652,512
69718,2266570815,512
69719,2266602984,512
69720,2266635077,512
69721,2266667139,512
69722,2266699186,512
69723,2266731299,512
69724,2266765918,512
69725,2266797980,512
69726,2266831919,512
69727,2266866010,512
69728,2266898471,512
69729,2266930605,512
69730,2266962760,512
69731,2266994900,512
69732,2267026970,512
69733,2267059005,512
69734,2267091024,512
69735,2267123174,512
69736,2267155258,512
69737,2267187309,512
69738,2267219411,512
69739,2267251558,512
69740,2267283667,512
69741,2267318370,512
69742,2267350502,512
69743,2267382590,512
69744,2267414935,512
69745,2267448151,512
69746,2267482701,512
69747,2267514742,512
69748,2267549583,512
69749,2267582821,512
69750,2267614940,512
69751,2267647421,512
69752,2267679650,512
69753,2267711728,512
69754,2267743793,512
69755,2267775917,512
69756,2267808045,512
69757,2267840124,512
69758,2267872317,512
69759,2267904376,512
69760,2267939115,512
69761,2267971440,512
69762,2268003815,512
69763,2268035892,512
69764,2268067969,512
69765,2268100060,512
69766,2268132149,512
69767,2268164822,512
69768,2268199424,512
69769,2268231800,512
69770,2268265727,512
69771,2268299460,512
69772,2268331488,512
69773,2268363537,512
69774,2268395570,512
69775,2268427946,512
69776,2268460051,512
69777,2268492248,512
69778,2268524369,512
69779,2268556587,512
69780,2268588681,512
69781,2268620872,512
69782,2268652867,512
69783,2268684931,512
69784,2268716993,512
69785,2268749038,512
69786,2268781265,512
69787,2268815901,512
69788,2268847922,512
69789,2268881313,512
69790,2268916061,512
69791,2268948470,512
69792,2268982575,512
69793,2269016188,512
69794,2269048209,512
69795,2269080600,512
69796,2269112950,512
69797,2269144963,512
69798,2269177091,512
69799,2269209213,512
69800,2269241359,512
69801,2269273418,512
69802,2269305467,512
69803,2269337482,512
69804,2269369595,512
69805,2269401605,512
69806,2269433781,512
69807,2269465790,512
69808,2269500570,512
69809,2269532660,512
69810,2269565122,512
69811,2269598435,512
69812,2269632655,512
69813,2269664673,512
69814,2269699246,512
69815,2269732837,512
69816,2269764850,512
69817,2269796972,512
69818,2269829458,512
69819,2269861624,512
69820,2269893752,512
69821,2269925755,512
69822,2269957918,512
69823,2269989945,512
69824,2270021993,512
69825,2270054009,512
69826,2270086095,512
69827,2270118158,512
69828,2270150213,512
69829,2270182382,512
69830,2270214850,512
69831,2270249056,512
69832,2270281081,512
69833,2270314323,512
69834,2270346447,512
69835,2270378472,512
69836,2270410669,512
69837,2270442818,512
69838,2270474833,512
69839,2270506855,512
69840,2270541590,512
69841,2270573701,512
69842,2270606150,512
69843,2270638254,512
69844,2270670302,512
69845,2270702347,512
69846,2270734435,512
69847,2270766469,512
69848,2270798519,512
69849,2270830534,512
69850,2270862621,512
69851,2270894766,512
69852,2270928272,512
69853,2270962025,512
69854,2270994049,512
69855,2271026495,512
69856,2271058591,512
69857,2271090641,512
69858,2271122643,512
69859,2271155026,512
69860,2271187037,512
69861,2271219087,512
69862,2271251210,512
69863,2271283380,512
69864,2271315543,512
69865,2271347572,512
69866,2271379594,512
69867,2271411745,512
69868,2271443858,512
69869,2271478538,512
69870,2271510939,512
69871,2271544011,512
69872,2271578627,512
69873,2271610639,512
69874,2271645126,512
69875,2271678750,512
69876,2271710755,512
69877,2271742784,512
69878,2271774809,512
69879,2271807144,512
69880,2271839245,512
69881,2271871556,512
69882,2271903569,512
69883,2271935659,512
69884,2271967780,512
69885,2271999938,512
69886,2272032035,512
69887,2272064157,512
69888,2272096358,512
69889,2272128497,512
69890,2272163500,512
69891,2272195691,512
69892,2272227830,512
69893,2272260724,512
69894,2272295350,512
69895,2272327661,512
69896,2272362555,512
69897,2272395446,512
69898,2272427537,512
69899,2272459570,512
69900,2272491978,512
69901,2272524105,512
69902,2272556256,512
69903,2272588349,512
69904,2272620406,512
69905,2272652571,512
69906,2272684751,512
69907,2272716880,512
69908,2272749077,512
69909,2272781102,512
69910,2272815819,512
69911,2272847827,512
69912,2272879865,512
69913,2272911894,512
69914,2272943984,512
69915,2272977924,512
69916,2273011978,512
69917,2273044324,512
69918,2273078609,512
69919,2273112273,512
69920,2273144630,512
69921,2273176842,512
69922,2273208893,512
69923,2273241011,512
69924,2273273187,512
69925,2273305254,512
69926,2273337366,512
69927,2273369425,512
69928,2273401614,512
69929,2273433641,512
69930,2273468329,512
69931,2273500622,512
69932,2273532903,512
69933,2273565024,512
69934,2273597137,512
69935,2273629145,512
69936,2273661265,512
69937,2273694228,512
69938,2273728789,512
69939,2273761116,512
69940,2273795362,512
69941,2273828790,512
69942,2273860905,512
69943,2273892995,512
69944,2273925266,512
69945,2273957452,512
69946,2273989581,512
69947,2274021746,512
69948,2274053849,512
69949,2274085953,512
69950,2274118142,512
69951,2274150313,512
69952,2274182403,512
69953,2274214458,512
69954,2274246507,512
69955,2274281188,512
69956,2274313645,512
69957,2274345834,512
69958,2274377929,512
69959,2274411035,512
69960,2274445365,512
69961,2274477516,512
69962,2274512024,512
69963,2274545393,512
69964,2274577567,512
69965,2274609639,512
69966,2274642122,512
69967,2274674309,512
69968,2274706358,512
69969,2274738513,512
69970,2274770571,512
69971,2274802617,512
69972,2274834751,512
69973,2274866769,512
69974,2274898906,512
69975,2274931079,512
69976,2274963160,512
69977,2274995266,512
69978,2275027300,512
69979,2275059351,512
69980,2275094047,512
69981,2275126976,512
69982,2275159061,512
69983,2275191118,512
69984,2275223228,512
69985,2275255344,512
69986,2275287407,512
69987,2275319462,512
69988,2275351490,512
69989,2275383616,512
69990,2275418318,512
69991,2275450401,512
69992,2275482505,512
69993,2275514848,512
69994,2275547028,512
69995,2275579165,512
69996,2275611223,512
69997,2275643585,512
69998,2275675603,512
69999,2275707763,512
70000,2275741034,512
70001,2275774768,512
70002,2275807047,512
70003,2275839213,512
70004,2275871293,512
70005,2275903481,512
70006,2275935581,512
70007,2275967655,512
70008,2275999772,512
70009,2276031970,512
70010,2276064160,512
70011,2276096291,512
70012,2276131017,512
70013,2276163092,512
70014,2276195582,512
70015,2276227684,512
70016,2276259733,512
70017,2276291847,512
70018,2276323916,512
70019,2276358139,512
70020,2276391213,512
70021,2276423382,512
70022,2276457472,512
70023,2276491425,512
70024,2276523861,512
70025,2276555986,512
70026,2276588102,512
70027,2276620133,512
70028,2276652314,512
70029,2276684433,512
70030,2276716602,512
70031,2276748781,512
70032,2276780944,512
70033,2276813023,512
70034,2276845093,512
70035,2276877105,512
70036,2276909121,512
70037,2276943851,512
70038,2276976002,512
70039,2277008430,512
70040,2277040626,512
70041,2277073598,512
70042,2277107989,512
70043,2277140050,512
70044,2277174119,512
70045,2277208042,512
70046,2277240102,512
70047,2277272499,512
70048,2277304977,512
70049,2277337181,512
70050,2277369303,512
70051,2277401359,512
70052,2277433424,512
70053,2277465568,512
70054,2277497717,512
70055,2277532393,512
70056,2277564503,512
70057,2277596896,512
70058,2277629067,512
70059,2277661123,512
70060,2277693523,512
70061,2277725677,512
70062,2277757692,512
70063,2277789875,512
70064,2277821998,512
70065,2277856662,512
70066,2277891105,512
70067,2277924701,512
70068,2277956836,512
70069,2277988959,512
70070,2278021421,512
70071,2278053534,512
70072,2278085557,512
70073,2278117655,512
70074,2278149710,512
70075,2278181836,512
70076,2278213954,512
70077,2278246078,512
70078,2278278228,512
70079,2278310258,512
70080,2278342428,512
70081,2278374440,512
70082,2278406464,512
70083,2278438654,512
70084,2278473317,512
70085,2278506934,512
70086,2278541986,512
70087,2278574069,512
70088,2278608009,512
70089,2278641389,512
70090,2278673558,512
70091,2278705606,512
70092,2278737655,512
70093,2278769705,512
70094,2278802168,512
70095,2278834170,512
70096,2278866228,512
70097,2278898263,512
70098,2278930380,512
70099,2278962564,512
70100,2278994640,512
70101,2279026753,512
70102,2279058898,512
70103,2279091099,512
70104,2279123333,512
70105,2279158238,512
70106,2279190442,512
70107,2279222890,512
70108,2279255018,512
70109,2279287213,512
70110,2279319369,512
70111,2279354094,512
70112,2279386209,512
70113,2279419043,512
70114,2279451209,512
70115,2279483384,512
70116,2279515512,512
70117,2279547550,512
70118,2279579711,512
70119,2279614398,512
70120,2279646457,512
70121,2279678458,512
70122,2279710522,512
70123,2279742594,512
70124,2279775013,512
70125,2279807084,512
70126,2279839803,512
70127,2279871917,512
70128,2279904083,512
70129,2279939714,512
70130,2279971764,512
70131,2280003858,512
70132,2280036018,512
70133,2280068103,512
70134,2280100129,512
70135,2280132241,512
70136,2280164325,512
70137,2280196342,512
70138,2280228395,512
70139,2280263017,512
70140,2280295241,512
70141,2280327666,512
70142,2280359679,512
70143,2280391778,512
70144,2280423946,512
70145,2280456360,512
70146,2280488431,512
70147,2280520455,512
70148,2280553773,512
70149,2280587410,512
70150,2280619616,512
70151,2280651793,512
70152,2280683969,512
70153,2280715969,512
70154,2280748128,512
70155,2280780168,512
70156,2280812310,512
70157,2280844345,512
70158,2280876513,512
70159,2280908531,512
70160,2280940699,512
70161,2280972897,512
70162,2281005037,512
70163,2281037157,512
70164,2281071886,512
70165,2281103960,512
70166,2281136333,512
70167,2281169712,512
70168,2281204004,512
70169,2281236476,512
70170,2281270685,512
70171,2281304160,512
70172,2281336557,512
70173,2281368725,512
70174,2281400770,512
70175,2281433179,512
70176,2281465173,512
70177,2281497269,512
70178,2281529418,512
70179,2281561583,512
70180,2281596300,512
70181,2281628313,512
70182,2281660454,512
70183,2281692590,512
70184,2281724847,512
70185,2281756869,512
70186,2281789078,512
70187,2281821140,512
70188,2281853161,512
70189,2281886360,512
70190,2281920681,512
70191,2281952756,512
70192,2281987226,512
70193,2282020849,512
70194,2282053291,512
70195,2282085354,512
70196,2282117484,512
70197,2282149518,512
70198,2282181718,512
70199,2282213901,512
70200,2282245915,512
70201,2282277919,512
70202,2282310079,512
70203,2282342172,512
70204,2282374285,512
70205,2282406368,512
70206,2282438469,512
70207,2282470535,512
70208,2282505596,512
70209,2282537669,512
70210,2282569793,512
70211,2282602522,512
70212,2282634595,512
70213,2282666656,512
70214,2282698732,512
70215,2282730767,512
70216,2282765434,512
70217,2282798380,512
70218,2282830529,512
70219,2282862616,512
70220,2282894633,512
70221,2282926684,512
70222,2282958714,512
70223,2282990883,512
70224,2283022952,512
70225,2283055034,512
70226,2283087080,512
70227,2283119161,512
70228,2283153982,512
70229,2283186427,512
70230,2283219229,512
70231,2283254451,512
70232,2283286515,512
70233,2283319753,512
70234,2283353934,512
70235,2283386195,512
70236,2283420856,512
70237,2283454361,512
70238,2283486654,512
70239,2283518804,512
70240,2283550936,512
70241,2283582938,512
70242,2283615125,512
70243,2283647170,512
70244,2283679245,512
70245,2283711236,512
70246,2283743312,512
70247,2283775409,512
70248,2283807558,512
70249,2283839677,512
70250,2283871854,512
70251,2283903944,512
70252,2283936114,512
70253,2283970445,512
70254,2284002742,512
70255,2284035712,512
70256,2284067784,512
70257,2284099917,512
70258,2284131943,512
70259,2284164080,512
70260,2284196256,512
70261,2284231586,512
70262,2284263692,512
70263,2284295755,512
70264,2284327786,512
70265,2284359963,512
70266,2284391976,512
70267,2284424030,512
70268,2284456066,512
70269,2284488119,512
70270,2284520256,512
70271,2284552352,512
70272,2284584375,512
70273,2284616423,512
70274,2284649724,512
70275,2284683402,512
70276,2284715475,512
70277,2284747506,512
70278,2284779550,512
70279,2284811990,512
70280,2284844110,512
70281,2284876144,512
70282,2284908210,512
70283,2284940288,512
70284,2284972384,512
70285,2285004451,512
70286,2285036570,512
70287,2285068748,512
70288,2285100880,512
70289,2285132928,512
70290,2285165169,512
70291,2285199457,512
70292,2285231981,512
70293,2285265706,512
70294,2285299721,512
70295,2285332312,512
70296,2285366407,512
70297,2285399873,512
70298,2285432106,512
70299,2285464155,512
70300,2285496243,512
70301,2285528667,512
70302,2285560836,512
70303,2285592901,512
70304,2285624925,512
70305,2285657279,512
70306,2285689307,512
70307,2285721490,512
70308,2285753533,512
70309,2285785660,512
70310,2285817759,512
70311,2285849852,512
70312,2285884495,512
70313,2285916577,512
70314,2285948751,512
70315,2285982300,512
70316,2286016399,512
70317,2286048645,512
70318,2286083089,512
70319,2286116563,512
70320,2286148877,512
70321,2286181040,512
70322,2286213307,512
70323,2286245489,512
70324,2286277690,512
70325,2286309723,512
70326,2286341738,512
70327,2286373885,512
70328,2286406061,512
70329,2286438065,512
70330,2286470248,512
70331,2286502424,512
70332,2286534424,512
70333,2286566576,512
70334,2286601639,512
70335,2286633723,512
70336,2286665913,512
70337,2286699757,512
70338,2286733325,512
70339,2286765386,512
70340,2286800056,512
70341,2286833544,512
70342,2286865589,512
70343,2286897693,512
70344,2286929794,512
70345,2286962115,512
70346,2286994213,512
70347,2287026291,512
70348,2287058470,512
70349,2287090499,512
70350,2287122692,512
70351,2287154771,512
70352,2287186817,512
70353,2287219000,512
70354,2287251121,512
70355,2287283274,512
70356,2287315320,512
70357,2287349973,512
70358,2287382153,512
70359,2287414955,512
70360,2287447139,512
70361,2287479209,512
70362,2287511247,512
70363,2287543418,512
70364,2287575567,512
70365,2287610945,512
70366,2287643072,512
70367,2287675236,512
70368,2287707433,512
70369,2287739519,512
70370,2287771608,512
70371,2287803743,512
70372,2287838391,512
70373,2287870429,512
70374,2287902489,512
70375,2287934944,512
70376,2287967079,512
70377,2287999182,512
70378,2288031997,512
70379,2288064016,512
70380,2288098689,512
70381,2288132671,512
70382,2288166543,512
70383,2288198780,512
70384,2288233626,512
70385,2288266894,512
70386,2288299009,512
70387,2288331134,512
70388,2288363518,512
70389,2288395556,512
70390,2288427601,512
70391,2288459665,512
70392,2288491700,512
70393,2288523853,512
70394,2288555963,512
70395,2288588095,512
70396,2288620209,512
70397,2288652395,512
70398,2288684534,512
70399,2288716698,512
70400,2288749259,512
70401,2288783344,512
70402,2288815545,512
70403,2288848724,512
70404,2288880771,512
70405,2288915422,512
70406,2288950134,512
70407,2288983603,512
70408,2289015964,512
70409,2289048050,512
70410,2289080166,512
70411,2289112323,512
70412,2289144427,512
70413,2289176484,512
70414,2289208619,512
70415,2289240690,512
70416,2289272883,512
70417,2289304984,512
70418,2289337035,512
70419,2289369102,512
70420,2289401227,512
70421,2289433406,512
70422,2289465589,512
70423,2289500182,512
70424,2289532655,512
70425,2289565134,512
70426,2289597283,512
70427,2289629414,512
70428,2289661505,512
70429,2289693625,512
70430,2289728308,512
70431,2289761087,512
70432,2289793126,512
70433,2289825281,512
70434,2289857281,512
70435,2289889436,512
70436,2289921568,512
70437,2289953747,512
70438,2289985893,512
70439,2290020250,512
70440,2290052577,512
70441,2290084646,512
70442,2290116742,512
70443,2290148972,512
70444,2290181388,512
70445,2290213455,512
70446,2290245636,512
70447,2290277771,512
70448,2290309935,512
70449,2290342133,512
70450,2290374277,512
70451,2290408929,512
70452,2290441046,512
70453,2290473077,512
70454,2290505449,512
70455,2290537580,512
70456,2290569636,512
70457,2290601822,512
70458,2290634011,512
70459,2290666140,512
70460,2290698148,512
70461,2290730345,512
70462,2290762528,512
70463,2290794661,512
70464,2290828939,512
70465,2290861498,512
70466,2290896583,512
70467,2290929414,512
70468,2290961421,512
70469,2290993589,512
70470,2291025926,512
70471,2291058043,512
70472,2291090155,512
70473,2291122170,512
70474,2291154229,512
70475,2291186325,512
70476,2291218497,512
70477,2291250515,512
70478,2291282533,512
70479,2291314893,512
70480,2291346924,512
70481,2291379149,512
70482,2291411209,512
70483,2291443254,512
70484,2291475326,512
70485,2291508070,512
70486,2291542502,512
70487,2291574657,512
70488,2291606851,512
70489,2291639002,512
70490,2291671168,512
70491,2291703318,512
70492,2291735512,512
70493,2291767655,512
70494,2291799662,512
70495,2291831708,512
70496,2291866597,512
70497,2291899028,512
70498,2291931117,512
70499,2291963275,512
70500,2291995464,512
70501,2292027590,512
70502,2292059619,512
70503,2292091673,512
70504,2292124700,512
70505,2292158374,512
70506,2292190673,512
70507,2292222815,512
70508,2292254839,512
70509,2292287299,512
70510,2292319346,512
70511,2292351500,512
70512,2292383703,512
70513,2292415871,512
70514,2292447893,512
70515,2292479988,512
70516,2292512068,512
70517,2292544120,512
70518,2292576211,512
70519,2292608213,512
70520,2292640217,512
70521,2292672402,512
70522,2292704495,512
70523,2292736569,512
70524,2292768630,512
70525,2292800676,512
70526,2292832718,512
70527,2292867351,512
70528,2292899838,512
70529,2292932010,512
70530,2292964071,512
70531,2292996226,512
70532,2293028241,512
70533,2293060381,512
70534,2293092581,512
70535,2293124720,512
70536,2293156775,512
70537,2293188798,512
70538,2293220908,512
70539,2293253185,512
70540,2293287528,512
70541,2293319889,512
70542,2293353929,512
70543,2293387816,512
70544,2293419930,512
70545,2293453933,512
70546,2293487951,512
70547,2293520022,512
70548,2293552312,512
70549,2293584624,512
70550,2293616672,512
70551,2293648805,512
70552,2293680952,512
70553,2293713054,512
70554,2293745213,512
70555,2293777249,512
70556,2293809371,512
70557,2293841482,512
70558,2293873482,512
70559,2293905667,512
70560,2293937803,512
70561,2293969967,512
70562,2294004064,512
70563,2294036628,512
70564,2294070451,512
70565,2294104549,512
70566,2294136590,512
70567,2294170377,512
70568,2294204677,512
70569,2294236726,512
70570,2294268914,512
70571,2294301300,512
70572,2294333432,512
70573,2294365530,512
70574,2294397696,512
70575,2294429785,512
70576,2294461822,512
70577,2294493922,512
70578,2294526068,512
70579,2294558078,512
70580,2294590101,512
70581,2294622179,512
70582,2294654228,512
70583,2294686909,512
70584,2294720897,512
70585,2294753340,512
70586,2294787466,512
70587,2294821380,512
70588,2294853721,512
70589,2294887277,512
70590,2294921379,512
70591,2294953386,512
70592,2294985578,512
70593,2295018046,512
70594,2295050108,512
70595,2295082191,512
70596,2295114338,512
70597,2295146362,512
70598,2295178438,512
70599,2295210619,512
70600,2295242705,512
70601,2295274900,512
70602,2295306994,512
70603,2295339060,512
70604,2295371085,512
70605,2295403451,512
70606,2295437877,512
70607,2295470000,512
70608,2295503980,512
70609,2295537972,512
70610,2295569993,512
70611,2295602116,512
70612,2295634516,512
70613,2295666714,512
70614,2295698769,512
70615,2295730844,512
70616,2295762950,512
70617,2295795136,512
70618,2295827154,512
70619,2295859372,512
70620,2295891536,512
70621,2295923680,512
70622,2295958106,512
70623,2295990472,512
70624,2296022760,512
70625,2296054763,512
70626,2296087002,512
70627,2296119464,512
70628,2296151567,512
70629,2296183623,512
70630,2296215694,512
70631,2296247830,512
70632,2296279909,512
70633,2296311942,512
70634,2296343951,512
70635,2296376033,512
70636,2296408232,512
70637,2296442910,512
70638,2296475017,512
70639,2296507364,512
70640,2296539496,512
70641,2296571625,512
70642,2296603661,512
70643,2296635934,512
70644,2296668059,512
70645,2296700184,512
70646,2296732883,512
70647,2296767222,512
70648,2296799676,512
70649,2296833193,512
70650,2296867353,512
70651,2296899425,512
70652,2296931672,512
70653,2296963858,512
70654,2296995857,512
70655,2297027992,512
70656,2297060152,512
70657,2297092348,512
70658,2297124455,512
70659,2297156533,512
70660,2297188549,512
70661,2297220602,512
70662,2297252621,512
70663,2297284630,512
70664,2297316779,512
70665,2297349513,512
70666,2297383530,512
70667,2297415849,512
70668,2297449656,512
70669,2297483575,512
70670,2297515985,512
70671,2297549961,512
70672,2297584099,512
70673,2297616444,512
70674,2297648542,512
70675,2297680646,512
70676,2297712682,512
70677,2297744822,512
70678,2297777015,512
70679,2297809115,512
70681,2297873345,512
70682,2297905431,512
70683,2297937489,512
70684,2297969549,512
70685,2298001551,512
70686,2298033728,512
70687,2298066246,512
70688,2298100223,512
70689,2298132697,512
70690,2298166254,512
70691,2298200313,512
70692,2298232681,512
70693,2298266682,512
70694,2298300702,512
70695,2298333119,512
70696,2298365316,512
70697,2298397513,512
70698,2298429679,512
70699,2298461807,512
70700,2298493978,512
70701,2298526140,512
70702,2298558322,512
70703,2298592901,512
70704,2298625123,512
70705,2298657481,512
70706,2298689576,512
70707,2298721638,512
70708,2298753786,512
70709,2298786299,512
70710,2298818344,512
70711,2298850374,512
70712,2298882958,512
70713,2298917229,512
70714,2298949332,512
70715,2298982910,512
70716,2299017380,512
70717,2299049386,512
70718,2299081623,512
70719,2299113758,512
70720,2299146019,512
70721,2299178049,512
70722,2299210171,512
70723,2299242170,512
70724,2299274231,512
70725,2299306251,512
70726,2299338365,512
70727,2299370530,512
70728,2299402646,512
70729,2299434692,512
70730,2299466692,512
70731,2299499341,512
70732,2299533704,512
70733,2299565956,512
70734,2299600167,512
70735,2299634229,512
70736,2299666468,512
70737,2299698536,512
70738,2299730871,512
70739,2299763049,512
70740,2299795209,512
70742,2299859414,512
70743,2299891568,512
70744,2299923595,512
70745,2299955688,512
70746,2299990325,512
70747,2300022383,512
70748,2300054828,512
70749,2300087083,512
70750,2300119251,512
70751,2300151342,512
70752,2300183380,512
70753,2300216122,512
70754,2300250321,512
70755,2300282706,512
70756,2300316879,512
70757,2300350763,512
70758,2300382825,512
70759,2300414944,512
70760,2300447323,512
70761,2300479504,512
70762,2300511695,512
70763,2300543790,512
70764,2300575961,512
70765,2300608007,512
70766,2300640072,512
70767,2300672250,512
70768,2300704256,512
70769,2300736413,512
70770,2300768464,512
70771,2300803208,512
70772,2300835792,512
70773,2300867947,512
70774,2300900240,512
70775,2300933055,512
70776,2300967323,512
70777,2300999477,512
70778,2301033134,512
70779,2301067448,512
70780,2301099790,512
70781,2301131932,512
70782,2301164126,512
70783,2301196170,512
70784,2301228253,512
70785,2301260294,512
70786,2301292378,512
70787,2301324417,512
70788,2301356520,512
70789,2301388585,512
70790,2301420629,512
70791,2301452829,512
70792,2301484943,512
70793,2301517098,512
70794,2301552347,512
70795,2301584495,512
70796,2301616534,512
70797,2301649691,512
70798,2301684004,512
70799,2301716122,512
70800,2301750696,512
70801,2301784144,512
70802,2301816523,512
70803,2301848668,512
70804,2301880761,512
70805,2301912854,512
70806,2301944989,512
70807,2301977173,512
70808,2302009281,512
70809,2302041417,512
70810,2302073461,512
70811,2302105654,512
70812,2302137770,512
70813,2302172466,512
70814,2302204474,512
70815,2302236484,512
70816,2302268676,512
70817,2302300768,512
70818,2302333090,512
70819,2302366343,512
70820,2302400355,512
70821,2302432794,512
70822,2302467504,512
70823,2302500980,512
70824,2302533317,512
70825,2302565478,512
70826,2302597618,512
70827,2302629658,512
70828,2302661753,512
70829,2302693817,512
70830,2302725878,512
70831,2302757928,512
70832,2302789994,512
70833,2302822060,512
70834,2302854210,512
70835,2302886309,512
70836,2302918368,512
70837,2302950384,512
70838,2302985320,512
70839,2303017702,512
70840,2303049801,512
70841,2303082871,512
70842,2303117433,512
70843,2303149453,512
70844,2303183732,512
70845,2303217445,512
70846,2303249948,512
70847,2303282045,512
70848,2303314144,512
70849,2303346332,512
70850,2303378440,512
70851,2303410455,512
70852,2303442537,512
70853,2303474620,512
70854,2303506692,512
70855,2303538826,512
70856,2303570912,512
70857,2303602993,512
70858,2303635136,512
70859,2303667232,512
70860,2303699402,512
70861,2303734038,512
70862,2303766148,512
70863,2303799506,512
70864,2303834057,512
70865,2303866152,512
70866,2303900729,512
70867,2303934300,512
70868,2303966313,512
70869,2303998442,512
70870,2304030733,512
70871,2304062815,512
70872,2304094855,512
70873,2304126999,512
70874,2304159030,512
70875,2304191233,512
70876,2304223278,512
70877,2304255279,512
70878,2304287377,512
70879,2304319568,512
70880,2304351655,512
70881,2304383708,512
70882,2304416497,512
70883,2304450836,512
70884,2304483292,512
70885,2304516367,512
70886,2304550758,512
70887,2304582769,512
70888,2304617435,512
70889,2304651272,512
70890,2304683412,512
70891,2304715467,512
70892,2304747520,512
70893,2304779618,512
70894,2304811672,512
70895,2304843814,512
70896,2304875852,512
70897,2304907882,512
70898,2304939907,512
70899,2304971925,512
70900,2305003938,512
70901,2305035986,512
70902,2305068001,512
70903,2305100063,512
70904,2305132524,512
70905,2305164633,512
70906,2305196710,512
70907,2305229529,512
70908,2305263451,512
70909,2305295587,512
70910,2305327820,512
70911,2305360032,512
70912,2305392250,512
70913,2305424377,512
70914,2305456438,512
70915,2305488558,512
70916,2305520691,512
70917,2305552737,512
70918,2305584767,512
70919,2305616877,512
70920,2305649051,512
70921,2305681055,512
70922,2305713143,512
70923,2305745599,512
70924,2305780115,512
70925,2305812582,512
70926,2305846228,512
70927,2305880224,512
70928,2305912621,512
70929,2305944712,512
70930,2305976732,512
70931,2306008873,512
70932,2306040898,512
70933,2306073076,512
70934,2306105146,512
70935,2306137307,512
70936,2306169404,512
70937,2306201559,512
70938,2306233618,512
70939,2306265803,512
70940,2306297824,512
70941,2306329930,512
70942,2306364956,512
70943,2306397086,512
70944,2306429256,512
70945,2306462346,512
70946,2306496831,512
70947,2306529475,512
70948,2306563425,512
70949,2306596926,512
70950,2306629368,512
70951,2306661493,512
70952,2306693586,512
70953,2306725669,512
70954,2306757666,512
70955,2306789694,512
70956,2306821705,512
70957,2306853761,512
70958,2306885843,512
70959,2306918008,512
70960,2306950092,512
70961,2306982288,512
70962,2307014416,512
70963,2307046425,512
70964,2307081354,512
70965,2307113641,512
70966,2307145827,512
70967,2307179078,512
70968,2307213417,512
70969,2307245514,512
70970,2307280192,512
70971,2307313510,512
70972,2307345654,512
70973,2307377755,512
70974,2307409998,512
70975,2307442125,512
70976,2307474217,512
70977,2307506371,512
70978,2307538408,512
70979,2307570572,512
70980,2307602745,512
70981,2307634920,512
70982,2307666959,512
70983,2307699030,512
70984,2307731176,512
70985,2307763232,512
70986,2307797981,512
70987,2307830098,512
70988,2307862556,512
70989,2307895438,512
70990,2307930035,512
70991,2307962116,512
70992,2307997011,512
70993,2308030231,512
70994,2308062234,512
70995,2308094445,512
70996,2308126859,512
70997,2308158933,512
70998,2308191079,512
70999,2308223213,512
71000,2308255246,512
71001,2308287278,512
71002,2308319401,512
71003,2308351586,512
71004,2308383623,512
71005,2308415771,512
71006,2308447789,512
71007,2308479928,512
71008,2308514730,512
71009,2308546859,512
71010,2308579215,512
71011,2308612422,512
71012,2308646547,512
71013,2308678588,512
71014,2308713429,512
71015,2308746956,512
71016,2308778977,512
71017,2308811265,512
71018,2308843449,512
71019,2308875654,512
71020,2308907730,512
71021,2308939857,512
71022,2308971941,512
71023,2309004040,512
71024,2309036127,512
71025,2309068233,512
71026,2309100342,512
71027,2309132395,512
71028,2309164560,512
71029,2309196655,512
71030,2309231597,512
71031,2309263671,512
71032,2309295871,512
71033,2309329208,512
71034,2309363187,512
71035,2309395649,512
71036,2309430250,512
71037,2309463407,512
71038,2309495655,512
71039,2309527899,512
71040,2309560194,512
71041,2309592278,512
71042,2309624398,512
71043,2309656504,512
71044,2309688596,512
71045,2309720712,512
71046,2309752816,512
71047,2309784829,512
71048,2309816950,512
71049,2309848960,512
71050,2309881143,512
71051,2309913271,512
71052,2309945289,512
71053,2309977455,512
71054,2310009469,512
71055,2310041537,512
71056,2310076170,512
71057,2310108343,512
71058,2310140660,512
71059,2310172715,512
71060,2310204752,512
71061,2310236833,512
71062,2310268929,512
71063,2310301065,512
71064,2310333243,512
71065,2310365428,512
71066,2310397437,512
71067,2310429491,512
71068,2310461621,512
71069,2310493623,512
71070,2310525794,512
71071,2310558371,512
71072,2310592789,512
71073,2310625234,512
71074,2310659162,512
71075,2310692802,512
71076,2310724826,512
71077,2310756850,512
71078,2310788988,512
71079,2310821383,512
71080,2310853417,512
71081,2310885516,512
71082,2310917618,512
71083,2310949730,512
71084,2310981744,512
71085,2311013893,512
71086,2311046069,512
71087,2311078120,512
71088,2311110183,512
71089,2311142321,512
71090,2311174490,512
71091,2311206632,512
71092,2311238690,512
71093,2311270762,512
71094,2311305417,512
71095,2311337423,512
71096,2311369710,512
71097,2311401900,512
71098,2311433919,512
71099,2311466172,512
71100,2311498256,512
71101,2311530272,512
71102,2311562322,512
71103,2311594518,512
71104,2311626654,512
71105,2311658666,512
71106,2311690891,512
71107,2311723018,512
71108,2311755059,512
71109,2311787389,512
71110,2311821606,512
71111,2311853898,512
71112,2311887873,512
71113,2311922132,512
71114,2311954666,512
71115,2311988064,512
71116,2312022230,512
71117,2312054298,512
71118,2312086389,512
71119,2312118803,512
71120,2312150885,512
71121,2312183049,512
71122,2312215125,512
71123,2312247276,512
71124,2312279294,512
71125,2312311446,512
71126,2312343571,512
71127,2312375759,512
71128,2312407835,512
71129,2312439922,512
71130,2312474556,512
71131,2312506976,512
71132,2312538996,512
71133,2312571261,512
71134,2312604802,512
71135,2312638673,512
71136,2312670858,512
71137,2312704843,512
71138,2312738976,512
71139,2312771311,512
71140,2312803392,512
71141,2312835457,512
71142,2312867624,512
71143,2312899712,512
71144,2312931888,512
71145,2312964027,512
71146,2312996120,512
71147,2313028169,512
71148,2313060331,512
71149,2313092437,512
71150,2313124582,512
71151,2313159300,512
71152,2313191780,512
71153,2313223885,512
71154,2313255900,512
71155,2313287993,512
71156,2313321647,512
71157,2313355438,512
71158,2313387482,512
71159,2313421318,512
71160,2313455594,512
71161,2313487592,512
71162,2313519722,512
71163,2313551963,512
71164,2313584308,512
71165,2313616489,512
71166,2313648521,512
71167,2313680638,512
71168,2313712744,512
71169,2313744782,512
71170,2313776891,512
71171,2313808988,512
71172,2313840989,512
71173,2313873150,512
71174,2313905218,512
71175,2313937542,512
71176,2313972291,512
71177,2314004666,512
71178,2314038216,512
71179,2314072087,512
71180,2314104087,512
71181,2314138089,512
71182,2314172177,512
71183,2314204289,512
71184,2314236626,512
71185,2314268875,512
71186,2314300937,512
71187,2314332990,512
71188,2314365101,512
71189,2314397107,512
71190,2314429260,512
71191,2314461469,512
71192,2314493477,512
71193,2314525617,512
71194,2314557778,512
71195,2314589859,512
71196,2314621879,512
71197,2314654122,512
71198,2314688681,512
71199,2314721030,512
71200,2314755228,512
71201,2314788856,512
71202,2314820963,512
71203,2314853334,512
71204,2314885487,512
71205,2314917550,512
71206,2314949711,512
71207,2314981893,512
71208,2315014051,512
71209,2315046252,512
71210,2315078265,512
71211,2315110370,512
71212,2315142512,512
71213,2315174573,512
71214,2315206580,512
71215,2315238654,512
71216,2315273329,512
71217,2315305734,512
71218,2315337918,512
71219,2315371000,512
71220,2315405364,512
71221,2315437536,512
71222,2315471837,512
71223,2315505610,512
71224,2315537642,512
71225,2315569647,512
71226,2315601665,512
71227,2315634157,512
71228,2315666233,512
71229,2315698231,512
71230,2315730345,512
71231,2315762512,512
71232,2315794514,512
71233,2315826690,512
71234,2315858820,512
71235,2315890975,512
71236,2315922986,512
71237,2315955117,512
71238,2315987170,512
71239,2316019229,512
71240,2316051256,512
71241,2316084064,512
71242,2316118168,512
71243,2316150275,512
71244,2316182280,512
71245,2316214722,512
71246,2316246806,512
71247,2316278982,512
71248,2316311087,512
71249,2316343128,512
71250,2316375252,512
71251,2316407458,512
71252,2316439571,512
71253,2316471763,512
71254,2316503854,512
71255,2316535879,512
71256,2316570498,512
71257,2316603151,512
71258,2316635251,512
71259,2316667357,512
71260,2316700304,512
71261,2316734815,512
71262,2316766907,512
71263,2316800694,512
71264,2316834905,512
71265,2316867372,512
71266,2316899448,512
71267,2316931521,512
71268,2316963677,512
71269,2316995854,512
71270,2317028039,512
71271,2317060151,512
71272,2317092210,512
71273,2317124229,512
71274,2317156383,512
71275,2317188411,512
71276,2317220414,512
71277,2317252520,512
71278,2317284637,512
71279,2317317177,512
71280,2317351391,512
71281,2317383410,512
71282,2317417466,512
71283,2317451450,512
71284,2317483590,512
71285,2317517321,512
71286,2317551602,512
71287,2317583908,512
71288,2317616079,512
71289,2317648160,512
71290,2317680251,512
71291,2317712364,512
71292,2317744371,512
71293,2317776501,512
71294,2317808528,512
71295,2317840606,512
71296,2317872755,512
71297,2317904880,512
71298,2317936934,512
71299,2317968972,512
71300,2318001090,512
71301,2318033579,512
71302,2318068168,512
71303,2318100168,512
71304,2318134179,512
71305,2318168244,512
71306,2318200703,512
71307,2318234266,512
71308,2318268304,512
71309,2318300632,512
71310,2318332864,512
71311,2318365007,512
71312,2318397145,512
71313,2318429235,512
71314,2318461410,512
71315,2318493481,512
71316,2318525569,512
71317,2318557684,512
71318,2318589833,512
71319,2318621962,512
71320,2318653967,512
71321,2318686026,512
71322,2318720664,512
71323,2318753345,512
71324,2318785514,512
71325,2318817719,512
71326,2318851000,512
71327,2318884841,512
71328,2318917006,512
71329,2318950790,512
71330,2318984878,512
71331,2319017045,512
71332,2319049183,512
71333,2319081461,512
71334,2319113703,512
71335,2319145826,512
71336,2319177995,512
71337,2319210109,512
71338,2319242222,512
71339,2319274256,512
71340,2319306431,512
71341,2319338546,512
71342,2319370676,512
71343,2319402734,512
71344,2319434742,512
71345,2319467016,512
71346,2319501656,512
71347,2319533928,512
71348,2319567821,512
71349,2319601534,512
71350,2319633549,512
71351,2319667526,512
71352,2319701707,512
71353,2319733756,512
71354,2319765885,512
71355,2319798332,512
71356,2319830508,512
71357,2319862521,512
71358,2319894566,512
71359,2319926753,512
71360,2319958942,512
71361,2319991118,512
71362,2320023131,512
71363,2320055232,512
71364,2320087247,512
71365,2320119384,512
71366,2320151469,512
71367,2320183781,512
71368,2320217951,512
71369,2320250107,512
71370,2320284873,512
71371,2320318143,512
71372,2320350639,512
71373,2320382799,512
71374,2320414914,512
71375,2320446972,512
71376,2320479169,512
71377,2320511328,512
71378,2320543437,512
71379,2320575493,512
71380,2320607653,512
71381,2320639811,512
71382,2320671958,512
71383,2320704000,512
71384,2320736017,512
71385,2320768046,512
71386,2320800097,512
71387,2320832088,512
71388,2320864166,512
71389,2320896851,512
71390,2320930955,512
71391,2320963261,512
71392,2320995541,512
71393,2321027670,512
71394,2321059870,512
71395,2321092002,512
71396,2321124008,512
71397,2321156097,512
71398,2321188103,512
71399,2321220256,512
71400,2321252277,512
71401,2321284306,512
71402,2321316384,512
71403,2321348585,512
71404,2321380654,512
71405,2321412906,512
71406,2321447341,512
71407,2321479453,512
71408,2321513386,512
71409,2321547394,512
71410,2321579553,512
71411,2321613539,512
71412,2321647483,512
71413,2321679586,512
71414,2321711781,512
71415,2321744106,512
71416,2321776128,512
71417,2321808164,512
71418,2321840458,512
71419,2321872581,512
71420,2321904627,512
71421,2321936627,512
71422,2321968680,512
71423,2322000719,512
71424,2322032840,512
71425,2322064964,512
71426,2322097162,512
71427,2322129624,512
71428,2322164037,512
71429,2322196168,512
71430,2322230211,512
71431,2322264149,512
71432,2322296247,512
71433,2322330410,512
71434,2322364296,512
71435,2322396686,512
71436,2322428797,512
71437,2322460947,512
71438,2322493041,512
71439,2322525236,512
71440,2322557256,512
71441,2322589421,512
71442,2322621545,512
71443,2322653593,512
71444,2322685678,512
71445,2322717783,512
71446,2322749980,512
71447,2322784615,512
71448,2322816651,512
71449,2322849544,512
71450,2322881655,512
71451,2322913683,512
71452,2322946966,512
71453,2322980811,512
71454,2323012922,512
71455,2323046969,512
71456,2323081038,512
71457,2323113275,512
71458,2323145515,512
71459,2323177540,512
71460,2323209576,512
71461,2323241610,512
71462,2323273761,512
71463,2323305870,512
71464,2323337952,512
71465,2323369989,512
71466,2323402087,512
71467,2323434115,512
71468,2323466115,512
71469,2323498284,512
71470,2323530319,512
71471,2323563050,512
71472,2323597132,512
71473,2323629450,512
71474,2323663765,512
71475,2323697602,512
71476,2323729606,512
71477,2323762114,512
71478,2323794286,512
71479,2323826474,512
71480,2323858506,512
71481,2323890676,512
71482,2323922829,512
71483,2323954911,512
71484,2323986970,512
71485,2324019129,512
71486,2324051217,512
71487,2324083234,512
71488,2324115309,512
71489,2324149947,512
71490,2324181971,512
71491,2324214046,512
71492,2324246174,512
71493,2324279818,512
71494,2324313935,512
71495,2324346127,512
71496,2324380636,512
71497,2324414341,512
71498,2324446374,512
71499,2324478685,512
71500,2324510820,512
71501,2324542916,512
71502,2324575403,512
71503,2324607473,512
71504,2324639672,512
71505,2324671759,512
71506,2324703811,512
71507,2324738513,512
71508,2324770705,512
71509,2324802775,512
71510,2324835069,512
71511,2324867090,512
71512,2324899118,512
71513,2324931210,512
71514,2324963582,512
71515,2324996609,512
71516,2325030956,512
71517,2325063153,512
71518,2325097364,512
71519,2325131103,512
71520,2325163447,512
71521,2325195672,512
71522,2325227763,512
71523,2325259787,512
71524,2325291935,512
71525,2325323976,512
71526,2325356056,512
71527,2325388064,512
71528,2325420179,512
71529,2325452279,512
71530,2325484342,512
71531,2325516534,512
71532,2325548697,512
71533,2325583558,512
71534,2325615913,512
71535,2325647972,512
71536,2325680043,512
71537,2325713007,512
71538,2325747539,512
71539,2325779985,512
71540,2325813933,512
71541,2325847713,512
71542,2325879787,512
71543,2325911841,512
71544,2325943857,512
71545,2325975883,512
71546,2326008177,512
71547,2326040322,512
71548,2326072466,512
71549,2326104571,512
71550,2326136576,512
71551,2326168714,512
71552,2326200803,512
71553,2326232811,512
71554,2326264840,512
71555,2326296998,512
71556,2326329547,512
71557,2326364163,512
71558,2326396614,512
71559,2326429804,512
71560,2326464301,512
71561,2326496372,512
71562,2326530392,512
71563,2326564367,512
71564,2326596839,512
71565,2326628880,512
71566,2326660955,512
71567,2326693126,512
71568,2326725195,512
71569,2326757274,512
71570,2326789413,512
71571,2326821418,512
71572,2326853550,512
71573,2326885763,512
71574,2326917897,512
71575,2326950094,512
71576,2326984820,512
71577,2327017225,512
71578,2327049322,512
71579,2327081321,512
71580,2327113584,512
71581,2327146299,512
71582,2327180948,512
71583,2327213022,512
71584,2327247644,512
71585,2327280996,512
71586,2327313136,512
71587,2327345175,512
71588,2327377178,512
71589,2327409234,512
71590,2327441718,512
71591,2327474093,512
71592,2327506256,512
71593,2327538313,512
71594,2327570346,512
71595,2327602544,512
71596,2327634727,512
71597,2327669465,512
71598,2327701484,512
71599,2327733843,512
71600,2327766224,512
71601,2327798299,512
71602,2327830489,512
71603,2327862530,512
71604,2327894535,512
71605,2327926584,512
71606,2327958692,512
71607,2327990759,512
71608,2328022759,512
71609,2328054761,512
71610,2328086950,512
71611,2328119071,512
71612,2328151083,512
71613,2328183256,512
71614,2328215307,512
71615,2328249943,512
71616,2328282022,512
71617,2328314030,512
71618,2328346124,512
71619,2328378849,512
71620,2328411054,512
71621,2328443060,512
71622,2328476540,512
71623,2328510209,512
71624,2328542249,512
71625,2328576444,512
71626,2328610353,512
71627,2328642833,512
71628,2328675184,512
71629,2328707377,512
71630,2328739456,512
71631,2328771571,512
71632,2328803747,512
71633,2328835909,512
71634,2328870615,512
71635,2328902741,512
71636,2328935128,512
71637,2328967252,512
71638,2328999404,512
71639,2329031437,512
71640,2329063520,512
71641,2329095750,512
71642,2329127787,512
71643,2329159947,512
71644,2329193402,512
71645,2329227251,512
71646,2329259441,512
71647,2329291489,512
71648,2329323561,512
71649,2329355617,512
71650,2329387817,512
71651,2329419850,512
71652,2329451982,512
71653,2329484015,512
71654,2329516159,512
71655,2329548268,512
71656,2329580354,512
71657,2329612544,512
71658,2329644570,512
71659,2329676700,512
71660,2329708807,512
71661,2329740809,512
71662,2329772860,512
71663,2329805475,512
71664,2329839676,512
71665,2329871681,512
71666,2329903758,512
71667,2329935939,512
71668,2329968068,512
71669,2330000150,512
71670,2330032162,512
71671,2330064378,512
71672,2330096567,512
71673,2330128708,512
71674,2330160836,512
71675,2330192893,512
71676,2330225008,512
71677,2330257194,512
71678,2330289270,512
71679,2330321693,512
71680,2330355766,512
71681,2330388189,512
71682,2330422193,512
71683,2330455877,512
71684,2330488303,512
71685,2330522334,512
71686,2330556246,512
71687,2330588286,512
71688,2330620564,512
71689,2330652786,512
71690,2330684864,512
71691,2330716894,512
71692,2330748979,512
71693,2330781023,512
71694,2330813213,512
71695,2330845368,512
71696,2330877635,512
71697,2330909638,512
71698,2330941773,512
71699,2330973866,512
71700,2331005997,512
71701,2331038409,512
71702,2331072504,512
71703,2331104782,512
71704,2331138857,512
71705,2331173022,512
71706,2331205399,512
71707,2331239055,512
71708,2331273028,512
71709,2331305384,512
71710,2331337556,512
71711,2331369571,512
71712,2331401685,512
71713,2331433824,512
71714,2331465968,512
71715,2331498114,512
71716,2331530311,512
71717,2331562395,512
71718,2331594528,512
71719,2331626534,512
71720,2331658546,512
71721,2331690567,512
71722,2331722750,512
71723,2331755056,512
71724,2331789220,512
71725,2331821570,512
71726,2331856077,512
71727,2331889223,512
71728,2331921574,512
71729,2331953729,512
71730,2331986101,512
71731,2332018101,512
71732,2332050236,512
71733,2332082315,512
71734,2332114377,512
71735,2332146419,512
71736,2332178484,512
71737,2332210528,512
71738,2332242658,512
71739,2332274826,512
71740,2332307015,512
71741,2332339137,512
71742,2332371288,512
71743,2332403346,512
71744,2332435454,512
71745,2332468227,512
71746,2332502278,512
71747,2332534710,512
71748,2332566813,512
71749,2332598846,512
71750,2332630854,512
71751,2332663047,512
71752,2332695233,512
71753,2332727249,512
71754,2332759394,512
71755,2332791455,512
71756,2332823615,512
71757,2332855772,512
71758,2332887929,512
71759,2332919970,512
71760,2332954618,512
71761,2332986764,512
71762,2333018917,512
71763,2333051312,512
71764,2333084901,512
71765,2333118459,512
71766,2333150891,512
71767,2333184744,512
71768,2333218853,512
71769,2333250915,512
71770,2333283196,512
71771,2333315347,512
71772,2333347542,512
71773,2333379637,512
71774,2333411752,512
71775,2333443883,512
71776,2333475999,512
71777,2333508003,512
71778,2333540222,512
71779,2333572317,512
71780,2333604395,512
71781,2333636429,512
71782,2333668433,512
71783,2333700765,512
71784,2333735087,512
71785,2333767513,512
71786,2333801366,512
71787,2333835486,512
71788,2333867520,512
71789,2333901536,512
71790,2333935548,512
71791,2333967750,512
71792,2333999888,512
71793,2334032184,512
71794,2334064312,512
71795,2334096464,512
71796,2334128500,512
71797,2334160637,512
71798,2334192765,512
71799,2334224958,512
71800,2334257073,512
71801,2334289261,512
71802,2334323906,512
71803,2334355984,512
71804,2334388245,512
71805,2334420422,512
71806,2334452427,512
71807,2334484613,512
71808,2334518109,512
71809,2334552409,512
71810,2334584667,512
71811,2334618225,512
71812,2334652737,512
71813,2334684829,512
71814,2334717003,512
71815,2334749138,512
71816,2334781269,512
71817,2334813438,512
71818,2334845493,512
71819,2334877678,512
71820,2334909775,512
71821,2334941907,512
71822,2334973983,512
71823,2335008610,512
71824,2335040997,512
71825,2335073108,512
71826,2335105177,512
71827,2335137362,512
71828,2335169472,512
71829,2335201481,512
71830,2335234966,512
71831,2335268922,512
71832,2335301030,512
71833,2335334912,512
71834,2335369018,512
71835,2335401055,512
71836,2335433188,512
71837,2335465567,512
71838,2335497711,512
71839,2335529869,512
71840,2335561900,512
71841,2335593910,512
71842,2335626188,512
71843,2335658292,512
71844,2335690428,512
71845,2335722456,512
71846,2335754558,512
71847,2335786634,512
71848,2335818775,512
71849,2335850921,512
71850,2335885562,512
71851,2335917928,512
71852,2335951166,512
71853,2335985589,512
71854,2336017657,512
71855,2336051265,512
71856,2336085782,512
71857,2336117942,512
71858,2336149955,512
71859,2336182028,512
71860,2336214248,512
71861,2336246380,512
71862,2336278516,512
71863,2336310652,512
71864,2336342779,512
71865,2336374900,512
71866,2336406908,512
71867,2336438975,512
71868,2336471123,512
71869,2336503316,512
71870,2336535478,512
71871,2336567867,512
71872,2336602083,512
71873,2336634279,512
71874,2336668390,512
71875,2336701939,512
71876,2336734294,512
71877,2336768322,512
71878,2336802469,512
71879,2336834546,512
71880,2336866647,512
71881,2336898797,512
71882,2336930922,512
71883,2336963037,512
71884,2336995209,512
71885,2337027391,512
71886,2337059437,512
71887,2337091466,512
71888,2337123476,512
71889,2337155531,512
71890,2337187654,512
71891,2337219768,512
71892,2337251819,512
71893,2337284653,512
71894,2337318713,512
71895,2337350982,512
71896,2337385450,512
71897,2337419123,512
71898,2337451474,512
71899,2337484989,512
71900,2337519034,512
71901,2337551185,512
71902,2337583290,512
71903,2337615517,512
71904,2337647828,512
71905,2337679946,512
71906,2337712033,512
71907,2337744052,512
71908,2337776071,512
71909,2337808081,512
71910,2337840262,512
71911,2337872405,512
71912,2337904409,512
71913,2337936471,512
71914,2337968512,512
71915,2338001162,512
71916,2338035712,512
71917,2338067986,512
71918,2338101967,512
71919,2338135712,512
71920,2338167838,512
71921,2338200017,512
71922,2338232367,512
71923,2338264449,512
71924,2338296535,512
71925,2338328567,512
71926,2338360582,512
71927,2338392742,512
71928,2338424759,512
71929,2338456872,512
71930,2338488892,512
71931,2338521025,512
71932,2338553149,512
71933,2338585252,512
71934,2338617423,512
71935,2338649506,512
71936,2338681596,512
71937,2338714316,512
71938,2338748405,512
71939,2338780699,512
71940,2338812977,512
71941,2338845076,512
71942,2338877170,512
71943,2338909194,512
71944,2338941330,512
71945,2338973502,512
71946,2339005616,512
71947,2339037640,512
71948,2339069819,512
71949,2339101818,512
71950,2339133836,512
71951,2339165920,512
71952,2339198061,512
71953,2339232986,512
71954,2339265400,512
71955,2339297476,512
71956,2339330875,512
71957,2339364851,512
71958,2339397056,512
71959,2339430925,512
71960,2339465091,512
71961,2339497168,512
71962,2339529512,512
71963,2339561591,512
71964,2339593737,512
71965,2339625824,512
71966,2339657995,512
71967,2339690164,512
71968,2339722271,512
71969,2339754358,512
71970,2339786552,512
71971,2339818633,512
71972,2339850771,512
71973,2339885023,512
71974,2339917418,512
71975,2339949709,512
71976,2339981825,512
71977,2340014231,512
71978,2340047671,512
71979,2340081410,512
71980,2340113692,512
71981,2340145729,512
71982,2340178125,512
71983,2340210350,512
71984,2340242409,512
71985,2340274448,512
71986,2340306459,512
71987,2340338638,512
71988,2340370833,512
71989,2340402900,512
71990,2340434919,512
71991,2340467016,512
71992,2340499209,512
71993,2340531231,512
71994,2340563360,512
71995,2340595395,512
71996,2340627441,512
71997,2340660214,512
71998,2340694338,512
71999,2340726548,512
72000,2340758869,512
72001,2340791013,512
72002,2340823010,512
72003,2340855191,512
72004,2340887286,512
72005,2340919308,512
72006,2340951484,512
72007,2340983522,512
72008,2341015655,512
72009,2341047784,512
72010,2341079931,512
72011,2341114612,512
72012,2341146730,512
72013,2341179042,512
72014,2341211108,512
72015,2341243317,512
72016,2341276512,512
72017,2341310833,512
72018,2341342965,512
72019,2341376989,512
72020,2341411042,512
72021,2341443367,512
72022,2341475520,512
72023,2341507580,512
72024,2341539708,512
72025,2341571765,512
72026,2341603903,512
72027,2341636051,512
72028,2341668221,512
72029,2341700295,512
72030,2341732381,512
72031,2341764512,512
72032,2341799230,512
72033,2341831252,512
72034,2341863316,512
72035,2341895811,512
72036,2341927956,512
72037,2341960142,512
72038,2341993226,512
72039,2342027223,512
72040,2342059548,512
72041,2342093523,512
72042,2342127658,512
72043,2342160000,512
72044,2342192221,512
72045,2342224298,512
72046,2342256725,512
72047,2342288859,512
72048,2342320877,512
72049,2342352883,512
72050,2342384886,512
72051,2342416926,512
72052,2342449118,512
72053,2342481294,512
72054,2342515989,512
72055,2342548486,512
72056,2342580496,512
72057,2342612851,512
72058,2342644855,512
72059,2342676991,512
72060,2342709037,512
72061,2342741068,512
72062,2342773117,512
72063,2342805268,512
72064,2342837277,512
72065,2342869458,512
72066,2342901658,512
72067,2342936386,512
72068,2342968439,512
72069,2343000893,512
72070,2343032958,512
72071,2343065055,512
72072,2343097217,512
72073,2343129281,512
72074,2343161432,512
72075,2343193465,512
72076,2343225562,512
72077,2343257618,512
72078,2343289766,512
72079,2343322838,512
72080,2343356849,512
72081,2343389001,512
72082,2343421249,512
72083,2343453318,512
72084,2343485472,512
72085,2343517651,512
72086,2343549826,512
72087,2343581983,512
72088,2343614003,512
72089,2343646158,512
72090,2343678159,512
72091,2343710213,512
72092,2343742256,512
72093,2343774395,512
72094,2343806529,512
72095,2343841309,512
72096,2343873691,512
72097,2343905719,512
72098,2343938826,512
72099,2343973071,512
72100,2344005351,512
72101,2344037442,512
72102,2344069518,512
72103,2344101662,512
72104,2344134089,512
72105,2344166125,512
72106,2344198250,512
72107,2344230313,512
72108,2344262365,512
72109,2344294367,512
72110,2344326490,512
72111,2344358622,512
72112,2344390690,512
72113,2344422833,512
72114,2344454870,512
72115,2344487033,512
72116,2344519193,512
72117,2344552712,512
72118,2344586107,512
72119,2344618135,512
72120,2344650151,512
72121,2344682345,512
72122,2344714610,512
72123,2344746629,512
72124,2344778759,512
72125,2344810935,512
72126,2344843127,512
72127,2344875157,512
72128,2344907293,512
72129,2344939345,512
72130,2344971346,512
72131,2345003512,512
72132,2345035618,512
72133,2345068110,512
72134,2345102665,512
72135,2345134962,512
72136,2345167716,512
72137,2345199877,512
72138,2345231982,512
72139,2345264053,512
72140,2345299347,512
72141,2345331490,512
72142,2345363536,512
72143,2345395652,512
72144,2345427877,512
72145,2345460065,512
72146,2345492071,512
72147,2345524109,512
72148,2345556269,512
72149,2345588376,512
72150,2345622692,512
72151,2345655177,512
72152,2345687606,512
72153,2345719634,512
72154,2345751791,512
72155,2345784822,512
72156,2345818809,512
72157,2345851193,512
72158,2345884337,512
72159,2345916487,512
72160,2345948653,512
72161,2345980654,512
72162,2346012736,512
72163,2346044778,512
72164,2346076800,512
72165,2346108842,512
72166,2346144195,512
72167,2346176250,512
72168,2346208435,512
72169,2346240468,512
72170,2346272550,512
72171,2346304693,512
72172,2346336853,512
72173,2346368964,512
72174,2346401117,512
72175,2346435606,512
72176,2346468125,512
72177,2346501781,512
72178,2346535995,512
72179,2346568054,512
72180,2346602081,512
72181,2346635684,512
72182,2346668240,512
72183,2346702054,512
72184,2346736286,512
72185,2346768628,512
72186,2346800775,512
72187,2346832914,512
72188,2346864976,512
72189,2346897178,512
72190,2346929213,512
72191,2346961246,512
72192,2346993275,512
72193,2347025458,512
72194,2347057575,512
72195,2347089768,512
72196,2347121911,512
72197,2347156927,512
72198,2347189073,512
72199,2347221107,512
72200,2347253285,512
72201,2347285376,512
72202,2347317768,512
72203,2347349917,512
72204,2347382028,512
72205,2347414102,512
72206,2347446234,512
72207,2347480906,512
72208,2347512997,512
72209,2347545281,512
72210,2347577456,512
72211,2347609486,512
72212,2347641616,512
72213,2347673618,512
72214,2347705645,512
72215,2347737758,512
72216,2347769847,512
72217,2347801858,512
72218,2347833944,512
72219,2347866068,512
72220,2347898267,512
72221,2347931926,512
72222,2347965357,512
72223,2347997832,512
72224,2348029870,512
72225,2348062122,512
72226,2348094313,512
72227,2348126512,512
72228,2348158654,512
72229,2348190733,512
72230,2348222833,512
72231,2348254846,512
72232,2348286915,512
72233,2348318917,512
72234,2348350971,512
72235,2348382992,512
72236,2348415183,512
72237,2348447299,512
72238,2348481815,512
72239,2348513968,512
72240,2348546602,512
72241,2348578792,512
72242,2348610961,512
72243,2348643099,512
72244,2348675265,512
72245,2348707446,512
72246,2348739455,512
72247,2348771461,512
72248,2348806500,512
72249,2348838598,512
72250,2348870712,512
72251,2348902833,512
72252,2348935030,512
72253,2348967116,512
72254,2348999217,512
72255,2349031412,512
72256,2349063513,512
72257,2349095680,512
72258,2349127758,512
72259,2349161067,512
72260,2349194537,512
72261,2349227009,512
72262,2349259262,512
72263,2349291269,512
72264,2349323367,512
72265,2349355458,512
72266,2349387518,512
72267,2349419528,512
72268,2349451602,512
72269,2349483700,512
72270,2349515872,512
72271,2349548023,512
72272,2349580186,512
72273,2349612324,512
72274,2349647001,512
72275,2349679082,512
72276,2349711280,512
72277,2349743489,512
72278,2349776713,512
72279,2349811113,512
72280,2349843123,512
72281,2349877706,512
72282,2349911324,512
72283,2349943357,512
72284,2349975482,512
72285,2350007796,512
72286,2350039885,512
72287,2350071920,512
72288,2350103969,512
72289,2350136030,512
72290,2350168302,512
72291,2350200455,512
72292,2350232605,512
72293,2350264617,512
72294,2350296683,512
72295,2350328805,512
72296,2350360894,512
72297,2350392928,512
72298,2350425046,512
72299,2350457163,512
72300,2350492908,512
72301,2350525093,512
72302,2350557284,512
72303,2350594500,512
72304,2350627914,512
72305,2350660103,512
72306,2350692268,512
72307,2350724419,512
72308,2350756656,512
72309,2350788853,512
72310,2350820933,512
72311,2350853079,512
72312,2350885169,512
72313,2350917259,512
72314,2350949320,512
72315,2350981499,512
72316,2351013694,512
72317,2351048303,512
72318,2351080384,512
72319,2351112787,512
72320,2351145001,512
72321,2351177127,512
72322,2351209351,512
72323,2351241547,512
72324,2351273693,512
72325,2351305754,512
72326,2351337837,512
72327,2351369917,512
72328,2351402118,512
72329,2351436824,512
72330,2351468843,512
72331,2351501283,512
72332,2351533397,512
72333,2351565429,512
72334,2351597432,512
72335,2351629482,512
72336,2351661673,512
72337,2351693696,512
72338,2351725802,512
72339,2351757985,512
72340,2351790089,512
72341,2351823040,512
72342,2351857152,512
72343,2351889212,512
72344,2351921277,512
72345,2351953738,512
72346,2351985806,512
72347,2352017885,512
72348,2352050082,512
72349,2352082110,512
72350,2352114106,512
72351,2352146238,512
72352,2352178266,512
72353,2352210270,512
72354,2352242423,512
72355,2352274512,512
72356,2352306549,512
72357,2352338778,512
72358,2352370773,512
72359,2352402883,512
72360,2352435815,512
72361,2352469807,512
72362,2352501927,512
72363,2352533979,512
72364,2352566255,512
72365,2352598364,512
72366,2352630503,512
72367,2352662513,512
72368,2352694548,512
72369,2352726751,512
72370,2352758939,512
72371,2352790981,512
72372,2352823052,512
72373,2352855252,512
72374,2352887257,512
72375,2352919414,512
72376,2352951534,512
72377,2352983638,512
72378,2353018249,512
72379,2353052918,512
72380,2353086719,512
72381,2353118744,512
72382,2353152021,512
72383,2353186341,512
72384,2353218471,512
72385,2353250798,512
72386,2353282905,512
72387,2353315077,512
72388,2353347270,512
72389,2353379314,512
72390,2353411513,512
72391,2353443550,512
72392,2353475739,512
72393,2353507809,512
72394,2353539893,512
72395,2353571994,512
72396,2353604069,512
72397,2353636140,512
72398,2353668634,512
72399,2353702808,512
72400,2353735021,512
72401,2353769101,512
72402,2353802902,512
72403,2353835152,512
72404,2353867469,512
72405,2353899702,512
72406,2353931761,512
72407,2353963821,512
72408,2353995832,512
72409,2354027957,512
72410,2354060138,512
72411,2354092334,512
72412,2354124455,512
72413,2354156455,512
72414,2354188651,512
72415,2354220811,512
72416,2354255511,512
72417,2354287664,512
72418,2354320029,512
72419,2354352251,512
72420,2354385357,512
72421,2354419729,512
72422,2354452085,512
72423,2354486309,512
72424,2354519919,512
72425,2354552315,512
72426,2354585867,512
72427,2354619834,512
72428,2354651924,512
72429,2354684248,512
72430,2354716295,512
72431,2354748449,512
72432,2354780770,512
72433,2354812927,512
72434,2354844948,512
72435,2354877079,512
72436,2354909272,512
72437,2354941383,512
72438,2354973512,512
72439,2355005602,512
72440,2355040038,512
72441,2355072253,512
72442,2355105098,512
72443,2355137141,512
72444,2355169262,512
72445,2355202466,512
72446,2355236169,512
72447,2355268514,512
72448,2355301014,512
72449,2355333049,512
72450,2355365150,512
72451,2355397169,512
72452,2355429275,512
72453,2355461464,512
72454,2355493542,512
72455,2355525695,512
72456,2355557744,512
72457,2355589893,512
72458,2355621917,512
72459,2355653973,512
72460,2355686020,512
72461,2355718240,512
72462,2355750277,512
72463,2355782362,512
72464,2355815233,512
72465,2355849071,512
72466,2355881188,512
72467,2355913479,512
72468,2355945687,512
72469,2355977854,512
72470,2356009990,512
72471,2356042009,512
72472,2356074223,512
72473,2356106314,512
72474,2356138436,512
72475,2356170494,512
72476,2356202602,512
72477,2356234655,512
72478,2356266682,512
72479,2356298684,512
72480,2356330863,512
72481,2356363001,512
72482,2356397624,512
72483,2356431093,512
72484,2356465499,512
72485,2356497834,512
72486,2356531744,512
72487,2356565894,512
72488,2356597960,512
72489,2356629966,512
72490,2356661986,512
72491,2356694382,512
72492,2356726521,512
72493,2356758628,512
72494,2356790628,512
72495,2356822792,512
72496,2356854920,512
72497,2356886915,512
72498,2356919103,512
72499,2356951102,512
72500,2356983232,512
72501,2357015284,512
72502,2357047811,512
72503,2357081972,512
72504,2357114424,512
72505,2357148036,512
72506,2357182413,512
72507,2357214489,512
72508,2357248492,512
72509,2357282434,512
72510,2357314621,512
72511,2357346836,512
72512,2357379105,512
72513,2357411183,512
72514,2357443281,512
72515,2357475470,512
72516,2357507607,512
72517,2357539777,512
72518,2357571976,512
72519,2357604021,512
72520,2357636054,512
72521,2357668246,512
72522,2357700310,512
72523,2357734970,512
72524,2357767741,512
72525,2357799935,512
72526,2357831967,512
72527,2357865138,512
72528,2357899343,512
72529,2357931605,512
72530,2357965183,512
72531,2357999209,512
72532,2358031258,512
72533,2358063533,512
72534,2358095674,512
72535,2358127874,512
72536,2358159891,512
72537,2358192067,512
72538,2358224230,512
72539,2358256243,512
72540,2358288344,512
72541,2358320355,512
72542,2358352383,512
72543,2358384455,512
72544,2358416617,512
72545,2358448646,512
72546,2358481187,512
72547,2358516094,512
72548,2358548306,512
72549,2358581815,512
72550,2358615811,512
72551,2358648299,512
72552,2358681891,512
72553,2358716161,512
72554,2358748376,512
72555,2358780661,512
72556,2358812729,512
72557,2358844734,512
72558,2358876820,512
72559,2358908876,512
72560,2358940939,512
72561,2358973103,512
72562,2359005103,512
72563,2359037284,512
72564,2359069298,512
72565,2359101368,512
72566,2359133482,512
72567,2359165513,512
72568,2359197585,512
72569,2359229616,512
72570,2359261730,512
72571,2359293781,512
72572,2359325793,512
72573,2359357872,512
72574,2359393099,512
72575,2359425266,512
72576,2359457381,512
72577,2359489575,512
72578,2359521607,512
72579,2359553702,512
72580,2359585694,512
72581,2359617877,512
72582,2359649958,512
72583,2359681990,512
72584,2359714086,512
72585,2359746232,512
72586,2359778280,512
72587,2359810783,512
72588,2359845101,512
72589,2359877251,512
72590,2359911068,512
72591,2359945095,512
72592,2359977242,512
72593,2360009282,512
72594,2360041719,512
72595,2360073866,512
72596,2360106030,512
72597,2360138175,512
72598,2360170356,512
72599,2360202394,512
72600,2360234570,512
72601,2360266731,512
72602,2360298768,512
72603,2360330804,512
72604,2360362860,512
72605,2360397565,512
72606,2360430458,512
72607,2360462638,512
72608,2360494788,512
72609,2360528147,512
72610,2360561358,512
72611,2360593367,512
72612,2360627748,512
72613,2360661927,512
72614,2360693976,512
72615,2360726070,512
72616,2360758363,512
72617,2360790492,512
72618,2360822536,512
72619,2360854694,512
72620,2360886890,512
72621,2360918968,512
72622,2360951123,512
72623,2360983320,512
72624,2361015455,512
72625,2361050145,512
72626,2361082285,512
72627,2361114359,512
72628,2361146729,512
72629,2361178744,512
72630,2361210942,512
72631,2361244325,512
72632,2361278493,512
72633,2361310522,512
72634,2361344497,512
72635,2361378477,512
72636,2361410545,512
72637,2361442958,512
72638,2361475044,512
72639,2361507119,512
72640,2361539256,512
72641,2361571423,512
72642,2361603519,512
72643,2361635572,512
72644,2361667720,512
72645,2361699893,512
72646,2361732040,512
72647,2361764209,512
72648,2361796250,512
72649,2361830971,512
72650,2361863410,512
72651,2361895444,512
72652,2361927585,512
72653,2361961012,512
72654,2361995374,512
72655,2362027603,512
72656,2362061226,512
72657,2362095312,512
72658,2362127319,512
72659,2362159513,512
72660,2362191853,512
72661,2362223897,512
72662,2362255903,512
72663,2362288079,512
72664,2362320238,512
72665,2362352396,512
72666,2362384470,512
72667,2362416584,512
72668,2362448647,512
72669,2362480700,512
72670,2362512768,512
72671,2362544966,512
72672,2362577260,512
72673,2362611395,512
72674,2362643902,512
72675,2362677963,512
72676,2362711618,512
72677,2362743969,512
72678,2362776002,512
72679,2362808038,512
72680,2362840067,512
72681,2362872388,512
72682,2362904584,512
72683,2362936770,512
72684,2362970009,512
72685,2363004033,512
72686,2363036175,512
72687,2363068288,512
72688,2363100355,512
72689,2363132591,512
72690,2363164676,512
72691,2363197084,512
72692,2363229157,512
72693,2363261236,512
72694,2363294097,512
72695,2363328256,512
72696,2363360557,512
72697,2363394675,512
72698,2363428362,512
72699,2363460604,512
72700,2363494653,512
72701,2363528722,512
72702,2363561162,512
72703,2363593409,512
72704,2363625436,512
72705,2363657489,512
72706,2363689504,512
72707,2363721739,512
72708,2363753917,512
72709,2363786077,512
72710,2363818117,512
72711,2363850286,512
72712,2363882286,512
72713,2363916989,512
72714,2363949095,512
72715,2363981432,512
72716,2364013569,512
72717,2364046812,512
72718,2364081252,512
72719,2364114718,512
72720,2364149440,512
72721,2364181825,512
72722,2364214958,512
72723,2364249394,512
72724,2364281791,512
72725,2364316074,512
72726,2364349374,512
72727,2364381420,512
72728,2364413685,512
72729,2364445960,512
72730,2364478049,512
72731,2364510081,512
72732,2364542164,512
72733,2364574211,512
72734,2364606368,512
72735,2364638533,512
72736,2364670595,512
72737,2364702603,512
72738,2364734678,512
72739,2364766818,512
72740,2364798963,512
72741,2364831413,512
72742,2364866046,512
72743,2364898525,512
72744,2364930845,512
72745,2364962852,512
72746,2364995057,512
72747,2365027176,512
72748,2365059355,512
72749,2365091366,512
72750,2365123447,512
72751,2365155483,512
72752,2365187572,512
72753,2365222242,512
72754,2365254429,512
72755,2365286545,512
72756,2365318923,512
72757,2365351030,512
72758,2365383237,512
72759,2365415331,512
72760,2365447535,512
72761,2365479654,512
72762,2365511672,512
72763,2365544970,512
72764,2365578685,512
72765,2365610736,512
72766,2365642787,512
72767,2365674840,512
72768,2365706923,512
72769,2365739259,512
72770,2365771291,512
72771,2365803505,512
72772,2365835617,512
72773,2365867834,512
72774,2365899939,512
72775,2365932003,512
72776,2365964158,512
72777,2365996167,512
72778,2366028286,512
72779,2366060464,512
72780,2366094869,512
72781,2366127555,512
72782,2366160867,512
72783,2366195261,512
72784,2366227303,512
72785,2366261698,512
72786,2366295650,512
72787,2366327842,512
72788,2366359882,512
72789,2366391984,512
72790,2366424173,512
72791,2366456277,512
72792,2366488283,512
72793,2366520411,512
72794,2366552604,512
72795,2366584624,512
72796,2366616777,512
72797,2366648863,512
72798,2366681034,512
72799,2366713048,512
72800,2366747739,512
72801,2366779952,512
72802,2366812303,512
72803,2366844465,512
72804,2366877285,512
72805,2366911931,512
72806,2366944058,512
72807,2366978512,512
72808,2367011981,512
72809,2367044128,512
72810,2367076156,512
72811,2367108155,512
72812,2367140177,512
72813,2367172181,512
72814,2367204321,512
72815,2367236414,512
72816,2367268621,512
72817,2367300809,512
72818,2367332981,512
72819,2367365091,512
72820,2367397176,512
72821,2367429371,512
72822,2367461531,512
72823,2367493790,512
72824,2367528606,512
72825,2367560645,512
72826,2367594314,512
72827,2367628851,512
72828,2367661135,512
72829,2367695357,512
72830,2367728768,512
72831,2367760874,512
72832,2367793021,512
72833,2367825471,512
72834,2367857473,512
72835,2367889534,512
72836,2367921700,512
72837,2367953783,512
72838,2367985844,512
72839,2368017910,512
72840,2368050044,512
72841,2368082105,512
72842,2368114145,512
72843,2368146315,512
72844,2368178402,512
72845,2368210660,512
72846,2368244911,512
72847,2368277358,512
72848,2368310648,512
72849,2368344888,512
72850,2368377315,512
72851,2368412060,512
72852,2368445452,512
72853,2368477489,512
72854,2368509667,512
72855,2368541693,512
72856,2368573824,512
72857,2368605997,512
72858,2368638077,512
72859,2368670128,512
72860,2368702336,512
72861,2368734369,512
72862,2368766532,512
72863,2368798558,512
72864,2368830654,512
72865,2368862817,512
72866,2368894933,512
72867,2368927242,512
72868,2368961906,512
72869,2368994047,512
72870,2369027728,512
72871,2369062192,512
72872,2369094663,512
72873,2369127046,512
72874,2369159210,512
72875,2369191308,512
72876,2369223422,512
72877,2369255505,512
72878,2369287685,512
72879,2369322376,512
72880,2369354765,512
72881,2369386908,512
72882,2369419102,512
72883,2369451192,512
72884,2369483336,512
72885,2369515464,512
72886,2369547628,512
72887,2369579783,512
72888,2369611898,512
72889,2369646831,512
72890,2369679170,512
72891,2369711238,512
72892,2369743773,512
72893,2369775852,512
72894,2369808044,512
72895,2369840079,512
72896,2369872232,512
72897,2369907017,512
72898,2369939639,512
72899,2369971755,512
72900,2370003826,512
72901,2370035909,512
72902,2370067950,512
72903,2370100058,512
72904,2370132172,512
72905,2370164268,512
72906,2370196425,512
72907,2370228472,512
72908,2370260516,512
72909,2370292558,512
72910,2370324605,512
72911,2370357673,512
72912,2370391460,512
72913,2370423818,512
72914,2370455933,512
72915,2370488068,512
72916,2370520148,512
72917,2370552174,512
72918,2370584312,512
72919,2370616326,512
72920,2370648487,512
72921,2370680535,512
72922,2370712695,512
72923,2370744832,512
72924,2370776883,512
72925,2370808977,512
72926,2370841044,512
72927,2370873234,512
72928,2370905258,512
72929,2370937296,512
72930,2370969936,512
72932,2371036165,512
72933,2371068524,512
72934,2371100572,512
72935,2371132668,512
72936,2371164824,512
72937,2371196965,512
72938,2371228996,512
72939,2371261002,512
72940,2371293105,512
72941,2371325238,512
72942,2371357433,512
72943,2371389595,512
72944,2371421629,512
72945,2371453779,512
72947,2371520891,512
72948,2371553137,512
72949,2371586569,512
72950,2371620514,512
72951,2371652606,512
72952,2371686453,512
72953,2371720636,512
72954,2371752742,512
72955,2371784890,512
72956,2371817292,512
72957,2371849314,512
72958,2371881461,512
72959,2371913530,512
72960,2371945715,512
72961,2371977879,512
72962,2372010101,512
72963,2372042158,512
72964,2372074292,512
72965,2372106440,512
72966,2372141152,512
72967,2372173248,512
72968,2372205791,512
72969,2372237942,512
72970,2372270069,512
72971,2372303927,512
72972,2372337075,512
72973,2372369286,512
72974,2372403313,512
72975,2372437509,512
72976,2372469819,512
72977,2372501954,512
72978,2372534061,512
72979,2372566240,512
72980,2372598341,512
72981,2372630351,512
72982,2372662356,512
72983,2372694437,512
72984,2372726491,512
72985,2372758677,512
72986,2372790735,512
72987,2372822932,512
72988,2372854980,512
72989,2372887055,512
72990,2372921818,512
72991,2372953952,512
72992,2372986018,512
72993,2373020013,512
72994,2373053944,512
72995,2373085973,512
72996,2373120149,512
72997,2373153874,512
72998,2373186475,512
72999,2373218729,512
73000,2373251106,512
73001,2373283212,512
73002,2373315343,512
73003,2373347455,512
73004,2373379579,512
73005,2373411719,512
73006,2373446379,512
73007,2373478457,512
73008,2373510864,512
73009,2373542961,512
73010,2373575073,512
73011,2373607182,512
73012,2373639730,512
73013,2373671837,512
73014,2373704024,512
73015,2373736887,512
73016,2373770806,512
73017,2373803148,512
73018,2373836714,512
73019,2373870899,512
73020,2373903377,512
73021,2373935379,512
73022,2373967532,512
73023,2373999568,512
73024,2374031763,512
73025,2374063793,512
73026,2374095946,512
73027,2374128139,512
73028,2374160330,512
73029,2374192450,512
73030,2374227082,512
73031,2374259172,512
73032,2374291290,512
73033,2374323709,512
73034,2374355984,512
73035,2374388178,512
73036,2374420238,512
73037,2374453737,512
73038,2374487452,512
73039,2374519649,512
73040,2374551816,512
73041,2374583979,512
73042,2374616140,512
73043,2374648152,512
73044,2374680213,512
73045,2374712539,512
73046,2374744634,512
73047,2374776673,512
73048,2374808727,512
73049,2374840794,512
73050,2374872827,512
73051,2374904837,512
73052,2374936948,512
73053,2374972432,512
73054,2375004456,512
73055,2375036512,512
73056,2375069647,512
73057,2375103980,512
73058,2375136121,512
73059,2375169971,512
73060,2375204145,512
73061,2375236172,512
73062,2375268192,512
73063,2375300584,512
73064,2375332641,512
73065,2375364797,512
73066,2375397008,512
73067,2375429181,512
73068,2375461307,512
73069,2375493451,512
73070,2375525578,512
73071,2375557618,512
73072,2375589710,512
73073,2375621907,512
73074,2375653912,512
73075,2375686039,512
73076,2375720636,512
73077,2375752865,512
73078,2375786370,512
73079,2375820822,512
73080,2375853250,512
73081,2375887194,512
73082,2375920857,512
73083,2375953253,512
73084,2375985575,512
73085,2376017670,512
73086,2376049806,512
73087,2376081893,512
73088,2376114028,512
73089,2376146027,512
73090,2376178188,512
73091,2376210369,512
73092,2376242505,512
73093,2376274512,512
73094,2376309184,512
73095,2376341299,512
73096,2376373714,512
73097,2376405801,512
73098,2376437855,512
73099,2376469994,512
73100,2376502849,512
73101,2376537410,512
73102,2376569734,512
73103,2376604065,512
73104,2376637517,512
73105,2376669939,512
73106,2376702091,512
73107,2376734208,512
73108,2376766451,512
73109,2376798480,512
73110,2376830550,512
73111,2376862669,512
73112,2376894718,512
73113,2376926878,512
73114,2376959069,512
73115,2376991100,512
73116,2377023270,512
73117,2377057984,512
73118,2377090385,512
73119,2377122451,512
73120,2377154711,512
73121,2377186855,512
73122,2377219749,512
73123,2377254172,512
73124,2377286216,512
73125,2377320837,512
73126,2377354307,512
73127,2377386707,512
73128,2377419163,512
73129,2377451209,512
73130,2377483411,512
73131,2377515529,512
73132,2377547626,512
73133,2377579669,512
73134,2377611823,512
73135,2377646280,512
73136,2377678754,512
73137,2377711057,512
73138,2377743159,512
73139,2377775225,512
73140,2377807408,512
73141,2377839463,512
73142,2377871595,512
73143,2377903768,512
73144,2377936212,512
73145,2377970859,512
73146,2378002861,512
73147,2378037191,512
73148,2378070841,512
73149,2378102989,512
73150,2378135126,512
73151,2378167470,512
73152,2378199505,512
73153,2378231582,512
73154,2378263748,512
73155,2378295896,512
73156,2378327995,512
73157,2378360094,512
73158,2378392263,512
73159,2378424375,512
73160,2378456488,512
73161,2378488654,512
73162,2378523498,512
73163,2378555889,512
73164,2378588009,512
73165,2378620061,512
73166,2378652873,512
73167,2378687493,512
73168,2378719652,512
73169,2378754125,512
73170,2378787752,512
73171,2378820118,512
73172,2378852121,512
73173,2378884462,512
73174,2378916571,512
73175,2378948695,512
73176,2378980820,512
73177,2379012991,512
73178,2379045157,512
73179,2379077296,512
73180,2379112014,512
73181,2379144333,512
73183,2379208419,512
73184,2379240448,512
73185,2379273021,512
73186,2379305040,512
73187,2379337173,512
73188,2379370012,512
73189,2379404256,512
73190,2379436261,512
73191,2379470894,512
73192,2379504432,512
73193,2379536825,512
73194,2379568980,512
73195,2379601079,512
73196,2379633153,512
73197,2379665213,512
73198,2379697324,512
73199,2379729490,512
73200,2379761655,512
73201,2379793659,512
73202,2379825755,512
73203,2379857897,512
73204,2379890023,512
73205,2379924702,512
73206,2379956780,512
73207,2379989377,512
73208,2380021388,512
73209,2380053472,512
73210,2380085935,512
73211,2380118028,512
73212,2380150181,512
73213,2380182273,512
73214,2380214381,512
73215,2380249054,512
73216,2380281729,512
73217,2380313965,512
73218,2380346140,512
73219,2380378213,512
73220,2380410371,512
73221,2380442382,512
73222,2380474451,512
73223,2380506595,512
73224,2380538633,512
73225,2380573293,512
73226,2380605455,512
73227,2380637582,512
73228,2380669643,512
73229,2380703082,512
73230,2380737355,512
73231,2380769679,512
73232,2380802180,512
73233,2380834334,512
73234,2380866503,512
73235,2380898641,512
73236,2380930711,512
73237,2380962873,512
73238,2380994889,512
73239,2381027054,512
73240,2381059131,512
73241,2381091256,512
73242,2381125925,512
73243,2381158058,512
73244,2381190117,512
73245,2381222586,512
73246,2381254739,512
73247,2381286883,512
73248,2381319288,512
73249,2381351342,512
73250,2381383350,512
73251,2381416322,512
73252,2381450304,512
73253,2381482368,512
73254,2381514376,512
73255,2381546742,512
73256,2381578866,512
73257,2381610854,512
73258,2381642966,512
73259,2381675141,512
73260,2381707245,512
73261,2381739374,512
73262,2381771445,512
73263,2381803533,512
73264,2381835558,512
73265,2381867620,512
73266,2381899688,512
73267,2381932686,512
73268,2381966944,512
73269,2381999006,512
73270,2382032394,512
73271,2382066903,512
73272,2382099335,512
73273,2382133056,512
73274,2382166898,512
73275,2382199004,512
73276,2382231215,512
73277,2382263524,512
73278,2382295653,512
73279,2382327793,512
73280,2382359796,512
73281,2382391966,512
73282,2382423984,512
73283,2382456046,512
73284,2382488065,512
73285,2382520165,512
73286,2382552217,512
73287,2382584309,512
73288,2382616434,512
73289,2382648484,512
73290,2382680570,512
73291,2382712759,512
73292,2382744833,512
73293,2382779698,512
73294,2382812131,512
73295,2382844327,512
73296,2382876468,512
73297,2382908653,512
73298,2382940820,512
73299,2382972843,512
73300,2383005022,512
73301,2383037209,512
73302,2383069213,512
73303,2383104117,512
73304,2383136527,512
73305,2383168556,512
73306,2383200634,512
73307,2383232720,512
73308,2383264839,512
73309,2383296839,512
73310,2383328952,512
73311,2383362373,512
73312,2383396209,512
73313,2383428640,512
73314,2383460722,512
73315,2383492858,512
73316,2383524866,512
73317,2383556893,512
73318,2383589070,512
73319,2383621181,512
73320,2383653366,512
73321,2383685507,512
73322,2383717513,512
73323,2383749559,512
73324,2383781771,512
73325,2383813951,512
73326,2383845952,512
73327,2383880682,512
73328,2383912735,512
73329,2383945000,512
73330,2383978250,512
73331,2384012852,512
73332,2384045278,512
73333,2384077499,512
73334,2384109537,512
73335,2384141655,512
73336,2384173685,512
73337,2384205719,512
73338,2384237749,512
73339,2384269906,512
73340,2384302089,512
73341,2384334189,512
73342,2384366305,512
73343,2384398447,512
73344,2384430499,512
73345,2384465120,512
73346,2384497329,512
73347,2384529791,512
73348,2384561933,512
73349,2384594273,512
73350,2384626279,512
73351,2384658386,512
73352,2384690906,512
73353,2384725513,512
73354,2384757566,512
73355,2384789717,512
73356,2384821994,512
73357,2384854179,512
73358,2384886279,512
73359,2384918469,512
73360,2384950535,512
73361,2384982698,512
73362,2385014700,512
73363,2385046700,512
73364,2385080477,512
73365,2385114588,512
73366,2385146592,512
73367,2385178750,512
73368,2385210893,512
73369,2385242963,512
73370,2385275150,512
73371,2385307887,512
73372,2385342056,512
73373,2385374463,512
73374,2385408105,512
73375,2385442194,512
73376,2385474256,512
73377,2385506381,512
73378,2385538742,512
73379,2385570800,512
73380,2385603248,512
73381,2385635292,512
73382,2385667332,512
73383,2385699433,512
73384,2385731576,512
73385,2385763751,512
73386,2385795853,512
73387,2385827879,512
73388,2385862512,512
73389,2385894598,512
73390,2385927322,512
73391,2385959471,512
73392,2385991660,512
73393,2386024904,512
73394,2386058853,512
73395,2386090884,512
73396,2386124750,512
73397,2386158980,512
73398,2386191356,512
73399,2386223427,512
73400,2386255602,512
73401,2386287781,512
73402,2386319974,512
73403,2386352043,512
73404,2386384147,512
73405,2386416270,512
73406,2386448312,512
73407,2386480366,512
73408,2386512558,512
73409,2386547238,512
73410,2386579273,512
73411,2386611308,512
73412,2386643782,512
73413,2386675947,512
73414,2386707985,512
73415,2386741337,512
73416,2386775211,512
73417,2386807606,512
73418,2386841483,512
73419,2386875958,512
73420,2386908089,512
73421,2386940182,512
73422,2386972286,512
73423,2387004394,512
73424,2387036474,512
73425,2387068677,512
73426,2387100819,512
73427,2387132945,512
73428,2387164983,512
73429,2387196997,512
73430,2387229122,512
73431,2387261125,512
73432,2387293179,512
73433,2387325332,512
73434,2387357720,512
73435,2387392311,512
73436,2387424528,512
73437,2387458310,512
73438,2387492213,512
73439,2387524464,512
73440,2387558021,512
73441,2387592384,512
73442,2387624760,512
73443,2387656887,512
73444,2387689071,512
73445,2387721143,512
73446,2387753305,512
73447,2387785333,512
73448,2387817477,512
73449,2387849493,512
73450,2387881692,512
73451,2387913865,512
73452,2387945970,512
73453,2387980610,512
73454,2388012800,512
73455,2388045237,512
73456,2388077430,512
73457,2388109446,512
73458,2388141490,512
73459,2388175496,512
73460,2388208909,512
73461,2388241002,512
73462,2388274985,512
73463,2388309029,512
73464,2388341419,512
73465,2388373675,512
73466,2388405871,512
73467,2388437965,512
73468,2388470019,512
73469,2388502084,512
73470,2388534149,512
73471,2388566190,512
73472,2388598279,512
73473,2388630416,512
73474,2388662465,512
73475,2388694583,512
73476,2388726742,512
73477,2388761385,512
73478,2388794016,512
73479,2388826028,512
73480,2388858054,512
73481,2388891935,512
73482,2388925566,512
73483,2388957729,512
73484,2388990093,512
73485,2389022144,512
73486,2389054209,512
73487,2389086267,512
73488,2389118390,512
73489,2389150456,512
73490,2389182484,512
73491,2389214617,512
73492,2389246623,512
73494,2389310837,512
73495,2389342837,512
73496,2389374857,512
73497,2389407308,512
73498,2389439433,512
73499,2389471434,512
73500,2389503681,512
73501,2389538300,512
73502,2389570400,512
73503,2389602415,512
73504,2389634824,512
73505,2389666992,512
73506,2389699078,512
73507,2389731129,512
73508,2389763147,512
73509,2389795551,512
73510,2389827543,512
73511,2389859595,512
73512,2389891638,512
73513,2389923708,512
73514,2389955889,512
73515,2389990597,512
73516,2390022914,512
73517,2390055265,512
73518,2390087286,512
73519,2390121002,512
73520,2390154745,512
73521,2390186851,512
73522,2390220946,512
73523,2390255009,512
73524,2390287416,512
73525,2390319592,512
73526,2390351757,512
73527,2390383861,512
73528,2390415868,512
73529,2390448003,512
73530,2390480186,512
73531,2390512234,512
73532,2390544412,512
73533,2390576442,512
73534,2390608558,512
73535,2390640567,512
73536,2390672638,512
73537,2390707258,512
73538,2390740253,512
73539,2390772369,512
73540,2390804506,512
73541,2390837480,512
73542,2390871585,512
73543,2390903588,512
73544,2390937695,512
73545,2390971797,512
73546,2391004197,512
73547,2391036264,512
73548,2391068457,512
73549,2391100473,512
73550,2391132630,512
73551,2391164747,512
73552,2391196869,512
73553,2391228891,512
73554,2391260925,512
73555,2391292925,512
73556,2391324941,512
73557,2391357037,512
73558,2391389121,512
73559,2391421137,512
73560,2391453743,512
73561,2391488645,512
73562,2391520681,512
73563,2391554339,512
73564,2391588516,512
73565,2391620768,512
73566,2391654313,512
73567,2391688441,512
73568,2391720789,512
73569,2391752976,512
73570,2391785039,512
73571,2391817057,512
73572,2391849256,512
73573,2391881414,512
73574,2391913528,512
73575,2391945558,512
73576,2391977582,512
73577,2392009731,512
73578,2392041913,512
73579,2392076606,512
73580,2392108773,512
73581,2392140803,512
73582,2392173479,512
73583,2392205550,512
73584,2392237580,512
73585,2392271033,512
73586,2392304885,512
73587,2392337376,512
73588,2392370999,512
73589,2392405207,512
73590,2392437510,512
73591,2392469660,512
73592,2392501827,512
73593,2392534008,512
73594,2392566163,512
73595,2392598367,512
73596,2392630368,512
73597,2392662519,512
73598,2392694646,512
73599,2392729295,512
73600,2392761321,512
73601,2392793756,512
73602,2392825904,512
73603,2392857916,512
73604,2392890004,512
73605,2392922043,512
73606,2392954230,512
73607,2392987781,512
73608,2393021652,512
73609,2393054024,512
73610,2393086195,512
73611,2393118276,512
73612,2393150294,512
73613,2393182472,512
73614,2393214590,512
73615,2393246781,512
73616,2393278944,512
73617,2393310976,512
73618,2393343080,512
73619,2393375085,512
73620,2393407271,512
73621,2393439380,512
73622,2393474134,512
73623,2393506295,512
73624,2393538395,512
73625,2393570736,512
73626,2393603382,512
73627,2393635558,512
73628,2393670393,512
73629,2393704591,512
73630,2393738247,512
73631,2393770436,512
73632,2393802757,512
73633,2393834834,512
73634,2393866934,512
73635,2393899119,512
73636,2393931152,512
73637,2393963243,512
73638,2393995288,512
73639,2394027469,512
73640,2394059512,512
73641,2394091530,512
73642,2394123641,512
73643,2394155723,512
73644,2394187911,512
73645,2394220031,512
73646,2394252209,512
73647,2394286831,512
73648,2394320078,512
73649,2394352148,512
73650,2394384234,512
73651,2394416318,512
73652,2394450953,512
73653,2394483079,512
73654,2394515673,512
73655,2394547768,512
73656,2394579868,512
73657,2394611980,512
73658,2394644020,512
73659,2394676140,512
73660,2394708307,512
73661,2394740351,512
73662,2394772432,512
73663,2394804490,512
73664,2394836655,512
73665,2394868659,512
73666,2394903370,512
73667,2394936301,512
73668,2394968306,512
73669,2395000455,512
73670,2395033740,512
73671,2395067650,512
73672,2395099702,512
73673,2395132058,512
73674,2395164540,512
73675,2395196655,512
73676,2395228752,512
73677,2395260878,512
73678,2395292891,512
73679,2395324955,512
73680,2395357085,512
73681,2395389243,512
73682,2395423890,512
73683,2395456025,512
73684,2395488060,512
73685,2395520156,512
73686,2395552629,512
73687,2395584839,512
73688,2395617046,512
73689,2395650098,512
73690,2395684322,512
73691,2395716660,512
73692,2395749640,512
73693,2395784288,512
73694,2395816332,512
73695,2395848578,512
73696,2395880898,512
73697,2395913095,512
73698,2395945238,512
73699,2395977251,512
73700,2396009430,512
73701,2396041478,512
73702,2396073517,512
73703,2396105595,512
73704,2396137609,512
73705,2396169719,512
73706,2396201818,512
73707,2396233879,512
73708,2396266354,512
73709,2396300496,512
73710,2396332966,512
73711,2396366670,512
73712,2396400849,512
73713,2396433038,512
73714,2396466985,512
73715,2396501026,512
73716,2396533135,512
73717,2396565283,512
73718,2396597504,512
73719,2396629631,512
73720,2396661627,512
73721,2396693890,512
73722,2396726050,512
73723,2396758054,512
73724,2396790195,512
73725,2396822377,512
73726,2396854575,512
73727,2396886657,512
73728,2396918718,512
73729,2396950759,512
73730,2396983051,512
73731,2397017224,512
73732,2397049485,512
73733,2397083769,512
73734,2397117614,512
73735,2397150105,512
73736,2397183704,512
73737,2397217730,512
73738,2397249906,512
73739,2397282260,512
73740,2397314397,512
73741,2397346483,512
73742,2397378553,512
73743,2397410701,512
73744,2397442716,512
73745,2397474801,512
73746,2397506879,512
73747,2397538902,512
73748,2397570920,512
73749,2397603082,512
73750,2397635209,512
73751,2397667370,512
73752,2397699686,512
73753,2397734020,512
73754,2397766406,512
73755,2397800732,512
73756,2397834701,512
73757,2397866854,512
73758,2397898881,512
73759,2397930899,512
73760,2397963048,512
73761,2397995236,512
73762,2398027271,512
73763,2398059305,512
73764,2398091488,512
73765,2398123615,512
73766,2398155622,512
73767,2398187712,512
73768,2398219750,512
73769,2398251898,512
73770,2398283968,512
73771,2398316108,512
73772,2398350781,512
73773,2398382793,512
73774,2398416542,512
73775,2398450885,512
73776,2398482931,512
73777,2398517210,512
73778,2398550985,512
73779,2398583107,512
73780,2398615172,512
73781,2398647558,512
73782,2398679651,512
73783,2398711795,512
73784,2398743918,512
73785,2398776042,512
73786,2398808159,512
73787,2398840168,512
73788,2398872348,512
73789,2398904457,512
73790,2398936507,512
73791,2398968531,512
73792,2399000634,512
73793,2399035760,512
73794,2399067853,512
73795,2399100011,512
73796,2399133046,512
73797,2399167301,512
73798,2399199773,512
73799,2399234071,512
73800,2399267701,512
73801,2399300099,512
73802,2399332332,512
73803,2399364392,512
73804,2399396485,512
73805,2399428578,512
73806,2399460767,512
73807,2399492869,512
73808,2399524961,512
73809,2399557122,512
73810,2399589327,512
73811,2399624025,512
73812,2399656028,512
73813,2399688131,512
73814,2399720269,512
73815,2399752330,512
73816,2399784523,512
73817,2399816820,512
73818,2399849546,512
73819,2399881692,512
73820,2399916350,512
73821,2399951251,512
73822,2399984241,512
73823,2400016426,512
73824,2400048569,512
73825,2400080590,512
73826,2400113036,512
73827,2400145161,512
73828,2400177170,512
73829,2400209274,512
73830,2400241445,512
73831,2400273641,512
73832,2400305743,512
73833,2400337835,512
73834,2400369994,512
73835,2400402118,512
73836,2400434166,512
73837,2400469095,512
73838,2400501115,512
73839,2400533391,512
73840,2400566504,512
73841,2400600680,512
73842,2400633156,512
73843,2400667634,512
73844,2400701228,512
73845,2400733577,512
73846,2400765699,512
73847,2400798013,512
73848,2400830170,512
73849,2400862325,512
73850,2400894344,512
73851,2400926514,512
73852,2400958544,512
73853,2400990720,512
73854,2401022733,512
73855,2401057379,512
73856,2401089493,512
73857,2401121608,512
73858,2401153973,512
73859,2401186374,512
73860,2401218558,512
73861,2401250654,512
73862,2401283462,512
73863,2401317558,512
73864,2401349855,512
73865,2401384316,512
73866,2401417869,512
73867,2401449977,512
73868,2401482355,512
73869,2401514520,512
73870,2401546528,512
73871,2401578706,512
73872,2401610800,512
73873,2401642881,512
73874,2401674903,512
73875,2401707021,512
73876,2401739120,512
73877,2401771293,512
73878,2401803467,512
73879,2401835472,512
73880,2401867646,512
73881,2401899717,512
73882,2401934679,512
73883,2401966907,512
73884,2401999595,512
73885,2402031654,512
73886,2402063815,512
73887,2402095835,512
73888,2402130443,512
73889,2402162797,512
73890,2402195210,512
73891,2402227269,512
73892,2402259304,512
73893,2402291420,512
73894,2402323599,512
73895,2402355676,512
73896,2402387774,512
73897,2402419841,512
73898,2402451928,512
73899,2402484058,512
73900,2402516085,512
73901,2402548109,512
73902,2402580221,512
73903,2402613426,512
73904,2402647107,512
73905,2402679574,512
73906,2402711656,512
73907,2402743850,512
73908,2402776025,512
73909,2402808148,512
73910,2402840243,512
73911,2402872327,512
73912,2402904448,512
73913,2402936577,512
73914,2402968710,512
73915,2403003367,512
73916,2403035436,512
73917,2403067510,512
73918,2403099548,512
73919,2403131807,512
73920,2403164024,512
73921,2403196090,512
73922,2403229313,512
73923,2403263383,512
73924,2403295579,512
73925,2403329156,512
73926,2403363853,512
73927,2403395876,512
73928,2403427919,512
73929,2403460242,512
73930,2403492311,512
73931,2403524589,512
73932,2403556781,512
73933,2403588841,512
73934,2403620961,512
73935,2403653038,512
73936,2403685213,512
73937,2403717279,512
73938,2403749371,512
73939,2403781528,512
73940,2403816180,512
73941,2403848332,512
73942,2403880359,512
73943,2403912390,512
73944,2403945720,512
73945,2403980016,512
73946,2404012511,512
73947,2404046864,512
73948,2404080549,512
73949,2404112865,512
73950,2404144988,512
73951,2404177023,512
73952,2404209117,512
73953,2404241238,512
73954,2404273348,512
73955,2404305590,512
73956,2404337708,512
73957,2404369835,512
73958,2404402023,512
73959,2404434079,512
73960,2404466191,512
73961,2404500910,512
73962,2404533224,512
73963,2404565311,512
73964,2404597490,512
73965,2404629568,512
73966,2404662460,512
73967,2404697062,512
73968,2404729181,512
73969,2404763325,512
73970,2404797214,512
73971,2404829530,512
73972,2404861738,512
73973,2404893744,512
73974,2404925885,512
73975,2404957982,512
73976,2404990169,512
73977,2405022172,512
73978,2405054209,512
73979,2405086273,512
73980,2405118419,512
73981,2405150490,512
73982,2405182607,512
73983,2405214661,512
73984,2405246771,512
73985,2405278794,512
73986,2405310806,512
73987,2405342879,512
73988,2405375720,512
73989,2405409861,512
73990,2405442296,512
73991,2405474460,512
73992,2405506516,512
73993,2405538579,512
73994,2405570608,512
73995,2405602639,512
73996,2405634767,512
73997,2405666882,512
73998,2405698941,512
73999,2405731022,512
74000,2405763067,512
74001,2405795253,512
74002,2405827360,512
74003,2405859494,512
74004,2405891665,512
74005,2405926071,512
74006,2405958192,512
74007,2405992563,512
74008,2406026299,512
74009,2406058855,512
74010,2406091063,512
74011,2406123234,512
74012,2406155422,512
74013,2406187617,512
74014,2406219652,512
74015,2406251851,512
74016,2406283928,512
74017,2406315935,512
74018,2406348052,512
74019,2406380077,512
74020,2406414737,512
74021,2406446936,512
74022,2406479384,512
74023,2406511515,512
74024,2406543670,512
74025,2406575676,512
74026,2406608475,512
74027,2406642981,512
74028,2406675362,512
74029,2406709246,512
74030,2406743217,512
74031,2406775265,512
74032,2406809189,512
74033,2406843177,512
74034,2406875668,512
74035,2406908040,512
74036,2406940236,512
74037,2406972307,512
74038,2407004489,512
74039,2407036552,512
74040,2407068705,512
74041,2407103344,512
74042,2407135468,512
74043,2407167533,512
74044,2407199614,512
74045,2407231764,512
74046,2407263768,512
74047,2407296173,512
74048,2407328229,512
74049,2407360343,512
74050,2407392513,512
74051,2407426032,512
74052,2407459781,512
74053,2407491865,512
74054,2407524340,512
74055,2407556533,512
74056,2407588717,512
74057,2407620895,512
74058,2407652967,512
74059,2407684986,512
74060,2407717126,512
74061,2407749321,512
74062,2407784013,512
74063,2407816079,512
74064,2407848153,512
74065,2407880372,512
74066,2407912415,512
74067,2407944766,512
74068,2407976953,512
74069,2408009117,512
74070,2408041966,512
74071,2408076352,512
74072,2408108440,512
74073,2408142630,512
74074,2408176566,512
74075,2408208881,512
74076,2408241010,512
74077,2408273190,512
74078,2408305248,512
74079,2408337287,512
74080,2408369382,512
74081,2408401449,512
74082,2408433445,512
74083,2408465499,512
74084,2408497688,512
74085,2408529809,512
74086,2408561931,512
74087,2408594026,512
74088,2408626088,512
74089,2408658210,512
74090,2408690296,512
74091,2408724977,512
74092,2408758598,512
74093,2408793346,512
74094,2408825463,512
74095,2408859671,512
74096,2408893164,512
74097,2408925249,512
74098,2408957374,512
74099,2408989720,512
74100,2409021776,512
74101,2409053832,512
74102,2409086027,512
74103,2409118112,512
74104,2409150256,512
74105,2409182395,512
74106,2409214584,512
74107,2409246738,512
74108,2409278893,512
74109,2409313345,512
74110,2409345649,512
74111,2409377656,512
74112,2409409733,512
74113,2409441763,512
74114,2409475300,512
74115,2409509598,512
74116,2409541717,512
74117,2409576390,512
74118,2409609811,512
74119,2409642002,512
74120,2409674069,512
74121,2409706489,512
74122,2409738728,512
74123,2409770892,512
74124,2409803079,512
74125,2409835091,512
74126,2409867256,512
74127,2409899279,512
74128,2409931308,512
74129,2409963406,512
74130,2409995491,512
74131,2410027512,512
74132,2410059658,512
74133,2410094498,512
74134,2410126911,512
74135,2410159167,512
74136,2410191986,512
74137,2410226391,512
74138,2410258602,512
74139,2410293374,512
74140,2410326573,512
74141,2410358611,512
74142,2410390749,512
74143,2410423120,512
74144,2410455168,512
74145,2410487194,512
74146,2410519336,512
74147,2410551364,512
74148,2410583506,512
74149,2410615627,512
74150,2410647668,512
74151,2410679823,512
74152,2410711839,512
74153,2410743836,512
74154,2410775897,512
74155,2410808342,512
74156,2410840455,512
74157,2410875152,512
74158,2410908853,512
74159,2410942812,512
74160,2410975165,512
74161,2411009890,512
74162,2411043209,512
74163,2411075345,512
74164,2411107549,512
74165,2411139729,512
74166,2411171862,512
74167,2411203939,512
74168,2411236031,512
74169,2411268241,512
74170,2411300247,512
74171,2411332312,512
74172,2411364591,512
74173,2411396690,512
74174,2411428804,512
74175,2411460879,512
74176,2411492985,512
74177,2411527877,512
74178,2411560209,512
74179,2411592286,512
74180,2411624905,512
74181,2411657021,512
74182,2411689047,512
74183,2411721230,512
74184,2411753272,512
74185,2411785375,512
74186,2411817409,512
74187,2411849451,512
74188,2411884316,512
74189,2411916691,512
74190,2411948845,512
74191,2411980888,512
74192,2412013000,512
74193,2412045158,512
74194,2412077276,512
74195,2412109379,512
74196,2412141571,512
74197,2412173595,512
74198,2412205616,512
74199,2412238846,512
74200,2412272549,512
74201,2412304957,512
74202,2412337115,512
74203,2412369280,512
74204,2412401469,512
74205,2412433661,512
74206,2412465686,512
74207,2412497871,512
74208,2412530005,512
74209,2412564996,512
74210,2412597276,512
74211,2412629354,512
74212,2412661475,512
74213,2412693609,512
74214,2412725734,512
74215,2412757877,512
74216,2412790069,512
74217,2412822106,512
74218,2412854991,512
74219,2412888755,512
74220,2412921136,512
74221,2412955725,512
74222,2412989309,512
74223,2413021336,512
74224,2413053655,512
74225,2413085809,512
74226,2413117935,512
74227,2413150005,512
74228,2413182013,512
74229,2413214054,512
74230,2413246087,512
74231,2413278342,512
74232,2413310373,512
74233,2413342400,512
74234,2413374551,512
74235,2413406642,512
74236,2413438695,512
74237,2413470968,512
74238,2413503086,512
74239,2413535100,512
74240,2413567759,512
74241,2413601828,512
74242,2413633955,512
74243,2413666105,512
74244,2413698504,512
74245,2413730654,512
74246,2413762719,512
74247,2413794775,512
74248,2413826908,512
74249,2413858960,512
74250,2413891157,512
74251,2413923246,512
74252,2413955375,512
74253,2413987496,512
74254,2414019512,512
74255,2414051568,512
74256,2414084014,512
74257,2414118299,512
74258,2414150383,512
74259,2414184549,512
74260,2414218405,512
74261,2414250457,512
74262,2414284447,512
74263,2414318443,512
74264,2414350468,512
74265,2414382766,512
74266,2414415129,512
74267,2414447253,512
74268,2414479454,512
74269,2414511545,512
74270,2414543635,512
74271,2414575682,512
74272,2414607711,512
74273,2414639878,512
74274,2414671893,512
74275,2414703951,512
74276,2414736121,512
74277,2414768284,512
74278,2414800539,512
74279,2414834955,512
74280,2414867085,512
74281,2414901175,512
74282,2414935194,512
74283,2414967515,512
74284,2415001228,512
74285,2415035214,512
74286,2415067228,512
74287,2415099376,512
74288,2415131744,512
74289,2415163777,512
74290,2415195959,512
74291,2415228122,512
74292,2415260127,512
74293,2415292256,512
74294,2415324351,512
74295,2415356371,512
74296,2415388546,512
74297,2415420634,512
74298,2415452818,512
74299,2415484958,512
74300,2415517301,512
74301,2415551304,512
74302,2415583610,512
74303,2415618069,512
74304,2415651721,512
74305,2415684116,512
74306,2415716523,512
74307,2415748711,512
74308,2415780824,512
74309,2415812867,512
74310,2415844867,512
74311,2415877028,512
74312,2415909055,512
74313,2415941224,512
74314,2415973323,512
74315,2416005455,512
74316,2416037528,512
74317,2416072247,512
74318,2416104355,512
74319,2416136845,512
74320,2416169007,512
74321,2416201185,512
74322,2416233954,512
74323,2416268450,512
74324,2416300550,512
74325,2416334712,512
74326,2416368790,512
74327,2416401081,512
74328,2416434728,512
74329,2416468702,512
74330,2416501034,512
74331,2416533279,512
74332,2416565471,512
74333,2416597672,512
74334,2416629740,512
74335,2416661789,512
74336,2416693838,512
74337,2416725976,512
74338,2416758109,512
74339,2416790323,512
74340,2416824857,512
74341,2416857252,512
74342,2416889380,512
74343,2416921473,512
74344,2416954192,512
74345,2416986387,512
74346,2417018415,512
74347,2417051565,512
74348,2417085152,512
74349,2417117252,512
74350,2417149662,512
74351,2417181782,512
74352,2417213957,512
74353,2417246079,512
74354,2417278172,512
74355,2417310278,512
74356,2417342293,512
74357,2417374440,512
74358,2417406532,512
74359,2417438569,512
74360,2417470759,512
74361,2417502786,512
74362,2417534823,512
74363,2417567179,512
74364,2417601746,512
74365,2417633803,512
74366,2417667492,512
74367,2417701852,512
74368,2417734188,512
74369,2417768369,512
74370,2417801944,512
74371,2417834370,512
74372,2417866442,512
74373,2417898509,512
74374,2417930635,512
74375,2417962821,512
74376,2417995020,512
74377,2418027154,512
74378,2418059304,512
74379,2418091322,512
74380,2418123454,512
74381,2418155617,512
74382,2418190273,512
74383,2418222406,512
74384,2418254454,512
74385,2418286734,512
74386,2418318774,512
74387,2418350914,512
74388,2418383926,512
74389,2418418536,512
74390,2418450545,512
74391,2418485122,512
74392,2418518566,512
74393,2418550758,512
74394,2418582905,512
74395,2418615283,512
74396,2418647405,512
74397,2418679497,512
74398,2418711592,512
74399,2418743741,512
74400,2418775792,512
74401,2418807923,512
74402,2418839958,512
74403,2418872135,512
74404,2418904137,512
74405,2418936311,512
74406,2418968403,512
74407,2419003278,512
74408,2419035644,512
74409,2419067680,512
74410,2419100783,512
74411,2419135156,512
74412,2419167260,512
74413,2419201543,512
74414,2419235365,512
74415,2419267717,512
74416,2419299936,512
74417,2419331987,512
74418,2419364180,512
74419,2419396349,512
74420,2419428545,512
74421,2419460638,512
74422,2419492709,512
74423,2419524893,512
74424,2419556902,512
74425,2419591506,512
74426,2419624067,512
74427,2419656433,512
74428,2419688548,512
74429,2419720621,512
74430,2419752615,512
74431,2419784744,512
74432,2419817249,512
74433,2419852016,512
74434,2419884378,512
74435,2419918989,512
74436,2419951763,512
74437,2419984131,512
74438,2420016493,512
74439,2420048657,512
74440,2420080809,512
74441,2420112848,512
74442,2420145042,512
74443,2420177092,512
74444,2420209298,512
74445,2420241351,512
74446,2420273377,512
74447,2420305567,512
74448,2420337722,512
74449,2420372386,512
74450,2420404507,512
74451,2420436726,512
74452,2420469056,512
74453,2420501133,512
74454,2420533441,512
74455,2420565491,512
74456,2420597566,512
74457,2420629591,512
74458,2420661696,512
74459,2420693759,512
74460,2420725860,512
74461,2420757998,512
74462,2420790138,512
74463,2420822256,512
74464,2420854256,512
74465,2420888923,512
74466,2420921034,512
74467,2420953062,512
74468,2420985156,512
74469,2421017475,512
74470,2421049662,512
74471,2421081868,512
74472,2421114066,512
74473,2421147513,512
74474,2421181164,512
74475,2421213193,512
74476,2421245244,512
74477,2421277262,512
74478,2421309454,512
74479,2421341845,512
74480,2421373881,512
74481,2421406067,512
74482,2421438115,512
74483,2421470256,512
74484,2421502369,512
74485,2421534559,512
74486,2421566730,512
74487,2421598760,512
74488,2421630892,512
74489,2421662953,512
74490,2421694975,512
74491,2421727153,512
74492,2421759789,512
74493,2421793786,512
74494,2421825923,512
74495,2421858115,512
74496,2421890417,512
74497,2421922590,512
74498,2421954765,512
74499,2421986960,512
74500,2422019015,512
74501,2422051123,512
74502,2422083153,512
74503,2422115305,512
74504,2422147320,512
74505,2422179358,512
74506,2422211512,512
74507,2422243630,512
74508,2422275946,512
74509,2422310116,512
74510,2422342425,512
74511,2422375457,512
74512,2422407492,512
74513,2422439542,512
74514,2422471558,512
74515,2422503730,512
74516,2422535894,512
74517,2422570602,512
74518,2422603034,512
74519,2422635217,512
74520,2422667300,512
74521,2422699390,512
74522,2422731418,512
74523,2422763455,512
74524,2422795530,512
74525,2422827553,512
74526,2422859629,512
74527,2422891806,512
74528,2422923837,512
74529,2422956035,512
74530,2422988731,512
74531,2423023026,512
74532,2423055238,512
74533,2423087252,512
74534,2423119564,512
74535,2423151743,512
74536,2423183842,512
74537,2423215941,512
74538,2423248050,512
74539,2423280080,512
74540,2423312255,512
74541,2423344424,512
74542,2423376512,512
74543,2423408668,512
74544,2423440686,512
74545,2423472854,512
74546,2423505003,512
74547,2423539631,512
74548,2423571956,512
74549,2423605105,512
74550,2423639563,512
74551,2423671697,512
74552,2423705590,512
74553,2423740099,512
74554,2423772245,512
74555,2423804365,512
74556,2423836400,512
74557,2423868545,512
74558,2423900658,512
74559,2423932798,512
74560,2423964876,512
74561,2423996998,512
74562,2424029054,512
74563,2424061252,512
74564,2424093356,512
74565,2424125377,512
74566,2424160067,512
74567,2424192112,512
74568,2424224562,512
74569,2424256750,512
74570,2424288868,512
74571,2424322196,512
74572,2424356253,512
74573,2424388409,512
74574,2424422252,512
74575,2424456534,512
74576,2424488795,512
74577,2424521037,512
74578,2424553247,512
74579,2424585268,512
74580,2424617320,512
74581,2424649485,512
74582,2424681558,512
74583,2424713569,512
74584,2424745752,512
74585,2424777910,512
74586,2424809988,512
74587,2424842147,512
74588,2424876841,512
74589,2424908982,512
74590,2424941289,512
74591,2424973497,512
74592,2425005581,512
74593,2425038803,512
74594,2425073230,512
74595,2425105651,512
74596,2425139141,512
74597,2425173376,512
74598,2425205708,512
74599,2425237722,512
74600,2425269869,512
74601,2425301895,512
74602,2425333898,512
74603,2425365999,512
74604,2425398026,512
74605,2425430073,512
74606,2425462213,512
74607,2425494285,512
74608,2425526307,512
74609,2425558380,512
74610,2425590570,512
74611,2425622766,512
74612,2425654851,512
74613,2425686892,512
74614,2425719059,512
74615,2425755477,512
74616,2425789845,512
74617,2425821867,512
74618,2425855860,512
74619,2425889789,512
74620,2425921869,512
74621,2425954024,512
74622,2425986455,512
74623,2426018532,512
74624,2426050637,512
74625,2426082757,512
74626,2426114955,512
74627,2426146993,512
74628,2426179118,512
74629,2426211315,512
74630,2426243348,512
74631,2426275354,512
74632,2426307550,512
74633,2426339633,512
74634,2426371905,512
74635,2426406559,512
74636,2426438571,512
74637,2426472276,512
74638,2426506375,512
74639,2426538623,512
74640,2426572493,512
74641,2426606664,512
74642,2426639074,512
74643,2426671237,512
74644,2426703348,512
74645,2426735522,512
74646,2426767688,512
74647,2426799749,512
74648,2426831928,512
74649,2426864020,512
74650,2426896054,512
74651,2426928104,512
74652,2426960226,512
74653,2426992285,512
74654,2427026863,512
74655,2427058889,512
74656,2427091240,512
74657,2427123318,512
74658,2427155436,512
74659,2427189076,512
74660,2427223182,512
74661,2427255360,512
74662,2427289239,512
74663,2427323238,512
74664,2427355279,512
74665,2427387484,512
74666,2427419680,512
74667,2427451919,512
74668,2427483956,512
74669,2427516160,512
74670,2427548367,512
74671,2427580395,512
74672,2427612576,512
74673,2427644678,512
74674,2427676777,512
74675,2427708956,512
74676,2427740965,512
74677,2427772988,512
74678,2427805520,512
74679,2427839808,512
74680,2427871853,512
74681,2427905902,512
74682,2427940139,512
74683,2427972322,512
74684,2428004384,512
74685,2428036570,512
74686,2428068683,512
74687,2428100708,512
74688,2428132775,512
74689,2428164888,512
74690,2428197023,512
74691,2428229061,512
74692,2428261170,512
74693,2428293348,512
74694,2428325414,512
74695,2428357471,512
74696,2428389672,512
74697,2428424365,512
74698,2428456438,512
74699,2428488817,512
74700,2428522144,512
74701,2428556111,512
74702,2428588592,512
74703,2428622626,512
74704,2428656627,512
74705,2428689074,512
74706,2428721159,512
74707,2428753188,512
74708,2428785275,512
74709,2428817407,512
74710,2428849467,512
74711,2428881553,512
74712,2428913717,512
74713,2428945830,512
74714,2428977833,512
74715,2429009856,512
74716,2429041899,512
74717,2429074094,512
74718,2429106213,512
74719,2429138377,512
74720,2429172981,512
74721,2429204989,512
74722,2429238641,512
74723,2429273228,512
74724,2429305251,512
74725,2429339500,512
74726,2429373245,512
74727,2429405737,512
74728,2429437775,512
74729,2429469938,512
74730,2429502304,512
74731,2429534456,512
74732,2429566627,512
74733,2429598784,512
74734,2429630824,512
74735,2429662921,512
74736,2429697985,512
74737,2429730011,512
74738,2429762057,512
74739,2429794245,512
74740,2429826322,512
74741,2429858417,512
74742,2429890572,512
74743,2429922751,512
74744,2429955463,512
74745,2429989533,512
74746,2430021956,512
74747,2430056212,512
74748,2430089882,512
74749,2430121998,512
74750,2430154109,512
74751,2430186766,512
74752,2430218904,512
74753,2430250937,512
74754,2430283136,512
74755,2430315192,512
74756,2430347316,512
74757,2430379459,512
74758,2430411465,512
74759,2430443660,512
74760,2430475707,512
74761,2430507721,512
74762,2430542379,512
74763,2430574519,512
74764,2430606670,512
74765,2430639009,512
74766,2430672171,512
74767,2430706189,512
74768,2430738614,512
74769,2430773010,512
74770,2430806689,512
74771,2430838816,512
74772,2430870825,512
74773,2430902825,512
74774,2430935280,512
74775,2430967385,512
74776,2430999444,512
74777,2431031626,512
74778,2431063746,512
74779,2431095917,512
74780,2431128111,512
74781,2431160278,512
74782,2431195009,512
74783,2431227426,512
74784,2431259626,512
74785,2431291816,512
74786,2431323944,512
74787,2431356122,512
74788,2431388801,512
74789,2431422951,512
74790,2431455251,512
74791,2431489726,512
74792,2431523316,512
74793,2431555352,512
74794,2431587437,512
74795,2431619452,512
74796,2431651514,512
74797,2431683942,512
74798,2431716209,512
74799,2431748395,512
74800,2431780529,512
74801,2431812549,512
74802,2431844746,512
74803,2431876883,512
74804,2431908957,512
74805,2431941050,512
74806,2431973210,512
74807,2432005232,512
74808,2432039853,512
74809,2432072025,512
74810,2432105509,512
74811,2432140025,512
74812,2432172355,512
74813,2432206689,512
74814,2432240196,512
74815,2432272553,512
74816,2432304726,512
74817,2432336878,512
74818,2432369071,512
74819,2432401172,512
74820,2432433228,512
74821,2432465356,512
74822,2432497437,512
74823,2432529468,512
74824,2432561558,512
74825,2432593692,512
74826,2432625775,512
74827,2432659994,512
74828,2432692562,512
74829,2432724674,512
74830,2432756689,512
74831,2432789064,512
74832,2432822512,512
74833,2432856476,512
74834,2432888660,512
74835,2432923151,512
74836,2432956844,512
74837,2432989295,512
74838,2433021390,512
74839,2433053384,512
74840,2433085442,512
74841,2433117475,512
74842,2433149564,512
74843,2433181623,512
74844,2433213789,512
74845,2433245861,512
74846,2433278213,512
74847,2433310346,512
74848,2433342417,512
74849,2433374542,512
74850,2433409150,512
74851,2433441452,512
74852,2433473845,512
74853,2433505923,512
74854,2433538913,512
74855,2433572996,512
74856,2433605393,512
74857,2433640037,512
74858,2433673490,512
74859,2433705866,512
74860,2433737946,512
74861,2433770038,512
74862,2433802096,512
74863,2433834268,512
74864,2433866380,512
74865,2433898405,512
74866,2433930512,512
74867,2433962623,512
74868,2433994810,512
74869,2434026958,512
74870,2434059055,512
74871,2434091058,512
74872,2434123100,512
74873,2434155222,512
74874,2434187266,512
74875,2434219308,512
74876,2434252268,512
74877,2434286059,512
74878,2434318190,512
74879,2434350367,512
74880,2434382693,512
74881,2434414779,512
74882,2434446954,512
74883,2434479100,512
74884,2434511217,512
74885,2434543393,512
74886,2434575553,512
74887,2434607671,512
74888,2434639785,512
74889,2434674705,512
74890,2434706753,512
74891,2434739042,512
74892,2434771225,512
74893,2434803371,512
74894,2434835570,512
74895,2434868983,512
74896,2434902672,512
74897,2434934685,512
74898,2434966816,512
74899,2434998868,512
74900,2435031308,512
74901,2435063472,512
74902,2435095528,512
74903,2435127717,512
74904,2435159826,512
74905,2435192016,512
74906,2435224147,512
74907,2435256159,512
74908,2435288211,512
74909,2435320287,512
74910,2435352443,512
74911,2435384451,512
74912,2435416479,512
74913,2435448577,512
74914,2435481289,512
74915,2435515326,512
74916,2435547664,512
74917,2435579813,512
74918,2435611987,512
74919,2435644082,512
74920,2435676097,512
74921,2435708133,512
74922,2435740352,512
74923,2435772455,512
74924,2435804627,512
74925,2435836653,512
74926,2435868750,512
74927,2435900879,512
74928,2435933033,512
74929,2435965107,512
74930,2435999996,512
74931,2436032167,512
74932,2436064190,512
74933,2436097922,512
74934,2436131952,512
74935,2436164001,512
74936,2436198009,512
74937,2436231947,512
74938,2436264045,512
74939,2436296232,512
74940,2436328444,512
74941,2436360637,512
74942,2436392828,512
74943,2436424863,512
74944,2436456974,512
74945,2436489026,512
74946,2436521210,512
74947,2436553310,512
74948,2436585368,512
74949,2436617411,512
74950,2436649595,512
74951,2436681596,512
74952,2436714105,512
74953,2436748145,512
74954,2436780589,512
74955,2436814622,512
74956,2436848633,512
74957,2436881084,512
74958,2436914600,512
74959,2436948797,512
74960,2436980809,512
74961,2437012983,512
74962,2437045300,512
74963,2437077486,512
74964,2437109793,512
74965,2437141806,512
74966,2437173829,512
74967,2437205917,512
74968,2437238030,512
74969,2437270097,512
74970,2437302256,512
74971,2437334345,512
74972,2437366346,512
74973,2437398370,512
74974,2437430846,512
74975,2437465232,512
74976,2437497257,512
74977,2437531806,512
74978,2437565174,512
74979,2437597585,512
74980,2437631215,512
74981,2437665533,512
74982,2437697533,512
74983,2437729706,512
74984,2437762135,512
74985,2437794145,512
74986,2437826256,512
74987,2437858306,512
74988,2437890499,512
74989,2437922516,512
74990,2437954531,512
74991,2437986680,512
74992,2438018737,512
74993,2438050812,512
74994,2438082885,512
74995,2438114972,512
74996,2438147394,512
74997,2438181972,512
74998,2438214271,512
74999,2438248183,512
75000,2438282034,512
75001,2438314110,512
75002,2438348017,512
75003,2438382209,512
75004,2438414209,512
75005,2438446368,512
75006,2438478709,512
75007,2438510835,512
75008,2438542976,512
75009,2438575035,512
75010,2438607125,512
75011,2438639272,512
75012,2438671425,512
75013,2438703571,512
75014,2438735654,512
75015,2438767712,512
75016,2438799879,512
75017,2438831934,512
75018,2438864146,512
75019,2438898284,512
75020,2438930589,512
75021,2438964541,512
75022,2438998815,512
75023,2439031036,512
75024,2439063368,512
75025,2439095437,512
75026,2439127581,512
75027,2439159672,512
75028,2439191766,512
75029,2439223916,512
75030,2439256092,512
75031,2439288095,512
75032,2439320192,512
75033,2439352322,512
75034,2439384375,512
75035,2439416477,512
75036,2439451122,512
75037,2439483780,512
75038,2439515838,512
75039,2439547991,512
75040,2439580818,512
75041,2439615070,512
75042,2439647432,512
75043,2439681793,512
75044,2439715473,512
75045,2439747562,512
75046,2439779658,512
75047,2439812000,512
75048,2439844136,512
75049,2439876234,512
75050,2439908327,512
75051,2439940438,512
75052,2439972458,512
75053,2440004654,512
75054,2440036742,512
75055,2440068896,512
75056,2440100904,512
75057,2440133007,512
75058,2440165178,512
75059,2440199881,512
75060,2440232166,512
75061,2440264418,512
75062,2440297328,512
75063,2440329394,512
75064,2440364042,512
75065,2440398629,512
75066,2440432177,512
75067,2440464582,512
75068,2440496745,512
75069,2440528915,512
75070,2440561074,512
75071,2440593212,512
75072,2440625405,512
75073,2440657564,512
75074,2440689617,512
75075,2440721630,512
75076,2440753800,512
75077,2440788432,512
75078,2440820424,512
75079,2440852504,512
75080,2440884554,512
75081,2440917358,512
75082,2440949367,512
75083,2440981465,512
75084,2441013488,512
75085,2441045573,512
75086,2441077682,512
75087,2441109750,512
75088,2441141879,512
75089,2441173963,512
75090,2441206118,512
75091,2441238153,512
75092,2441270157,512
75093,2441302294,512
75094,2441334358,512
75095,2441369021,512
75096,2441401094,512
75097,2441433483,512
75098,2441465570,512
75099,2441497731,512
75100,2441530072,512
75101,2441562175,512
75102,2441594325,512
75103,2441627266,512
75104,2441661363,512
75105,2441693407,512
75106,2441726929,512
75107,2441761443,512
75108,2441793578,512
75109,2441825738,512
75110,2441857895,512
75111,2441889923,512
75112,2441922009,512
75113,2441954130,512
75114,2441986166,512
75115,2442018350,512
75116,2442050528,512
75117,2442082660,512
75118,2442114683,512
75119,2442146718,512
75120,2442178784,512
75121,2442210903,512
75122,2442243496,512
75123,2442277713,512
75124,2442309997,512
75125,2442344171,512
75126,2442377672,512
75127,2442410095,512
75128,2442442134,512
75129,2442474165,512
75130,2442506171,512
75131,2442538627,512
75132,2442570783,512
75133,2442602868,512
75134,2442634898,512
75135,2442667084,512
75136,2442699192,512
75137,2442731375,512
75138,2442763399,512
75139,2442795567,512
75140,2442827692,512
75141,2442859801,512
75142,2442894482,512
75143,2442926705,512
75144,2442960216,512
75145,2442994609,512
75146,2443026701,512
75147,2443060422,512
75148,2443094677,512
75149,2443126841,512
75150,2443158865,512
75151,2443190914,512
75152,2443223300,512
75153,2443255445,512
75154,2443287468,512
75155,2443319575,512
75156,2443351699,512
75157,2443383903,512
75158,2443415967,512
75159,2443448100,512
75160,2443480256,512
75161,2443512256,512
75162,2443544256,512
75163,2443576394,512
75164,2443608437,512
75165,2443640624,512
75166,2443673243,512
75167,2443707297,512
75168,2443739693,512
75169,2443772000,512
75170,2443804032,512
75171,2443836130,512
75172,2443868176,512
75173,2443900241,512
75174,2443932275,512
75175,2443964438,512
75176,2443996528,512
75177,2444028610,512
75178,2444060748,512
75179,2444092798,512
75180,2444124877,512
75181,2444156907,512
75182,2444189113,512
75183,2444221122,512
75184,2444253132,512
75185,2444285145,512
75186,2444317320,512
75187,2444351939,512
75188,2444384870,512
75189,2444416975,512
75190,2444448982,512
75191,2444481012,512
75192,2444513164,512
75193,2444545292,512
75194,2444577459,512
75195,2444609591,512
75196,2444641628,512
75197,2444676266,512
75198,2444708325,512
75199,2444740432,512
75200,2444772903,512
75201,2444805215,512
75202,2444837283,512
75203,2444869291,512
75204,2444902077,512
75205,2444936561,512
75206,2444968908,512
75207,2445001265,512
75208,2445033349,512
75209,2445065406,512
75210,2445097567,512
75211,2445129704,512
75212,2445161721,512
75213,2445193768,512
75214,2445225907,512
75215,2445257977,512
75216,2445290173,512
75217,2445322231,512
75218,2445354318,512
75219,2445388976,512
75220,2445421377,512
75221,2445453490,512
75222,2445485704,512
75223,2445518590,512
75224,2445552824,512
75225,2445585111,512
75226,2445618943,512
75227,2445653250,512
75228,2445685375,512
75229,2445717451,512
75230,2445749481,512
75231,2445781558,512
75232,2445813848,512
75233,2445845929,512
75234,2445877981,512
75235,2445910098,512
75236,2445942271,512
75237,2445974318,512
75238,2446006382,512
75239,2446038477,512
75240,2446070566,512
75241,2446102632,512
75242,2446135271,512
75243,2446169837,512
75244,2446201850,512
75245,2446235511,512
75246,2446269605,512
75247,2446301859,512
75248,2446335979,512
75249,2446369927,512
75250,2446401978,512
75251,2446434265,512
75252,2446466659,512
75253,2446498767,512
75254,2446530898,512
75255,2446562990,512
75256,2446595003,512
75257,2446627064,512
75258,2446659217,512
75259,2446691285,512
75260,2446723368,512
75261,2446755440,512
75262,2446787487,512
75263,2446819595,512
75264,2446854586,512
75265,2446886981,512
75266,2446919097,512
75267,2446952105,512
75268,2446986566,512
75269,2447018933,512
75270,2447052556,512
75271,2447086772,512
75272,2447119165,512
75273,2447151462,512
75274,2447183492,512
75275,2447215493,512
75276,2447247609,512
75277,2447279615,512
75278,2447311765,512
75279,2447343842,512
75280,2447376015,512
75281,2447408095,512
75282,2447440256,512
75283,2447472306,512
75284,2447504414,512
75285,2447539017,512
75286,2447571318,512
75287,2447603444,512
75288,2447635671,512
75289,2447669179,512
75290,2447703300,512
75291,2447735808,512
75292,2447769268,512
75293,2447803471,512
75294,2447835521,512
75295,2447867650,512
75296,2447899935,512
75297,2447932045,512
75298,2447964109,512
75299,2447996285,512
75300,2448028330,512
75301,2448060360,512
75302,2448092386,512
75303,2448124515,512
75304,2448156729,512
75305,2448188743,512
75306,2448220750,512
75307,2448252898,512
75308,2448285976,512
75309,2448319700,512
75310,2448351977,512
75311,2448385777,512
75313,2448452070,512
75314,2448486025,512
75315,2448520115,512
75316,2448552279,512
75317,2448584626,512
75318,2448616653,512
75319,2448648650,512
75320,2448680689,512
75321,2448712881,512
75322,2448744926,512
75323,2448777111,512
75324,2448809243,512
75325,2448841403,512
75326,2448873414,512
75327,2448905619,512
75328,2448937728,512
75329,2448972441,512
75330,2449004870,512
75331,2449036959,512
75332,2449069063,512
75333,2449103056,512
75334,2449136677,512
75335,2449168777,512
75336,2449202843,512
75337,2449236742,512
75338,2449268907,512
75339,2449301040,512
75340,2449333114,512
75341,2449365350,512
75342,2449397382,512
75343,2449429401,512
75344,2449461470,512
75345,2449493581,512
75346,2449525678,512
75347,2449557797,512
75348,2449589979,512
75349,2449622085,512
75350,2449654239,512
75351,2449686266,512
75352,2449718683,512
75353,2449753407,512
75354,2449785851,512
75355,2449819244,512
75356,2449853610,512
75357,2449885706,512
75358,2449919141,512
75359,2449953470,512
75360,2449985778,512
75361,2450017848,512
75362,2450050167,512
75363,2450082234,512
75364,2450114256,512
75365,2450146414,512
75366,2450178514,512
75367,2450210553,512
75368,2450242567,512
75369,2450274654,512
75370,2450306732,512
75371,2450338876,512
75372,2450370980,512
75373,2450403103,512
75374,2450435148,512
75375,2450467349,512
75376,2450502029,512
75377,2450536195,512
75378,2450570165,512
75379,2450602611,512
75380,2450636132,512
75381,2450670214,512
75382,2450702631,512
75383,2450734724,512
75384,2450766737,512
75385,2450798762,512
75386,2450830822,512
75387,2450862973,512
75388,2450895174,512
75389,2450927222,512
75390,2450959287,512
75391,2450991475,512
75392,2451023520,512
75393,2451055690,512
75394,2451087749,512
75395,2451119837,512
75396,2451152231,512
75397,2451187071,512
75398,2451219231,512
75399,2451252902,512
75400,2451286721,512
75401,2451318798,512
75402,2451352904,512
75403,2451386997,512
75404,2451419504,512
75405,2451451630,512
75406,2451483824,512
75407,2451515931,512
75408,2451548113,512
75410,2451612342,512
75411,2451644455,512
75412,2451679273,512
75413,2451711290,512
75415,2451775721,512
75416,2451807750,512
75417,2451840105,512
75418,2451872516,512
75419,2451904692,512
75420,2451936708,512
75421,2451969754,512
75422,2452003577,512
75423,2452035621,512
75424,2452069544,512
75425,2452103590,512
75426,2452135593,512
75427,2452167951,512
75428,2452200273,512
75429,2452232290,512
75430,2452264419,512
75431,2452296456,512
75432,2452328571,512
75433,2452360647,512
75434,2452392658,512
75435,2452424679,512
75436,2452456680,512
75437,2452488830,512
75438,2452520846,512
75439,2452553028,512
75440,2452585318,512
75441,2452619746,512
75442,2452652164,512
75443,2452686350,512
75444,2452720144,512
75445,2452752211,512
75446,2452784255,512
75447,2452816448,512
75448,2452848972,512
75449,2452881058,512
75450,2452913197,512
75451,2452945827,512
75452,2452978574,512
75453,2453012393,512
75454,2453044452,512
75455,2453076576,512
75456,2453108676,512
75457,2453140784,512
75458,2453173270,512
75459,2453205380,512
75460,2453237523,512
75461,2453269567,512
75462,2453302126,512
75463,2453336829,512
75464,2453368905,512
75465,2453403274,512
75466,2453436890,512
75467,2453469027,512
75468,2453501346,512
75469,2453533584,512
75470,2453565800,512
75471,2453597837,512
75472,2453629954,512
75473,2453662032,512
75474,2453694187,512
75475,2453726228,512
75476,2453758228,512
75477,2453790395,512
75478,2453822441,512
75479,2453854648,512
75480,2453889310,512
75481,2453921456,512
75482,2453953773,512
75483,2453985957,512
75484,2454019004,512
75485,2454053446,512
75486,2454085677,512
75487,2454119749,512
75488,2454153702,512
75489,2454185726,512
75490,2454217764,512
75491,2454250096,512
75492,2454282342,512
75493,2454314370,512
75494,2454346558,512
75495,2454378645,512
75496,2454410815,512
75497,2454442969,512
75498,2454475028,512
75499,2454507039,512
75500,2454539154,512
75501,2454571210,512
75502,2454603354,512
75503,2454635367,512
75504,2454667447,512
75505,2454702115,512
75506,2454735765,512
75507,2454770405,512
75508,2454802558,512
75509,2454836596,512
75510,2454870300,512
75511,2454902344,512
75512,2454934553,512
75513,2454966912,512
75514,2454998920,512
75515,2455031084,512
75516,2455063274,512
75517,2455095357,512
75518,2455127472,512
75519,2455159550,512
75520,2455191718,512
75521,2455223794,512
75522,2455255972,512
75523,2455288084,512
75524,2455320135,512
75525,2455352196,512
75526,2455386423,512
75527,2455418928,512
75528,2455452055,512
75529,2455484179,512
75530,2455516225,512
75531,2455548256,512
75532,2455580374,512
75533,2455615248,512
75534,2455647731,512
75535,2455679926,512
75536,2455712078,512
75537,2455744165,512
75538,2455776279,512
75539,2455808292,512
75540,2455840382,512
75541,2455872383,512
75542,2455904426,512
75543,2455936572,512
75544,2455968734,512
75545,2456003161,512
75546,2456035433,512
75547,2456068650,512
75548,2456100727,512
75549,2456132820,512
75550,2456164973,512
75551,2456199550,512
75552,2456231637,512
75553,2456263760,512
75554,2456296130,512
75555,2456328217,512
75556,2456360248,512
75557,2456392290,512
75558,2456424318,512
75559,2456456484,512
75560,2456488528,512
75561,2456520595,512
75562,2456552656,512
75563,2456584798,512
75564,2456616804,512
75565,2456648870,512
75566,2456681719,512
75567,2456716127,512
75568,2456748609,512
75569,2456782361,512
75570,2456816316,512
75571,2456848770,512
75572,2456880982,512
75573,2456913045,512
75574,2456945147,512
75575,2456977268,512
75576,2457009405,512
75577,2457041542,512
75578,2457073692,512
75579,2457105846,512
75580,2457137855,512
75581,2457169927,512
75582,2457204602,512
75583,2457236669,512
75584,2457268746,512
75585,2457301139,512
75586,2457333147,512
75587,2457365279,512
75588,2457398462,512
75589,2457432853,512
75590,2457464856,512
75591,2457499126,512
75592,2457533058,512
75593,2457565343,512
75594,2457597480,512
75595,2457629596,512
75596,2457661739,512
75597,2457693791,512
75598,2457725929,512
75599,2457758005,512
75600,2457790138,512
75601,2457822247,512
75602,2457854435,512
75603,2457886558,512
75604,2457918661,512
75605,2457953156,512
75606,2457985367,512
75607,2458017402,512
75608,2458049418,512
75609,2458081563,512
75610,2458115095,512
75611,2458149309,512
75612,2458181697,512
75613,2458215958,512
75614,2458249599,512
75615,2458281733,512
75616,2458313820,512
75617,2458346050,512
75618,2458378189,512
75619,2458410356,512
75620,2458442491,512
75621,2458474562,512
75622,2458506679,512
75623,2458538823,512
75624,2458570946,512
75625,2458603109,512
75626,2458635140,512
75627,2458667159,512
75628,2458699232,512
75629,2458734265,512
75630,2458766424,512
75631,2458798616,512
75632,2458831745,512
75633,2458866209,512
75634,2458898345,512
75635,2458932651,512
75636,2458966109,512
75637,2458998370,512
75638,2459030477,512
75639,2459062908,512
75640,2459095095,512
75641,2459127266,512
75642,2459159418,512
75643,2459191481,512
75644,2459223616,512
75645,2459255667,512
75646,2459287706,512
75647,2459319761,512
75648,2459351885,512
75649,2459383943,512
75650,2459416097,512
75651,2459448136,512
75652,2459482909,512
75653,2459514908,512
75654,2459548683,512
75655,2459582689,512
75656,2459615019,512
75657,2459649621,512
75658,2459682989,512
75659,2459715087,512
75660,2459747329,512
75661,2459779588,512
75662,2459811781,512
75663,2459843958,512
75664,2459876105,512
75665,2459908106,512
75666,2459940288,512
75667,2459972455,512
75668,2460004530,512
75669,2460036654,512
75670,2460071375,512
75671,2460103760,512
75672,2460135994,512
75673,2460168009,512
75674,2460200170,512
75675,2460232350,512
75676,2460265115,512
75677,2460299683,512
75678,2460331733,512
75679,2460366366,512
75680,2460399689,512
75681,2460431829,512
75682,2460463891,512
75683,2460496355,512
75684,2460528528,512
75685,2460560626,512
75686,2460592750,512
75687,2460624903,512
75688,2460657093,512
75689,2460689105,512
75690,2460721284,512
75692,2460785433,512
75693,2460817444,512
75694,2460849535,512
75696,2460916190,512
75697,2460948226,512
75698,2460982145,512
75699,2461016390,512
75700,2461048406,512
75701,2461082688,512
75702,2461116446,512
75703,2461148597,512
75704,2461180725,512
75705,2461212933,512
75706,2461245126,512
75707,2461277230,512
75708,2461309232,512
75709,2461341382,512
75710,2461373464,512
75711,2461405518,512
75712,2461437624,512
75713,2461469783,512
75714,2461501918,512
75715,2461534029,512
75716,2461566097,512
75717,2461598112,512
75718,2461630221,512
75719,2461662226,512
75720,2461694276,512
75721,2461729085,512
75722,2461761185,512
75723,2461793334,512
75724,2461825585,512
75725,2461857658,512
75726,2461889849,512
75727,2461922007,512
75728,2461954020,512
75729,2461986169,512
75730,2462018251,512
75731,2462050375,512
75732,2462082512,512
75733,2462114657,512
75734,2462146807,512
75735,2462178835,512
75736,2462211175,512
75737,2462245621,512
75738,2462277737,512
75739,2462311996,512
75740,2462345614,512
75741,2462378027,512
75742,2462411681,512
75743,2462445706,512
75744,2462477879,512
75745,2462510062,512
75746,2462542242,512
75747,2462574329,512
75748,2462606462,512
75749,2462638652,512
75750,2462670807,512
75751,2462702815,512
75752,2462734825,512
75753,2462766999,512
75754,2462799189,512
75755,2462831309,512
75756,2462863467,512
75757,2462895585,512
75758,2462927838,512
75759,2462962301,512
75760,2462994428,512
75761,2463028673,512
75762,2463062289,512
75763,2463094413,512
75764,2463126543,512
75765,2463158839,512
75766,2463191027,512
75767,2463223072,512
75768,2463255157,512
75769,2463287353,512
75770,2463319479,512
75771,2463351489,512
75772,2463383619,512
75773,2463415727,512
75774,2463447879,512
75775,2463480018,512
75776,2463512209,512
75777,2463546482,512
75778,2463578953,512
75779,2463611251,512
75780,2463644414,512
75781,2463679017,512
75782,2463711070,512
75783,2463745119,512
75784,2463779099,512
75785,2463811502,512
75786,2463843657,512
75787,2463876061,512
75788,2463908143,512
75789,2463940319,512
75790,2463972512,512
75791,2464004559,512
75792,2464036617,512
75793,2464068707,512
75794,2464103360,512
75795,2464135549,512
75796,2464167862,512
75797,2464200036,512
75798,2464232069,512
75799,2464264130,512
75800,2464296346,512
75801,2464328362,512
75802,2464361426,512
75803,2464395685,512
75804,2464427776,512
75805,2464462213,512
75806,2464495853,512
75807,2464527913,512
75808,2464559984,512
75809,2464592351,512
75810,2464624410,512
75811,2464656458,512
75812,2464688548,512
75813,2464720569,512
75814,2464752684,512
75815,2464784806,512
75816,2464816860,512
75817,2464848977,512
75818,2464881041,512
75819,2464913228,512
75820,2464945305,512
75821,2464977691,512
75822,2465012287,512
75823,2465044344,512
75824,2465077964,512
75825,2465113014,512
75826,2465145124,512
75827,2465178900,512
75828,2465212386,512
75829,2465244598,512
75830,2465276661,512
75831,2465309074,512
75832,2465341226,512
75833,2465373405,512
75834,2465405463,512
75835,2465437517,512
75836,2465469669,512
75837,2465501803,512
75838,2465533998,512
75839,2465566127,512
75840,2465598195,512
75841,2465630275,512
75842,2465664872,512
75843,2465697229,512
75844,2465729367,512
75845,2465761414,512
75846,2465795007,512
75847,2465828848,512
75848,2465861124,512
75849,2465895735,512
75850,2465929173,512
75851,2465961586,512
75852,2465993734,512
75853,2466025906,512
75854,2466057944,512
75855,2466089984,512
75856,2466122144,512
75857,2466154233,512
75858,2466186326,512
75859,2466218444,512
75860,2466250455,512
75861,2466282602,512
75862,2466314774,512
75863,2466346879,512
75864,2466379017,512
75865,2466413886,512
75866,2466445932,512
75867,2466478211,512
75868,2466510677,512
75869,2466542677,512
75870,2466574727,512
75871,2466606906,512
75872,2466638963,512
75873,2466671018,512
75874,2466703112,512
75875,2466735317,512
75876,2466770070,512
75877,2466802103,512
75878,2466834107,512
75879,2466866498,512
75880,2466898505,512
75881,2466930650,512
75882,2466962683,512
75883,2466994839,512
75884,2467026901,512
75885,2467059017,512
75886,2467091152,512
75887,2467124418,512
75888,2467158458,512
75889,2467190864,512
75890,2467223046,512
75891,2467255057,512
75892,2467287209,512
75893,2467319243,512
75894,2467351421,512
75895,2467383535,512
75896,2467415581,512
75897,2467447685,512
75898,2467479791,512
75899,2467511858,512
75900,2467543898,512
75901,2467575985,512
75902,2467608022,512
75903,2467640084,512
75904,2467672107,512
75905,2467704270,512
75906,2467740177,512
75907,2467772209,512
75908,2467804209,512
75909,2467836279,512
75911,2467903286,512
75912,2467935793,512
75913,2467967882,512
75914,2467999894,512
75915,2468031926,512
75916,2468064005,512
75917,2468096168,512
75918,2468128181,512
75919,2468160217,512
75920,2468192292,512
75921,2468224458,512
75922,2468256554,512
75923,2468288634,512
75924,2468320679,512
75925,2468354228,512
75926,2468387805,512
75927,2468420038,512
75928,2468453543,512
75929,2468487938,512
75930,2468520162,512
75931,2468552347,512
75932,2468584435,512
75933,2468616565,512
75934,2468648669,512
75935,2468680803,512
75936,2468712815,512
75937,2468744854,512
75938,2468776981,512
75939,2468809096,512
75940,2468841186,512
75941,2468873283,512
75942,2468905368,512
75943,2468937446,512
75944,2468972406,512
75945,2469004765,512
75946,2469036893,512
75947,2469070304,512
75948,2469104381,512
75949,2469136779,512
75950,2469170472,512
75951,2469204514,512
75952,2469236845,512
75953,2469269064,512
75954,2469301095,512
75955,2469333217,512
75956,2469365395,512
75957,2469397558,512
75958,2469429755,512
75959,2469461912,512
75960,2469493951,512
75961,2469528442,512
75962,2469560700,512
75963,2469592754,512
75964,2469624954,512
75965,2469657049,512
75966,2469689879,512
75967,2469722026,512
75968,2469754209,512
75969,2469787086,512
75970,2469820989,512
75971,2469853128,512
75972,2469885397,512
75973,2469917563,512
75974,2469949627,512
75975,2469981743,512
75976,2470013943,512
75977,2470045961,512
75978,2470078032,512
75979,2470110156,512
75980,2470142260,512
75981,2470174455,512
75982,2470206455,512
75983,2470238641,512
75984,2470270710,512
75985,2470302762,512
75986,2470337223,512
75987,2470369613,512
75988,2470402947,512
75989,2470437659,512
75990,2470469915,512
75991,2470503798,512
75992,2470537794,512
75993,2470570160,512
75994,2470603679,512
75995,2470637968,512
75996,2470670226,512
75997,2470702462,512
75998,2470734495,512
75999,2470766543,512
76000,2470798718,512
76001,2470830723,512
76002,2470862896,512
76003,2470894918,512
76004,2470927044,512
76005,2470959241,512
76006,2470991307,512
76007,2471023394,512
76008,2471055543,512
76009,2471090246,512
76010,2471123000,512
76011,2471155081,512
76012,2471187106,512
76013,2471220610,512
76014,2471254400,512
76015,2471286516,512
76016,2471320618,512
76017,2471354477,512
76018,2471386617,512
76019,2471418784,512
76020,2471451132,512
76021,2471483290,512
76022,2471515463,512
76023,2471547618,512
76024,2471579766,512
76025,2471611920,512
76026,2471644001,512
76027,2471676102,512
76028,2471710857,512
76029,2471742986,512
76030,2471775317,512
76031,2471807558,512
76032,2471839680,512
76033,2471871773,512
76034,2471903822,512
76035,2471938109,512
76036,2471971153,512
76037,2472003209,512
76038,2472035229,512
76039,2472067328,512
76040,2472099638,512
76041,2472131759,512
76042,2472163909,512
76043,2472195906,512
76044,2472227964,512
76045,2472260023,512
76046,2472292229,512
76047,2472324308,512
76048,2472356315,512
76049,2472388438,512
76050,2472420605,512
76051,2472452994,512
76052,2472487670,512
76053,2472519745,512
76054,2472553345,512
76055,2472587816,512
76056,2472619882,512
76057,2472654300,512
76058,2472687932,512
76059,2472719981,512
76060,2472752060,512
76061,2472784434,512
76062,2472816804,512
76063,2472848862,512
76064,2472880979,512
76065,2472913094,512
76066,2472945236,512
76067,2472977369,512
76068,2473009372,512
76069,2473041543,512
76070,2473076164,512
76071,2473108346,512
76072,2473140782,512
76073,2473172959,512
76074,2473205121,512
76075,2473237293,512
76076,2473270120,512
76077,2473304499,512
76078,2473336602,512
76079,2473371134,512
76080,2473404781,512
76082,2473469116,512
76083,2473501381,512
76084,2473533515,512
76085,2473565587,512
76086,2473597638,512
76087,2473629686,512
76088,2473661821,512
76089,2473693950,512
76090,2473726142,512
76091,2473758143,512
76092,2473792585,512
76093,2473825030,512
76094,2473857512,512
76095,2473889514,512
76096,2473921617,512
76097,2473953791,512
76098,2473986231,512
76099,2474018234,512
76100,2474050291,512
76101,2474082309,512
76102,2474114417,512
76103,2474146446,512
76105,2474210678,512
76106,2474245366,512
76107,2474277378,512
76108,2474309442,512
76109,2474341557,512
76110,2474373871,512
76111,2474406108,512
76112,2474438221,512
76113,2474470395,512
76114,2474502641,512
76115,2474534678,512
76116,2474566680,512
76117,2474599753,512
76118,2474633845,512
76119,2474665876,512
76120,2474699733,512
76121,2474733944,512
76122,2474766313,512
76123,2474798515,512
76124,2474830645,512
76125,2474862646,512
76126,2474894717,512
76127,2474926853,512
76128,2474958897,512
76129,2474990928,512
76130,2475022938,512
76131,2475055035,512
76132,2475087068,512
76133,2475119256,512
76134,2475151266,512
76135,2475183360,512
76136,2475215789,512
76137,2475250421,512
76138,2475282738,512
76139,2475316514,512
76140,2475350558,512
76141,2475382980,512
76142,2475416395,512
76143,2475450499,512
76144,2475482614,512
76145,2475514843,512
76146,2475547125,512
76147,2475579256,512
76148,2475611380,512
76149,2475643490,512
76150,2475675660,512
76151,2475707717,512
76152,2475739902,512
76153,2475772062,512
76154,2475804249,512
76155,2475836256,512
76156,2475868331,512
76157,2475902973,512
76158,2475935658,512
76159,2475967752,512
76160,2475999901,512
76161,2476033364,512
76162,2476067279,512
76163,2476099300,512
76164,2476133175,512
76165,2476167265,512
76166,2476199281,512
76167,2476231497,512
76168,2476263775,512
76169,2476295829,512
76170,2476327846,512
76171,2476359948,512
76172,2476392078,512
76173,2476424190,512
76174,2476456300,512
76175,2476488291,512
76176,2476520449,512
76177,2476552642,512
76178,2476584858,512
76179,2476616970,512
76180,2476649208,512
76181,2476683885,512
76182,2476715898,512
76183,2476750114,512
76184,2476783830,512
76185,2476815977,512
76186,2476848453,512
76187,2476880474,512
76188,2476912662,512
76189,2476944788,512
76190,2476976978,512
76191,2477009112,512
76192,2477041229,512
76193,2477073256,512
76194,2477105424,512
76195,2477137521,512
76196,2477169606,512
76197,2477204341,512
76198,2477236753,512
76199,2477268961,512
76200,2477301083,512
76201,2477333213,512
76202,2477366342,512
76203,2477400404,512
76204,2477432602,512
76205,2477466821,512
76206,2477500590,512
76207,2477532958,512
76208,2477565236,512
76209,2477597356,512
76210,2477629529,512
76211,2477661617,512
76212,2477693692,512
76213,2477725758,512
76214,2477757837,512
76215,2477790024,512
76216,2477822078,512
76217,2477854086,512
76218,2477886094,512
76219,2477918292,512
76220,2477950344,512
76221,2477985018,512
76222,2478017062,512
76223,2478049112,512
76224,2478082663,512
76225,2478117389,512
76226,2478149737,512
76227,2478182855,512
76228,2478217437,512
76229,2478249798,512
76230,2478281860,512
76231,2478313882,512
76232,2478345903,512
76233,2478378023,512
76234,2478410153,512
76235,2478442218,512
76236,2478474310,512
76237,2478506438,512
76238,2478538612,512
76239,2478570659,512
76240,2478602795,512
76241,2478634891,512
76242,2478667072,512
76243,2478701754,512
76244,2478734095,512
76245,2478766212,512
76246,2478799564,512
76247,2478833664,512
76248,2478865901,512
76249,2478900422,512
76250,2478934025,512
76251,2478966149,512
76252,2478998216,512
76253,2479030385,512
76254,2479062432,512
76255,2479094578,512
76256,2479126604,512
76257,2479158805,512
76258,2479190969,512
76259,2479223165,512
76260,2479255336,512
76261,2479287505,512
76262,2479319591,512
76263,2479351595,512
76264,2479383602,512
76265,2479415845,512
76266,2479450540,512
76267,2479482866,512
76268,2479516020,512
76269,2479550633,512
76270,2479582746,512
76271,2479617028,512
76272,2479650641,512
76273,2479682681,512
76274,2479714851,512
76275,2479747022,512
76276,2479779225,512
76277,2479811303,512
76278,2479843381,512
76279,2479875445,512
76280,2479907535,512
76281,2479939715,512
76282,2479971775,512
76283,2480003884,512
76284,2480035964,512
76285,2480068027,512
76286,2480100172,512
76287,2480132216,512
76288,2480164314,512
76289,2480196492,512
76290,2480228518,512
76291,2480260680,512
76292,2480295350,512
76293,2480327602,512
76294,2480359839,512
76295,2480391965,512
76296,2480424034,512
76297,2480456102,512
76298,2480488196,512
76299,2480520281,512
76300,2480552409,512
76301,2480584506,512
76302,2480616679,512
76303,2480648855,512
76304,2480680895,512
76305,2480712970,512
76306,2480745209,512
76307,2480779585,512
76308,2480811849,512
76309,2480846081,512
76310,2480879894,512
76311,2480912006,512
76312,2480944478,512
76313,2480976493,512
76314,2481008629,512
76315,2481040683,512
76316,2481072840,512
76317,2481104958,512
76318,2481137074,512
76319,2481169193,512
76320,2481201380,512
76321,2481233384,512
76322,2481265468,512
76323,2481297632,512
76324,2481329635,512
76325,2481364362,512
76326,2481396432,512
76327,2481428459,512
76328,2481462473,512
76329,2481496572,512
76330,2481529009,512
76331,2481562999,512
76333,2481629142,512
76334,2481661264,512
76335,2481693501,512
76336,2481725574,512
76337,2481757693,512
76338,2481789885,512
76339,2481822028,512
76340,2481854057,512
76341,2481886197,512
76342,2481918324,512
76343,2481952898,512
76344,2481984954,512
76345,2482017148,512
76346,2482049144,512
76347,2482081209,512
76348,2482113355,512
76349,2482145635,512
76350,2482178772,512
76351,2482213160,512
76352,2482245244,512
76353,2482279837,512
76354,2482313264,512
76355,2482345264,512
76356,2482377433,512
76357,2482409776,512
76358,2482441899,512
76359,2482473954,512
76360,2482506068,512
76361,2482538252,512
76362,2482570367,512
76363,2482602437,512
76364,2482634549,512
76365,2482666652,512
76366,2482698707,512
76367,2482730780,512
76368,2482762959,512
76369,2482795123,512
76370,2482829733,512
76371,2482861939,512
76372,2482895366,512
76373,2482930055,512
76374,2482962453,512
76375,2482996308,512
76376,2483030046,512
76377,2483062164,512
76378,2483094265,512
76379,2483126460,512
76380,2483158644,512
76381,2483190722,512
76382,2483222796,512
76383,2483254817,512
76384,2483286943,512
76385,2483319054,512
76386,2483351137,512
76387,2483383240,512
76388,2483415374,512
76389,2483447551,512
76390,2483479654,512
76391,2483511721,512
76392,2483543800,512
76393,2483575817,512
76394,2483608669,512
76395,2483642697,512
76396,2483674806,512
76397,2483707040,512
76398,2483739252,512
76399,2483771310,512
76400,2483803488,512
76401,2483835698,512
76402,2483867705,512
76403,2483899848,512
76404,2483931945,512
76405,2483964127,512
76406,2483996266,512
76407,2484028280,512
76408,2484060406,512
76409,2484092407,512
76410,2484124743,512
76411,2484159482,512
76412,2484191610,512
76413,2484225684,512
76414,2484258903,512
76415,2484291211,512
76416,2484323260,512
76417,2484355357,512
76418,2484387430,512
76419,2484419438,512
76420,2484451797,512
76421,2484483928,512
76422,2484516065,512
76423,2484548180,512
76424,2484580347,512
76425,2484612547,512
76426,2484644699,512
76427,2484676780,512
76428,2484708982,512
76429,2484740994,512
76430,2484773121,512
76431,2484807791,512
76432,2484841518,512
76433,2484875593,512
76434,2484907853,512
76435,2484941933,512
76436,2484975935,512
76437,2485007975,512
76438,2485042001,512
76439,2485075964,512
76440,2485107985,512
76441,2485140312,512
76442,2485172604,512
76443,2485204799,512
76444,2485236895,512
76445,2485269021,512
76446,2485301154,512
76447,2485333268,512
76448,2485365356,512
76449,2485397492,512
76450,2485429683,512
76451,2485464354,512
76452,2485496418,512
76453,2485528592,512
76454,2485561297,512
76455,2485593401,512
76456,2485625595,512
76457,2485658934,512
76458,2485692566,512
76459,2485724679,512
76460,2485757173,512
76461,2485789330,512
76462,2485821470,512
76463,2485853477,512
76464,2485885672,512
76465,2485917781,512
76466,2485949824,512
76467,2485981973,512
76468,2486014140,512
76469,2486046329,512
76470,2486078345,512
76471,2486112768,512
76472,2486145232,512
76473,2486177639,512
76474,2486209736,512
76475,2486241807,512
76476,2486274809,512
76477,2486309292,512
76478,2486341463,512
76479,2486375681,512
76480,2486409376,512
76481,2486441412,512
76482,2486473414,512
76483,2486505786,512
76484,2486537969,512
76485,2486570073,512
76486,2486602109,512
76487,2486634230,512
76488,2486666339,512
76489,2486698472,512
76490,2486730497,512
76491,2486762516,512
76492,2486794635,512
76493,2486826677,512
76494,2486858784,512
76495,2486891377,512
76496,2486925931,512
76497,2486958313,512
76498,2486991639,512
76499,2487025989,512
76500,2487058355,512
76501,2487092451,512
76502,2487126064,512
76503,2487158080,512
76504,2487190306,512
76505,2487222478,512
76506,2487254516,512
76507,2487286677,512
76508,2487318869,512
76509,2487351011,512
76510,2487383145,512
76511,2487415194,512
76512,2487447228,512
76513,2487479292,512
76514,2487511369,512
76515,2487543494,512
76516,2487575655,512
76517,2487607936,512
76518,2487642645,512
76519,2487675058,512
76520,2487708215,512
76521,2487742495,512
76522,2487774773,512
76523,2487808994,512
76524,2487842713,512
76525,2487874838,512
76526,2487906857,512
76527,2487939217,512
76528,2487971425,512
76529,2488003436,512
76530,2488035584,512
76531,2488067797,512
76532,2488099987,512
76533,2488132023,512
76534,2488164132,512
76535,2488196145,512
76536,2488228209,512
76537,2488260411,512
76538,2488292529,512
76539,2488327324,512
76540,2488359607,512
76541,2488391875,512
76542,2488424872,512
76543,2488459356,512
76544,2488491465,512
76545,2488525971,512
76546,2488559418,512
76547,2488591428,512
76548,2488623717,512
76549,2488656103,512
76550,2488688238,512
76551,2488720252,512
76552,2488752444,512
76553,2488784635,512
76554,2488816697,512
76555,2488848711,512
76556,2488880879,512
76557,2488912983,512
76558,2488945164,512
76559,2488977236,512
76560,2489011915,512
76561,2489044609,512
76562,2489076776,512
76563,2489108869,512
76564,2489141561,512
76565,2489176289,512
76566,2489208490,512
76567,2489242689,512
76568,2489276148,512
76569,2489308388,512
76570,2489340408,512
76571,2489372779,512
76572,2489404931,512
76573,2489437102,512
76574,2489469295,512
76575,2489501455,512
76576,2489533531,512
76577,2489565547,512
76578,2489597632,512
76579,2489629748,512
76580,2489661759,512
76581,2489693854,512
76582,2489725879,512
76583,2489758121,512
76584,2489792374,512
76585,2489824673,512
76586,2489858500,512
76587,2489892525,512
76588,2489924906,512
76589,2489959427,512
76590,2489992955,512
76591,2490025002,512
76592,2490057306,512
76593,2490089574,512
76594,2490121570,512
76595,2490153699,512
76596,2490185762,512
76597,2490217968,512
76598,2490250093,512
76599,2490282171,512
76600,2490314368,512
76601,2490346433,512
76602,2490378599,512
76603,2490410694,512
76604,2490445238,512
76605,2490477686,512
76606,2490509817,512
76607,2490542020,512
76608,2490574374,512
76609,2490606523,512
76610,2490638550,512
76611,2490670591,512
76612,2490702683,512
76613,2490734854,512
76614,2490767017,512
76615,2490801737,512
76616,2490833802,512
76617,2490866191,512
76618,2490898265,512
76619,2490930365,512
76620,2490962500,512
76621,2490994512,512
76622,2491026655,512
76623,2491058727,512
76624,2491090883,512
76625,2491122981,512
76626,2491155131,512
76627,2491188827,512
76628,2491222063,512
76629,2491254185,512
76630,2491286268,512
76631,2491318645,512
76632,2491350652,512
76633,2491382816,512
76634,2491415018,512
76635,2491447099,512
76636,2491479256,512
76637,2491511328,512
76638,2491543431,512
76639,2491575602,512
76640,2491607609,512
76641,2491639794,512
76642,2491671879,512
76643,2491706277,512
76644,2491738669,512
76645,2491771025,512
76646,2491804300,512
76647,2491838790,512
76648,2491870835,512
76649,2491905076,512
76650,2491938803,512
76651,2491971247,512
76652,2492003539,512
76653,2492035669,512
76654,2492067828,512
76655,2492099870,512
76656,2492131949,512
76657,2492164098,512
76658,2492196285,512
76659,2492228394,512
76660,2492263080,512
76661,2492295100,512
76662,2492327180,512
76663,2492359301,512
76664,2492391600,512
76665,2492423782,512
76666,2492455935,512
76667,2492488123,512
76668,2492520876,512
76669,2492556922,512
76670,2492591677,512
76671,2492625963,512
76672,2492659270,512
76673,2492691673,512
76674,2492724487,512
76675,2492756528,512
76676,2492788688,512
76677,2492820840,512
76678,2492852940,512
76679,2492885032,512
76680,2492917078,512
76681,2492949136,512
76682,2492983577,512
76683,2493015861,512
76684,2493048297,512
76685,2493080310,512
76686,2493112478,512
76687,2493144569,512
76688,2493176622,512
76689,2493208636,512
76690,2493240653,512
76691,2493272837,512
76692,2493304868,512
76693,2493338871,512
76694,2493372177,512
76695,2493404319,512
76696,2493436345,512
76697,2493468772,512
76698,2493500892,512
76699,2493532963,512
76700,2493565100,512
76701,2493597228,512
76702,2493629381,512
76703,2493661512,512
76704,2493693590,512
76705,2493725717,512
76706,2493757775,512
76707,2493789860,512
76708,2493821918,512
76709,2493854075,512
76710,2493888407,512
76711,2493920763,512
76712,2493954343,512
76713,2493988911,512
76714,2494021242,512
76715,2494055850,512
76716,2494089017,512
76717,2494121065,512
76718,2494153230,512
76719,2494185515,512
76720,2494217756,512
76721,2494249855,512
76722,2494281982,512
76723,2494314120,512
76724,2494346320,512
76725,2494378406,512
76726,2494410506,512
76727,2494442641,512
76728,2494477241,512
76729,2494509256,512
76730,2494541511,512
76731,2494573574,512
76732,2494605753,512
76733,2494637958,512
76734,2494670382,512
76735,2494702544,512
76736,2494734665,512
76737,2494766717,512
76738,2494798761,512
76739,2494830858,512
76740,2494863017,512
76741,2494895111,512
76742,2494929708,512
76743,2494961908,512
76744,2494993919,512
76745,2495026283,512
76746,2495058294,512
76747,2495090367,512
76748,2495122519,512
76749,2495154679,512
76750,2495187074,512
76751,2495219301,512
76752,2495251465,512
76753,2495284431,512
76754,2495318214,512
76755,2495350233,512
76756,2495384254,512
76757,2495418247,512
76758,2495450372,512
76759,2495482541,512
76760,2495515035,512
76761,2495547170,512
76762,2495579306,512
76763,2495611345,512
76764,2495643359,512
76765,2495675550,512
76766,2495707685,512
76767,2495739719,512
76768,2495771869,512
76769,2495806566,512
76770,2495838804,512
76771,2495871129,512
76772,2495903230,512
76773,2495935438,512
76774,2495967441,512
76775,2496001066,512
76776,2496034870,512
76777,2496067372,512
76778,2496099374,512
76779,2496131556,512
76780,2496163573,512
76781,2496195711,512
76782,2496227899,512
76783,2496259974,512
76784,2496292035,512
76785,2496324140,512
76786,2496356209,512
76787,2496388254,512
76788,2496420418,512
76789,2496452480,512
76790,2496484568,512
76791,2496519295,512
76792,2496551427,512
76793,2496583850,512
76794,2496616913,512
76795,2496651566,512
76796,2496683598,512
76797,2496717875,512
76798,2496751614,512
76799,2496784056,512
76800,2496816286,512
76801,2496848343,512
76802,2496880380,512
76803,2496912496,512
76804,2496944507,512
76805,2496976688,512
76806,2497008749,512
76807,2497040905,512
76808,2497073038,512
76809,2497105128,512
76810,2497137323,512
76811,2497171975,512
76812,2497204086,512
76813,2497236410,512
76814,2497268620,512
76815,2497300781,512
76816,2497334214,512
76817,2497368099,512
76818,2497400144,512
76819,2497434702,512
76820,2497468627,512
76821,2497500639,512
76822,2497532800,512
76823,2497564848,512
76824,2497596882,512
76825,2497628961,512
76826,2497661075,512
76827,2497693221,512
76828,2497725295,512
76829,2497757439,512
76830,2497789488,512
76831,2497821595,512
76832,2497853767,512
76833,2497885815,512
76834,2497917922,512
76835,2497950169,512
76836,2497984759,512
76837,2498016823,512
76838,2498050423,512
76839,2498084822,512
76840,2498116912,512
76841,2498151638,512
76842,2498184899,512
76843,2498217095,512
76844,2498249492,512
76845,2498281628,512
76846,2498313747,512
76847,2498345924,512
76848,2498378062,512
76849,2498410153,512
76850,2498442233,512
76851,2498474355,512
76852,2498506355,512
76853,2498538533,512
76854,2498570581,512
76855,2498602685,512
76856,2498634727,512
76857,2498666849,512
76858,2498701425,512
76859,2498733461,512
76860,2498767058,512
76861,2498801665,512
76862,2498833674,512
76863,2498868423,512
76864,2498901579,512
76865,2498933637,512
76866,2498965797,512
76867,2498997800,512
76868,2499029898,512
76869,2499061907,512
76870,2499094039,512
76871,2499126472,512
76872,2499158545,512
76873,2499190706,512
76874,2499222743,512
76875,2499254840,512
76876,2499286973,512
76877,2499319062,512
76878,2499351088,512
76879,2499383364,512
76880,2499415505,512
76881,2499450132,512
76882,2499483883,512
76883,2499518270,512
76884,2499550301,512
76885,2499584744,512
76886,2499618376,512
76887,2499650383,512
76888,2499682672,512
76889,2499715023,512
76890,2499747082,512
76891,2499779193,512
76892,2499811348,512
76893,2499843462,512
76894,2499875574,512
76895,2499907679,512
76896,2499939866,512
76897,2499971910,512
76898,2500004072,512
76899,2500036170,512
76900,2500070896,512
76901,2500103014,512
76902,2500135167,512
76903,2500167393,512
76904,2500200658,512
76905,2500235084,512
76906,2500267478,512
76907,2500301799,512
76908,2500335172,512
76909,2500367174,512
76910,2500399387,512
76911,2500431668,512
76912,2500463858,512
76913,2500495926,512
76914,2500528074,512
76915,2500560269,512
76916,2500592402,512
76917,2500624546,512
76918,2500656573,512
76919,2500688669,512
76920,2500720692,512
76921,2500752748,512
76922,2500787543,512
76923,2500820074,512
76924,2500852083,512
76925,2500884312,512
76926,2500916981,512
76927,2500951606,512
76928,2500983667,512
76929,2501018385,512
76930,2501051734,512
76931,2501083777,512
76932,2501115866,512
76933,2501148096,512
76934,2501180422,512
76935,2501212447,512
76936,2501244628,512
76937,2501276776,512
76938,2501308799,512
76939,2501340955,512
76940,2501373104,512
76941,2501405178,512
76942,2501437329,512
76943,2501469469,512
76944,2501504193,512
76945,2501536714,512
76946,2501568872,512
76947,2501601056,512
76948,2501633280,512
76949,2501665440,512
76950,2501697553,512
76951,2501729680,512
76952,2501761854,512
76953,2501796998,512
76954,2501829745,512
76955,2501861930,512
76956,2501896649,512
76957,2501928724,512
76958,2501960798,512
76959,2501993167,512
76960,2502025188,512
76961,2502057258,512
76962,2502089458,512
76963,2502121638,512
76964,2502153750,512
76965,2502185871,512
76966,2502217908,512
76967,2502250403,512
76968,2502285279,512
76969,2502317593,512
76970,2502350616,512
76971,2502384804,512
76972,2502417211,512
76973,2502451389,512
76974,2502485248,512
76975,2502517333,512
76976,2502549442,512
76977,2502581795,512
76978,2502613991,512
76979,2502646116,512
76980,2502678140,512
76981,2502710274,512
76982,2502742345,512
76983,2502774467,512
76984,2502806507,512
76985,2502838558,512
76986,2502870571,512
76987,2502902727,512
76988,2502934880,512
76989,2502967453,512
76990,2503001645,512
76991,2503033723,512
76992,2503066676,512
76993,2503098721,512
76994,2503130734,512
76995,2503162890,512
76996,2503195027,512
76997,2503227232,512
76998,2503259329,512
76999,2503291392,512
77000,2503325825,512
77001,2503357963,512
77002,2503390087,512
77003,2503422209,512
77004,2503454270,512
77005,2503486768,512
77006,2503518775,512
77007,2503550901,512
77008,2503582923,512
77009,2503614992,512
77010,2503646996,512
77011,2503680893,512
77012,2503714434,512
77013,2503746473,512
77014,2503778512,512
77015,2503810641,512
77016,2503842979,512
77017,2503875161,512
77018,2503907307,512
77019,2503939379,512
77020,2503971579,512
77021,2504003680,512
77022,2504035791,512
77023,2504067928,512
77024,2504099999,512
77025,2504132005,512
77026,2504164195,512
77027,2504199009,512
77028,2504231479,512
77029,2504263623,512
77030,2504296512,512
77031,2504331034,512
77032,2504363124,512
77033,2504397490,512
77034,2504431168,512
77035,2504463252,512
77036,2504495404,512
77037,2504527671,512
77038,2504559791,512
77039,2504591939,512
77040,2504623991,512
77041,2504656015,512
77042,2504688141,512
77043,2504720348,512
77044,2504752512,512
77045,2504784548,512
77046,2504816712,512
77047,2504848873,512
77048,2504880943,512
77049,2504915817,512
77050,2504948111,512
77051,2504980157,512
77052,2505012695,512
77053,2505044890,512
77054,2505076898,512
77055,2505109079,512
77056,2505141088,512
77057,2505173147,512
77058,2505205208,512
77059,2505237292,512
77060,2505271995,512
77061,2505304373,512
77062,2505336405,512
77063,2505368567,512
77064,2505400745,512
77065,2505432896,512
77066,2505465010,512
77067,2505497040,512
77068,2505529362,512
77069,2505561497,512
77070,2505593553,512
77071,2505626656,512
77072,2505660385,512
77073,2505692880,512
77074,2505724879,512
77075,2505756933,512
77076,2505788954,512
77077,2505820980,512
77078,2505853156,512
77079,2505885269,512
77080,2505917295,512
77081,2505949323,512
77082,2505981418,512
77083,2506013460,512
77084,2506045479,512
77085,2506077618,512
77086,2506109730,512
77087,2506142111,512
77088,2506174241,512
77089,2506208872,512
77090,2506242468,512
77091,2506277007,512
77092,2506309492,512
77093,2506343328,512
77094,2506376968,512
77095,2506409144,512
77096,2506441316,512
77097,2506473626,512
77098,2506505630,512
77099,2506537823,512
77100,2506569835,512
77101,2506602079,512
77102,2506634213,512
77103,2506666407,512
77104,2506698558,512
77105,2506730742,512
77106,2506765339,512
77107,2506797432,512
77108,2506829563,512
77109,2506861660,512
77110,2506893669,512
77111,2506926095,512
77112,2506959158,512
77113,2506993797,512
77114,2507025903,512
77115,2507060217,512
77116,2507093770,512
77117,2507125799,512
77118,2507157907,512
77119,2507190212,512
77120,2507222493,512
77121,2507254532,512
77122,2507286655,512
77123,2507318779,512
77124,2507350902,512
77125,2507383046,512
77126,2507415103,512
77127,2507447279,512
77128,2507479454,512
77129,2507511543,512
77130,2507546231,512
77131,2507578633,512
77132,2507610798,512
