seq,timestamp_us,sample_count
60493,1968724401,512
60494,1968756621,512
60495,1968788782,512
60496,1968820940,512
60497,1968853066,512
60498,1968885258,512
60499,1968917287,512
60500,1968951956,512
60501,1968984002,512
60502,1969016225,512
60503,1969048371,512
60504,1969080428,512
60505,1969112460,512
60506,1969144536,512
60507,1969176746,512
60508,1969208883,512
60509,1969240963,512
60510,1969274729,512
60511,1969307623,512
60512,1969339926,512
60513,1969372092,512
60514,1969404217,512
60515,1969436360,512
60516,1969468386,512
60517,1969500414,512
60518,1969532551,512
60520,1969596658,512
60521,1969631723,512
60522,1969663898,512
60523,1969696060,512
60524,1969728213,512
60525,1969760386,512
60526,1969792465,512
60527,1969824512,512
60528,1969859133,512
60529,1969891802,512
60530,1969923857,512
60531,1969956038,512
60532,1969988933,512
60533,1970022986,512
60534,1970055423,512
60535,1970087521,512
60536,1970119682,512
60537,1970151770,512
60538,1970183909,512
60539,1970215943,512
60540,1970248124,512
60541,1970282830,512
60542,1970314902,512
60543,1970347215,512
60544,1970379291,512
60545,1970411466,512
60546,1970443516,512
60547,1970475642,512
60548,1970507680,512
60549,1970539859,512
60550,1970571859,512
60551,1970604540,512
60552,1970638255,512
60553,1970670345,512
60554,1970702463,512
60555,1970734777,512
60556,1970766847,512
60557,1970799013,512
60558,1970831114,512
60559,1970863323,512
60560,1970895359,512
60561,1970927532,512
60562,1970959532,512
60563,1970994229,512
60564,1971026585,512
60565,1971058622,512
60566,1971090681,512
60567,1971122994,512
60568,1971155147,512
60569,1971187154,512
60570,1971219524,512
60571,1971253553,512
60572,1971285849,512
60573,1971318250,512
60574,1971350276,512
60575,1971382473,512
60576,1971414622,512
60577,1971446659,512
60578,1971478732,512
60579,1971510749,512
60580,1971542832,512
60581,1971574934,512
60582,1971609304,512
60583,1971641587,512
60584,1971674061,512
60585,1971706104,512
60586,1971738182,512
60587,1971770311,512
60588,1971802313,512
60589,1971834472,512
60590,1971866547,512
60591,1971898587,512
60592,1971934822,512
60593,1971969469,512
60594,1972001718,512
60595,1972033778,512
60596,1972065839,512
60597,1972097991,512
60598,1972130084,512
60599,1972162271,512
60600,1972194273,512
60601,1972226421,512
60602,1972261379,512
60603,1972293496,512
60604,1972325696,512
60605,1972357738,512
60606,1972389833,512
60607,1972421999,512
60608,1972454031,512
60609,1972486084,512
60610,1972520772,512
60611,1972554115,512
60612,1972586134,512
60613,1972620772,512
60614,1972654095,512
60615,1972688392,512
60616,1972720597,512
60617,1972754591,512
60618,1972788518,512
60619,1972820522,512
60620,1972852689,512
60621,1972885075,512
60622,1972917759,512
60623,1972952990,512
60624,1972985098,512
60625,1973017179,512
60626,1973049383,512
60627,1973081399,512
60628,1973113584,512
60629,1973145639,512
60630,1973180296,512
60631,1973212414,512
60632,1973244678,512
60633,1973276743,512
60634,1973308890,512
60635,1973341057,512
60636,1973373352,512
60637,1973408039,512
60638,1973440119,512
60639,1973473486,512
60640,1973507602,512
60641,1973539883,512
60642,1973574138,512
60643,1973607570,512
60644,1973639884,512
60645,1973671991,512
60646,1973704287,512
60647,1973736417,512
60648,1973768472,512
60649,1973800516,512
60650,1973832684,512
60651,1973864827,512
60652,1973896867,512
60653,1973928985,512
60654,1973963618,512
60655,1973996103,512
60656,1974028220,512
60657,1974060311,512
60658,1974092476,512
60659,1974124562,512
60660,1974156623,512
60661,1974189455,512
60662,1974223088,512
60663,1974255345,512
60664,1974287703,512
60665,1974319777,512
60666,1974351839,512
60667,1974384021,512
60668,1974416056,512
60669,1974448227,512
60670,1974480384,512
60671,1974515050,512
60672,1974547055,512
60673,1974579097,512
60674,1974611496,512
60675,1974643523,512
60676,1974675721,512
60677,1974707812,512
60678,1974740011,512
60679,1974772117,512
60680,1974806919,512
60681,1974839300,512
60682,1974871446,512
60683,1974904702,512
60684,1974938869,512
60685,1974971156,512
60686,1975003280,512
60687,1975035461,512
60688,1975067583,512
60689,1975099725,512
60690,1975131764,512
60691,1975163898,512
60692,1975198681,512
60693,1975230831,512
60694,1975262940,512
60695,1975295060,512
60696,1975327244,512
60697,1975359395,512
60698,1975391442,512
60699,1975423653,512
60700,1975457826,512
60701,1975490357,512
60702,1975523835,512
60703,1975558008,512
60704,1975590113,512
60705,1975623066,512
60706,1975655193,512
60707,1975687311,512
60708,1975719434,512
60709,1975754012,512
60710,1975786414,512
60711,1975818482,512
60712,1975850523,512
60713,1975882659,512
60714,1975914685,512
60715,1975946727,512
60716,1975978827,512
60717,1976010883,512
60718,1976042886,512
60719,1976075077,512
60720,1976107096,512
60721,1976141870,512
60722,1976174023,512
60723,1976206068,512
60724,1976239135,512
60725,1976274074,512
60726,1976306089,512
60727,1976339794,512
60728,1976373516,512
60729,1976405920,512
60730,1976438200,512
60731,1976470264,512
60732,1976502354,512
60733,1976534433,512
60734,1976566580,512
60735,1976598638,512
60736,1976633292,512
60737,1976665724,512
60738,1976697723,512
60739,1976729855,512
60740,1976761979,512
60741,1976794086,512
60742,1976826189,512
60743,1976858213,512
60744,1976890291,512
60745,1976922323,512
60746,1976957234,512
60747,1976989361,512
60748,1977021430,512
60749,1977054823,512
60750,1977088984,512
60751,1977120991,512
60752,1977153340,512
60753,1977185360,512
60754,1977217474,512
60755,1977249547,512
60756,1977281557,512
60757,1977313657,512
60758,1977345681,512
60759,1977377787,512
60760,1977409882,512
60761,1977441968,512
60762,1977476566,512
60763,1977508739,512
60764,1977540905,512
60765,1977572959,512
60766,1977604981,512
60767,1977637336,512
60768,1977670842,512
60769,1977704316,512
60770,1977736490,512
60771,1977768869,512
60772,1977800936,512
60773,1977833101,512
60774,1977865297,512
60775,1977897460,512
60776,1977929511,512
60777,1977964132,512
60778,1977996280,512
60779,1978028559,512
60780,1978060858,512
60781,1978092922,512
60782,1978124952,512
60783,1978157037,512
60784,1978189229,512
60785,1978223501,512
60786,1978255939,512
60787,1978288467,512
60788,1978320557,512
60789,1978352713,512
60790,1978385841,512
60791,1978419856,512
60792,1978452266,512
60793,1978484380,512
60794,1978516483,512
60795,1978548550,512
60796,1978580574,512
60797,1978612626,512
60798,1978644658,512
60799,1978676778,512
60800,1978711440,512
60801,1978743523,512
60802,1978775987,512
60803,1978808086,512
60804,1978840088,512
60805,1978872251,512
60806,1978904415,512
60807,1978936451,512
60808,1978968527,512
60809,1979001231,512
60810,1979035276,512
60811,1979067519,512
60812,1979099634,512
60813,1979131657,512
60814,1979163800,512
60815,1979195997,512
60816,1979228090,512
60817,1979260187,512
60818,1979292316,512
60819,1979327008,512
60820,1979359124,512
60821,1979391293,512
60822,1979423485,512
60823,1979455523,512
60824,1979487532,512
60825,1979519727,512
60826,1979551758,512
60827,1979583766,512
60828,1979616227,512
60829,1979650492,512
60830,1979682767,512
60831,1979716637,512
60832,1979750670,512
60833,1979783037,512
60834,1979815239,512
60835,1979847311,512
60836,1979879396,512
60837,1979911409,512
60838,1979943582,512
60839,1979975773,512
60840,1980010360,512
60841,1980042717,512
60842,1980074931,512
60843,1980106963,512
60844,1980138966,512
60845,1980170974,512
60846,1980203167,512
60847,1980235357,512
60848,1980267409,512
60849,1980302055,512
60850,1980335375,512
60851,1980369606,512
60852,1980402281,512
60853,1980435930,512
60854,1980469696,512
60855,1980502108,512
60856,1980536058,512
60857,1980569809,512
60858,1980601976,512
60859,1980634012,512
60860,1980666379,512
60861,1980698482,512
60862,1980730627,512
60863,1980762680,512
60864,1980794735,512
60865,1980826882,512
60866,1980858953,512
60867,1980893228,512
60868,1980925611,512
60869,1980958077,512
60870,1980990112,512
60871,1981022187,512
60872,1981054328,512
60873,1981086501,512
60874,1981118635,512
60875,1981151436,512
60876,1981185159,512
60877,1981217299,512
60878,1981249527,512
60879,1981281594,512
60880,1981313687,512
60881,1981345782,512
60883,1981410155,512
60884,1981442238,512
60885,1981474346,512
60886,1981509044,512
60887,1981541188,512
60888,1981573471,512
60889,1981605633,512
60890,1981637700,512
60891,1981669742,512
60892,1981701910,512
60893,1981733972,512
60894,1981767339,512
60895,1981800503,512
60896,1981832930,512
60897,1981865324,512
60898,1981897324,512
60899,1981929461,512
60900,1981961584,512
60901,1981993633,512
60902,1982025659,512
60903,1982057754,512
60904,1982089857,512
60905,1982121884,512
60906,1982156602,512
60907,1982189057,512
60908,1982221201,512
60909,1982253371,512
60910,1982285557,512
60911,1982317620,512
60912,1982349659,512
60913,1982384627,512
60914,1982416723,512
60915,1982448887,512
60916,1982481793,512
60917,1982516258,512
60918,1982548552,512
60919,1982580725,512
60920,1982612936,512
60921,1982645031,512
60922,1982677120,512
60923,1982709142,512
60924,1982741194,512
60925,1982773235,512
60926,1982805344,512
60927,1982839560,512
60928,1982872181,512
60929,1982904217,512
60930,1982936305,512
60931,1982968350,512
60932,1983000422,512
60933,1983032606,512
60934,1983064633,512
60935,1983097486,512
60936,1983131503,512
60937,1983163728,512
60938,1983195738,512
60939,1983228042,512
60940,1983260168,512
60941,1983292281,512
60942,1983324332,512
60943,1983356395,512
60944,1983388448,512
60945,1983420574,512
60946,1983452621,512
60947,1983487560,512
60948,1983519735,512
60949,1983551738,512
60950,1983583846,512
60951,1983615939,512
60952,1983648082,512
60953,1983680279,512
60954,1983712761,512
60955,1983746796,512
60956,1983779213,512
60957,1983813302,512
60958,1983847111,512
60959,1983879193,512
60960,1983911280,512
60961,1983943493,512
60962,1983975516,512
60963,1984007802,512
60964,1984039990,512
60965,1984072018,512
60966,1984104181,512
60967,1984138799,512
60968,1984171190,512
60969,1984203346,512
60970,1984235414,512
60971,1984267589,512
60972,1984299657,512
60973,1984331731,512
60974,1984363820,512
60975,1984395861,512
60976,1984429080,512
60977,1984462553,512
60978,1984494558,512
60979,1984526624,512
60980,1984559053,512
60981,1984591074,512
60982,1984623183,512
60983,1984655275,512
60984,1984687311,512
60985,1984719482,512
60986,1984754214,512
60987,1984786325,512
60988,1984818610,512
60989,1984850658,512
60990,1984882792,512
60991,1984914892,512
60992,1984947028,512
60993,1984979162,512
60994,1985011216,512
60995,1985043447,512
60996,1985077726,512
60997,1985110037,512
60998,1985144010,512
60999,1985177878,512
61000,1985210311,512
61001,1985242358,512
61002,1985274467,512
61003,1985306478,512
61004,1985338550,512
61005,1985370733,512
61006,1985402905,512
61007,1985434978,512
61008,1985469639,512
61009,1985501750,512
61010,1985533754,512
61011,1985566010,512
61012,1985598169,512
61013,1985630267,512
61014,1985662421,512
61015,1985694422,512
61016,1985726616,512
61017,1985759480,512
61018,1985793023,512
61019,1985825442,512
61020,1985857535,512
61021,1985889697,512
61022,1985921833,512
61023,1985953868,512
61024,1985985901,512
61025,1986017950,512
61026,1986049981,512
61027,1986082008,512
61028,1986114153,512
61029,1986146315,512
61030,1986178328,512
61031,1986212664,512
61032,1986244988,512
61033,1986277406,512
61034,1986309441,512
61035,1986341456,512
61036,1986375077,512
61037,1986408708,512
61038,1986440862,512
61039,1986473294,512
61040,1986505299,512
61041,1986537389,512
61042,1986569463,512
61044,1986633536,512
61045,1986665580,512
61046,1986697708,512
61047,1986729715,512
61048,1986761859,512
61049,1986793884,512
61050,1986828627,512
61051,1986861074,512
61052,1986893369,512
61053,1986925399,512
61054,1986957525,512
61055,1986992398,512
61056,1987024553,512
61057,1987056691,512
61058,1987090345,512
61059,1987124013,512
61060,1987156201,512
61061,1987188373,512
61062,1987220650,512
61063,1987252678,512
61064,1987284871,512
61065,1987317059,512
61066,1987349134,512
61067,1987381286,512
61068,1987415999,512
61069,1987448061,512
61070,1987480140,512
61071,1987512363,512
61072,1987544511,512
61073,1987576706,512
61074,1987609163,512
61075,1987641168,512
61076,1987675788,512
61077,1987709249,512
61078,1987743412,512
61079,1987775571,512
61080,1987808663,512
61081,1987840833,512
61082,1987875490,512
61083,1987909382,512
61084,1987943373,512
61085,1987975463,512
61086,1988007684,512
61087,1988039799,512
61088,1988071871,512
61089,1988104055,512
61090,1988136192,512
61091,1988168315,512
61092,1988200461,512
61093,1988232585,512
61094,1988267301,512
61095,1988299601,512
61096,1988331772,512
61097,1988363947,512
61098,1988396027,512
61099,1988428096,512
61100,1988460260,512
61101,1988492434,512
61102,1988524447,512
61103,1988558763,512
61104,1988590889,512
61105,1988623135,512
61106,1988655535,512
61107,1988687664,512
61108,1988719844,512
61109,1988751897,512
61110,1988784022,512
61111,1988816099,512
61112,1988850664,512
61113,1988883128,512
61114,1988915178,512
61115,1988947375,512
61116,1988979561,512
61117,1989011555,512
61118,1989043694,512
61119,1989075883,512
61120,1989110523,512
61121,1989142821,512
61122,1989174975,512
61123,1989207028,512
61124,1989240489,512
61125,1989274490,512
61126,1989306775,512
61127,1989339008,512
61128,1989371185,512
61129,1989403285,512
61130,1989435364,512
61131,1989467516,512
61132,1989502144,512
61133,1989534248,512
61134,1989566599,512
61135,1989598631,512
61136,1989630780,512
61137,1989662840,512
61138,1989695035,512
61139,1989727098,512
61140,1989759143,512
61141,1989791163,512
61142,1989825857,512
61143,1989859325,512
61144,1989893453,512
61145,1989925771,512
61146,1989958962,512
61147,1989993642,512
61148,1990025817,512
61149,1990059682,512
61150,1990093360,512
61151,1990125706,512
61152,1990157746,512
61153,1990190048,512
61154,1990222077,512
61155,1990254234,512
61156,1990286318,512
61157,1990318377,512
61158,1990350446,512
61159,1990382549,512
61160,1990414611,512
61161,1990446637,512
61162,1990478700,512
61163,1990512871,512
61164,1990545398,512
61165,1990577857,512
61166,1990609868,512
61167,1990642032,512
61168,1990675614,512
61169,1990709124,512
61170,1990741349,512
61171,1990773518,512
61172,1990805711,512
61173,1990837879,512
61174,1990869945,512
61175,1990901960,512
61176,1990934156,512
61177,1990968881,512
61178,1991001029,512
61179,1991033518,512
61180,1991065669,512
61181,1991097833,512
61182,1991130000,512
61183,1991162030,512
61184,1991196808,512
61185,1991228850,512
61186,1991261229,512
61187,1991293568,512
61188,1991325771,512
61189,1991357926,512
61190,1991390344,512
61191,1991424172,512
61192,1991456326,512
61193,1991488593,512
61194,1991520821,512
61195,1991552889,512
61196,1991585031,512
61197,1991617229,512
61198,1991649338,512
61199,1991681415,512
61200,1991713496,512
61201,1991748148,512
61202,1991780299,512
61203,1991812712,512
61204,1991844767,512
61205,1991876950,512
61206,1991909103,512
61207,1991941215,512
61208,1991973280,512
61209,1992006631,512
61210,1992039650,512
61211,1992071955,512
61212,1992104183,512
61213,1992136252,512
61214,1992168329,512
61215,1992200346,512
61216,1992232441,512
61217,1992264457,512
61218,1992296610,512
61219,1992328726,512
61220,1992360801,512
61221,1992392897,512
61222,1992424927,512
61223,1992459623,512
61224,1992491696,512
61225,1992524392,512
61226,1992556585,512
61227,1992588585,512
61228,1992621293,512
61229,1992655737,512
61230,1992687788,512
61231,1992721268,512
61232,1992755387,512
61233,1992787569,512
61234,1992819943,512
61235,1992852023,512
61236,1992884022,512
61237,1992916123,512
61238,1992948319,512
61239,1992980478,512
61240,1993015180,512
61241,1993047484,512
61242,1993079587,512
61243,1993111744,512
61244,1993143769,512
61245,1993175956,512
61246,1993208090,512
61247,1993240213,512
61248,1993272277,512
61249,1993306924,512
61250,1993340308,512
61251,1993374627,512
61252,1993407037,512
61253,1993440516,512
61254,1993474476,512
61255,1993506674,512
61256,1993540849,512
61257,1993574738,512
61258,1993607161,512
61259,1993639266,512
61260,1993671384,512
61261,1993703532,512
61262,1993735639,512
61263,1993767667,512
61264,1993799749,512
61265,1993834369,512
61266,1993866550,512
61267,1993898834,512
61268,1993930844,512
61269,1993962994,512
61270,1993995148,512
61271,1994027284,512
61272,1994059291,512
61273,1994091334,512
61274,1994123435,512
61275,1994156116,512
61276,1994190079,512
61277,1994222547,512
61278,1994254569,512
61279,1994286652,512
61280,1994318717,512
61281,1994350862,512
61282,1994382999,512
61283,1994415073,512
61284,1994447247,512
61285,1994482139,512
61286,1994514365,512
61287,1994546512,512
61288,1994578630,512
61289,1994610658,512
61290,1994642761,512
61291,1994674852,512
61292,1994706964,512
61293,1994741573,512
61294,1994774425,512
61295,1994806613,512
61296,1994838620,512
61297,1994870702,512
61298,1994902713,512
61299,1994934841,512
61300,1994969702,512
61301,1995001903,512
61302,1995034106,512
61303,1995066150,512
61304,1995098254,512
61305,1995130268,512
61306,1995162452,512
61307,1995194581,512
61308,1995226600,512
61309,1995261169,512
61310,1995293221,512
61311,1995325582,512
61312,1995357593,512
61313,1995389680,512
61314,1995421823,512
61315,1995453850,512
61316,1995486834,512
61317,1995520907,512
61318,1995553050,512
61319,1995585095,512
61320,1995617365,512
61321,1995649408,512
61322,1995681468,512
61323,1995713650,512
61324,1995745789,512
61325,1995777887,512
61326,1995810030,512
61327,1995844677,512
61328,1995877155,512
61329,1995909347,512
61330,1995941397,512
61331,1995973498,512
61332,1996005516,512
61333,1996037623,512
61334,1996069763,512
61335,1996103376,512
61336,1996136096,512
61337,1996168434,512
61338,1996200664,512
61339,1996232826,512
61340,1996264892,512
61341,1996297016,512
61342,1996329106,512
61343,1996361275,512
61344,1996393279,512
61345,1996425473,512
61346,1996460255,512
61347,1996492520,512
61348,1996524628,512
61349,1996556739,512
61350,1996588736,512
61351,1996620803,512
61352,1996652822,512
61353,1996684883,512
61354,1996717179,512
61355,1996751839,512
61356,1996783968,512
61357,1996817863,512
61358,1996851848,512
61359,1996884214,512
61360,1996916288,512
61361,1996948310,512
61362,1996980410,512
61363,1997012509,512
61364,1997044644,512
61365,1997076737,512
61366,1997108822,512
61367,1997140834,512
61368,1997172916,512
61369,1997207551,512
61370,1997239771,512
61371,1997272144,512
61372,1997304190,512
61373,1997336596,512
61374,1997368658,512
61375,1997400682,512
61376,1997434393,512
61377,1997467328,512
61378,1997499608,512
61379,1997531703,512
61380,1997563792,512
61381,1997595795,512
61382,1997627905,512
61383,1997660057,512
61384,1997692072,512
61385,1997724158,512
61386,1997756352,512
61387,1997790964,512
61388,1997823412,512
61389,1997855453,512
61390,1997887479,512
61391,1997919491,512
61392,1997951881,512
61393,1997983975,512
61394,1998016081,512
61395,1998048123,512
61396,1998082722,512
61397,1998114778,512
61398,1998148767,512
61399,1998182650,512
61400,1998215265,512
61401,1998247374,512
61402,1998279438,512
61403,1998311532,512
61404,1998343659,512
61405,1998375710,512
61406,1998407746,512
61407,1998442368,512
61408,1998474502,512
61409,1998506694,512
61410,1998538900,512
61411,1998570986,512
61412,1998603168,512
61413,1998635217,512
61414,1998667336,512
61415,1998699429,512
61416,1998731486,512
61417,1998764132,512
61418,1998798193,512
61419,1998830263,512
61420,1998862586,512
61421,1998894704,512
61422,1998926888,512
61423,1998958990,512
61424,1998991138,512
61425,1999023184,512
61426,1999057800,512
61427,1999090412,512
61428,1999122532,512
61429,1999154532,512
61430,1999186631,512
61431,1999218736,512
61432,1999250887,512
61433,1999283047,512
61434,1999317479,512
61435,1999349651,512
61436,1999382706,512
61437,1999414844,512
61438,1999449505,512
61439,1999482372,512
61440,1999514500,512
61441,1999546536,512
61442,1999578638,512
61443,1999613739,512
61444,1999645843,512
61445,1999677872,512
61446,1999709979,512
61447,1999742158,512
61448,1999774289,512
61449,1999806462,512
61450,1999838574,512
61451,1999873316,512
61452,1999905560,512
61453,1999937590,512
61454,1999969609,512
61455,2000001601,512
61456,2000033748,512
61457,2000065816,512
61458,2000098198,512
61459,2000130243,512
61460,2000164915,512
61461,2000199364,512
61462,2000232672,512
61463,2000264927,512
61464,2000298921,512
61465,2000332611,512
61466,2000364816,512
61467,2000396974,512
61468,2000429165,512
61469,2000461235,512
61470,2000493378,512
61471,2000525397,512
61472,2000557581,512
61473,2000589660,512
61474,2000621711,512
61475,2000653721,512
61476,2000685774,512
61477,2000717802,512
61479,2000784677,512
61480,2000816935,512
61481,2000848989,512
61482,2000881075,512
61483,2000914294,512
61484,2000948350,512
61485,2000980761,512
61486,2001012810,512
61487,2001045046,512
61488,2001077060,512
61489,2001109147,512
61490,2001141280,512
61491,2001173377,512
61492,2001207991,512
61493,2001240364,512
61494,2001272593,512
61495,2001304663,512
61496,2001336798,512
61497,2001368822,512
61498,2001400910,512
61499,2001433087,512
61500,2001465148,512
61501,2001499573,512
61502,2001532945,512
61503,2001567257,512
61504,2001599576,512
61505,2001632701,512
61506,2001664712,512
61507,2001696735,512
61508,2001728859,512
61509,2001760914,512
61510,2001795602,512
61511,2001827985,512
61512,2001860064,512
61513,2001892091,512
61514,2001924190,512
61515,2001956335,512
61516,2001988347,512
61517,2002020483,512
61518,2002052587,512
61519,2002086875,512
61520,2002119314,512
61521,2002151317,512
61522,2002183360,512
61523,2002215458,512
61524,2002248818,512
61525,2002282791,512
61526,2002315336,512
61527,2002349329,512
61528,2002382978,512
61529,2002415200,512
61530,2002447598,512
61531,2002479622,512
61532,2002511808,512
61533,2002543982,512
61534,2002576179,512
61535,2002610833,512
61536,2002642850,512
61537,2002675194,512
61538,2002707392,512
61539,2002739405,512
61540,2002771552,512
61541,2002803642,512
61542,2002835775,512
61543,2002867941,512
61544,2002902395,512
61545,2002934500,512
61546,2002966602,512
61547,2002998631,512
61548,2003030890,512
61549,2003064475,512
61550,2003098032,512
61551,2003130415,512
61552,2003162561,512
61553,2003194644,512
61554,2003226664,512
61555,2003258682,512
61556,2003290876,512
61557,2003323135,512
61558,2003355260,512
61559,2003387421,512
61560,2003419460,512
61561,2003454046,512
61562,2003486360,512
61563,2003518535,512
61564,2003550621,512
61565,2003582998,512
61566,2003615121,512
61567,2003647134,512
61568,2003680387,512
61569,2003713509,512
61570,2003745936,512
61571,2003778269,512
61572,2003810333,512
61573,2003842427,512
61574,2003874444,512
61575,2003906623,512
61576,2003938820,512
61577,2003970833,512
61578,2004005684,512
61579,2004038011,512
61580,2004070365,512
61581,2004102465,512
61582,2004134619,512
61583,2004166762,512
61584,2004201489,512
61585,2004233654,512
61586,2004265819,512
61587,2004297959,512
61588,2004330112,512
61589,2004362267,512
61590,2004395262,512
61591,2004429279,512
61592,2004461562,512
61593,2004493789,512
61594,2004525915,512
61595,2004557992,512
61596,2004590121,512
61597,2004622213,512
61598,2004654310,512
61599,2004688954,512
61600,2004721102,512
61601,2004753594,512
61602,2004785639,512
61603,2004817675,512
61604,2004849854,512
61605,2004881873,512
61606,2004914043,512
61607,2004946126,512
61608,2004980860,512
61609,2005014544,512
61610,2005048401,512
61611,2005080779,512
61612,2005113991,512
61613,2005148177,512
61614,2005180436,512
61615,2005213599,512
61616,2005245681,512
61617,2005277698,512
61618,2005309856,512
61619,2005344366,512
61620,2005376462,512
61621,2005408470,512
61622,2005440622,512
61623,2005472629,512
61624,2005504781,512
61625,2005536940,512
61626,2005568950,512
61627,2005601127,512
61628,2005633236,512
61629,2005665406,512
61630,2005697477,512
61631,2005729607,512
61632,2005764051,512
61633,2005796482,512
61634,2005830669,512
61635,2005863594,512
61636,2005895882,512
61637,2005928038,512
61638,2005960291,512
61639,2005992471,512
61640,2006024525,512
61641,2006056573,512
61642,2006088754,512
61643,2006120922,512
61644,2006152970,512
61645,2006185064,512
61646,2006219606,512
61647,2006251722,512
61648,2006283857,512
61649,2006316041,512
61650,2006348367,512
61651,2006380394,512
61652,2006412475,512
61653,2006445246,512
61654,2006479168,512
61655,2006511379,512
61656,2006545444,512
61657,2006579481,512
61658,2006611894,512
61659,2006643932,512
61660,2006676033,512
61661,2006708235,512
61662,2006740406,512
61663,2006772422,512
61664,2006804532,512
61665,2006839122,512
61666,2006871517,512
61667,2006903527,512
61668,2006935623,512
61669,2006967640,512
61670,2006999833,512
61671,2007031833,512
61672,2007063941,512
61673,2007096116,512
61674,2007128175,512
61675,2007161310,512
61676,2007194496,512
61677,2007226827,512
61678,2007259188,512
61679,2007291214,512
61680,2007323348,512
61681,2007355516,512
61682,2007387619,512
61683,2007419762,512
61684,2007451859,512
61685,2007486890,512
61686,2007518936,512
61687,2007551038,512
61688,2007583101,512
61689,2007615183,512
61690,2007647260,512
61691,2007679478,512
61692,2007711582,512
61693,2007743638,512
61694,2007777033,512
61695,2007810292,512
61696,2007842647,512
61697,2007874884,512
61698,2007907064,512
61699,2007939066,512
61700,2007971196,512
61701,2008003352,512
61702,2008038031,512
61703,2008070113,512
61704,2008102474,512
61705,2008134584,512
61706,2008166619,512
61707,2008198640,512
61708,2008230783,512
61709,2008262796,512
61710,2008294883,512
61711,2008327008,512
61712,2008359145,512
61713,2008393967,512
61714,2008426340,512
61715,2008458390,512
61716,2008491746,512
61717,2008525668,512
61718,2008557759,512
61719,2008589865,512
61720,2008622027,512
61721,2008654091,512
61722,2008686147,512
61723,2008718270,512
61724,2008750350,512
61725,2008782536,512
61726,2008814683,512
61727,2008846713,512
61728,2008878763,512
61729,2008913436,512
61730,2008945754,512
61731,2008977778,512
61732,2009009860,512
61733,2009042038,512
61734,2009074103,512
61735,2009108218,512
61736,2009141157,512
61737,2009173474,512
61738,2009205523,512
61741,2009301909,512
61742,2009334058,512
61743,2009366178,512
61744,2009398277,512
61745,2009433128,512
61746,2009465271,512
61747,2009497349,512
61748,2009529383,512
61749,2009561546,512
61750,2009593660,512
61751,2009625827,512
61752,2009657973,512
61753,2009692682,512
61754,2009725516,512
61755,2009757589,512
61756,2009789715,512
61757,2009822516,512
61758,2009856461,512
61759,2009888635,512
61760,2009920635,512
61761,2009952943,512
61762,2009985121,512
61763,2010017260,512
61764,2010049261,512
61765,2010081398,512
61766,2010113406,512
61767,2010145553,512
61768,2010180028,512
61769,2010212197,512
61770,2010244279,512
61771,2010276372,512
61772,2010308413,512
61773,2010340557,512
61774,2010372683,512
61775,2010404755,512
61776,2010438560,512
61777,2010471849,512
61778,2010503943,512
61779,2010536017,512
61780,2010568268,512
61781,2010600418,512
61782,2010632516,512
61783,2010664582,512
61784,2010696638,512
61785,2010728751,512
61786,2010760784,512
61787,2010792917,512
61788,2010825022,512
61789,2010859990,512
61790,2010892139,512
61791,2010924181,512
61792,2010956249,512
61793,2010988421,512
61794,2011020491,512
61795,2011053253,512
61796,2011087181,512
61797,2011119325,512
61798,2011153436,512
61799,2011187397,512
61800,2011219772,512
61801,2011251812,512
61802,2011283826,512
61803,2011315836,512
61804,2011348020,512
61805,2011380170,512
61806,2011412325,512
61807,2011444491,512
61808,2011479275,512
61809,2011511446,512
61810,2011543478,512
61811,2011575487,512
61812,2011607511,512
61813,2011639690,512
61814,2011671784,512
61815,2011703976,512
61816,2011736087,512
61817,2011768927,512
61818,2011802902,512
61819,2011835402,512
61820,2011867569,512
61821,2011899684,512
61822,2011931823,512
61823,2011963938,512
61824,2011998580,512
61825,2012030689,512
61826,2012063025,512
61827,2012095092,512
61828,2012127262,512
61829,2012159326,512
61830,2012191328,512
61831,2012223388,512
61832,2012255546,512
61833,2012287651,512
61834,2012319736,512
61835,2012354357,512
61836,2012387391,512
61837,2012419562,512
61838,2012451619,512
61839,2012486936,512
61840,2012519036,512
61841,2012551217,512
61842,2012583225,512
61843,2012615297,512
61844,2012647444,512
61845,2012682597,512
61846,2012714765,512
61847,2012746902,512
61848,2012779001,512
61849,2012811083,512
61850,2012843252,512
61851,2012877938,512
61852,2012910372,512
61853,2012942452,512
61854,2012974511,512
61855,2013006532,512
61856,2013038599,512
61857,2013070781,512
61858,2013103073,512
61859,2013137592,512
61860,2013169632,512
61861,2013204175,512
61862,2013237627,512
61863,2013269970,512
61864,2013302136,512
61865,2013334215,512
61866,2013366334,512
61867,2013398484,512
61868,2013430610,512
61869,2013462700,512
61870,2013494743,512
61871,2013529320,512
61872,2013561594,512
61873,2013593745,512
61874,2013625898,512
61875,2013657912,512
61876,2013689984,512
61877,2013722027,512
61878,2013754232,512
61879,2013786328,512
61880,2013818469,512
61881,2013853221,512
61882,2013885401,512
61883,2013918786,512
61884,2013953014,512
61885,2013985354,512
61886,2014017383,512
61887,2014049484,512
61888,2014081601,512
61889,2014113753,512
61890,2014145774,512
61891,2014177926,512
61892,2014209926,512
61893,2014244668,512
61894,2014276749,512
61895,2014309101,512
61896,2014341140,512
61897,2014373310,512
61898,2014405329,512
61899,2014437422,512
61900,2014469458,512
61901,2014501532,512
61902,2014534871,512
61903,2014568248,512
61904,2014600359,512
61905,2014632544,512
61906,2014664799,512
61907,2014696916,512
61908,2014728905,512
61909,2014760956,512
61910,2014793084,512
61911,2014825087,512
61912,2014857276,512
61913,2014889277,512
61914,2014921426,512
61915,2014955665,512
61916,2014988308,512
61917,2015020504,512
61918,2015052558,512
61919,2015084579,512
61920,2015116675,512
61921,2015149176,512
61922,2015183796,512
61923,2015215898,512
61924,2015249736,512
61925,2015283824,512
61926,2015315933,512
61927,2015348191,512
61928,2015380511,512
61929,2015412682,512
61930,2015444721,512
61931,2015476890,512
61932,2015509008,512
61933,2015543591,512
61934,2015575609,512
61935,2015607647,512
61936,2015639930,512
61937,2015672011,512
61938,2015704139,512
61939,2015736299,512
61940,2015768516,512
61941,2015800583,512
61942,2015835305,512
61943,2015868700,512
61944,2015902982,512
61945,2015935218,512
61946,2015968860,512
61947,2016003016,512
61948,2016035182,512
61949,2016068771,512
61950,2016103119,512
61951,2016135529,512
61952,2016167729,512
61953,2016199802,512
61954,2016231997,512
61955,2016264135,512
61956,2016296230,512
61957,2016328248,512
61958,2016362939,512
61959,2016395098,512
61960,2016427311,512
61961,2016459384,512
61962,2016491426,512
61963,2016523613,512
61964,2016555724,512
61965,2016587833,512
61966,2016619949,512
61967,2016654587,512
61968,2016688058,512
61969,2016722521,512
61970,2016754959,512
61971,2016787618,512
61972,2016819716,512
61973,2016851807,512
61974,2016888453,512
61975,2016922248,512
61976,2016954364,512
61977,2016986538,512
61978,2017018732,512
61979,2017050847,512
61980,2017082849,512
61981,2017114930,512
61982,2017147036,512
61983,2017179056,512
61984,2017211165,512
61985,2017243194,512
61986,2017275213,512
61987,2017307230,512
61988,2017339371,512
61989,2017374055,512
61990,2017406489,512
61991,2017438556,512
61992,2017470638,512
61993,2017504245,512
61994,2017537637,512
61995,2017569955,512
61996,2017602323,512
61997,2017634511,512
61998,2017666691,512
61999,2017698825,512
62000,2017730893,512
62001,2017765583,512
62002,2017797673,512
62003,2017830041,512
62004,2017862150,512
62005,2017894170,512
62006,2017926245,512
62007,2017958269,512
62008,2017990271,512
62009,2018022690,512
62010,2018054783,512
62011,2018089429,512
62012,2018121815,512
62013,2018154065,512
62014,2018186704,512
62015,2018219403,512
62016,2018253341,512
62017,2018285787,512
62018,2018317907,512
62019,2018350080,512
62020,2018382165,512
62021,2018414252,512
62022,2018446275,512
62023,2018478408,512
62024,2018512985,512
62025,2018545373,512
62026,2018577432,512
62027,2018609554,512
62028,2018641567,512
62029,2018673735,512
62030,2018705860,512
62031,2018737984,512
62032,2018769999,512
62033,2018802087,512
62034,2018835419,512
62035,2018868686,512
62036,2018901059,512
62037,2018933168,512
62038,2018965313,512
62039,2018997418,512
62040,2019029573,512
62041,2019061762,512
62042,2019096425,512
62043,2019128513,512
62044,2019160901,512
62045,2019193066,512
62046,2019225076,512
62047,2019257167,512
62048,2019289260,512
62049,2019321434,512
62050,2019353953,512
62051,2019387949,512
62052,2019420125,512
62053,2019453135,512
62054,2019485253,512
62055,2019517363,512
62056,2019549985,512
62057,2019584182,512
62058,2019616372,512
62059,2019648643,512
62060,2019680701,512
62061,2019712783,512
62062,2019744886,512
62063,2019777039,512
62064,2019809074,512
62065,2019841089,512
62066,2019873099,512
62067,2019907713,512
62068,2019939758,512
62069,2019971868,512
62070,2020003995,512
62071,2020036296,512
62072,2020068410,512
62073,2020100534,512
62074,2020132671,512
62075,2020165571,512
62076,2020199555,512
62077,2020231959,512
62078,2020264183,512
62079,2020296275,512
62080,2020328460,512
62081,2020360469,512
62082,2020392581,512
62083,2020424659,512
62084,2020459325,512
62085,2020491800,512
62086,2020523975,512
62087,2020556061,512
62088,2020588215,512
62089,2020620328,512
62090,2020652399,512
62091,2020684454,512
62092,2020718980,512
62093,2020751196,512
62094,2020784099,512
62095,2020816285,512
62096,2020848334,512
62097,2020883894,512
62098,2020915983,512
62099,2020948124,512
62100,2020980229,512
62101,2021014753,512
62102,2021047231,512
62103,2021079407,512
62104,2021111481,512
62105,2021143492,512
62106,2021175656,512
62107,2021207714,512
62108,2021239907,512
62109,2021271922,512
62110,2021306606,512
62111,2021338661,512
62112,2021370947,512
62113,2021403351,512
62115,2021467697,512
62116,2021499701,512
62117,2021531724,512
62118,2021566375,512
62119,2021601014,512
62120,2021634065,512
62121,2021666734,512
62122,2021700216,512
62123,2021734181,512
62124,2021766367,512
62125,2021798679,512
62126,2021830803,512
62127,2021862992,512
62128,2021895107,512
62129,2021927127,512
62130,2021959313,512
62131,2021991382,512
62132,2022025918,512
62133,2022058306,512
62134,2022090617,512
62135,2022122716,512
62136,2022154732,512
62137,2022186814,512
62138,2022218973,512
62139,2022251083,512
62140,2022285765,512
62141,2022319300,512
62142,2022353554,512
62143,2022385669,512
62144,2022419480,512
62145,2022453403,512
62146,2022485606,512
62147,2022519553,512
62148,2022553446,512
62149,2022585566,512
62150,2022617799,512
62151,2022649830,512
62152,2022681893,512
62153,2022714039,512
62154,2022746201,512
62155,2022778309,512
62156,2022810390,512
62157,2022842414,512
62158,2022874515,512
62159,2022909169,512
62160,2022941575,512
62161,2022973578,512
62162,2023005757,512
62163,2023037878,512
62164,2023070033,512
62165,2023102182,512
62166,2023135099,512
62167,2023169132,512
62168,2023201431,512
62169,2023233519,512
62170,2023265683,512
62171,2023297707,512
62172,2023329792,512
62173,2023361876,512
62174,2023393991,512
62175,2023426040,512
62176,2023460646,512
62177,2023492726,512
62178,2023524994,512
62179,2023556988,512
62180,2023589049,512
62181,2023621194,512
62182,2023653335,512
62183,2023685411,512
62184,2023717516,512
62185,2023750565,512
62186,2023784196,512
62187,2023816341,512
62188,2023848516,512
62189,2023880807,512
62190,2023912810,512
62191,2023944840,512
62192,2023976866,512
62193,2024008955,512
62194,2024040988,512
62195,2024073187,512
62196,2024105309,512
62197,2024137474,512
62198,2024172047,512
62199,2024204171,512
62200,2024236510,512
62201,2024268544,512
62202,2024300630,512
62203,2024332801,512
62204,2024365217,512
62205,2024397260,512
62206,2024431825,512
62207,2024465931,512
62208,2024499874,512
62209,2024532263,512
62210,2024564341,512
62211,2024596461,512
62212,2024628509,512
62213,2024660577,512
62214,2024692750,512
62215,2024724822,512
62216,2024756931,512
62217,2024791657,512
62218,2024824025,512
62219,2024856095,512
62220,2024888270,512
62221,2024920409,512
62222,2024952499,512
62223,2024984553,512
62224,2025016563,512
62225,2025048621,512
62226,2025081564,512
62227,2025115520,512
62228,2025147579,512
62229,2025179804,512
62230,2025211937,512
62231,2025243977,512
62232,2025276028,512
62233,2025308226,512
62234,2025340374,512
62235,2025375055,512
62236,2025407174,512
62237,2025439431,512
62238,2025471476,512
62239,2025503819,512
62240,2025535891,512
62241,2025568050,512
62242,2025600139,512
62243,2025632165,512
62244,2025666862,512
62245,2025699185,512
62246,2025731385,512
62247,2025763482,512
62248,2025796677,512
62249,2025830666,512
62250,2025862666,512
62251,2025894868,512
62252,2025926939,512
62253,2025958986,512
62254,2025991084,512
62255,2026023283,512
62256,2026055475,512
62257,2026087590,512
62258,2026119750,512
62259,2026155144,512
62260,2026187251,512
62261,2026219262,512
62262,2026251378,512
62263,2026283461,512
62264,2026315554,512
62265,2026349842,512
62266,2026382245,512
62267,2026415696,512
62268,2026450107,512
62269,2026482186,512
62270,2026515487,512
62271,2026550153,512
62272,2026582523,512
62273,2026615877,512
62274,2026649935,512
62275,2026681993,512
62276,2026714358,512
62277,2026746518,512
62278,2026778522,512
62279,2026810657,512
62280,2026842676,512
62281,2026874840,512
62282,2026906852,512
62283,2026939027,512
62284,2026974111,512
62285,2027006158,512
62286,2027038195,512
62287,2027070353,512
62288,2027102409,512
62289,2027134421,512
62290,2027166474,512
62291,2027198485,512
62292,2027231842,512
62293,2027265180,512
62294,2027297428,512
62295,2027329604,512
62296,2027361992,512
62297,2027393995,512
62298,2027426064,512
62299,2027458173,512
62300,2027490254,512
62301,2027522297,512
62302,2027554477,512
62303,2027589381,512
62304,2027621501,512
62305,2027653590,512
62306,2027685670,512
62307,2027717702,512
62308,2027749901,512
62309,2027782058,512
62310,2027814171,512
62311,2027846682,512
62312,2027880501,512
62313,2027912511,512
62314,2027946649,512
62315,2027980870,512
62316,2028013354,512
62317,2028045546,512
62318,2028077614,512
62319,2028109658,512
62320,2028141825,512
62321,2028173882,512
62322,2028205898,512
62323,2028240511,512
62324,2028272910,512
62325,2028305056,512
62326,2028337077,512
62327,2028369081,512
62328,2028401117,512
62329,2028433299,512
62330,2028465395,512
62331,2028497540,512
62332,2028529562,512
62333,2028563329,512
62334,2028596141,512
62335,2028628267,512
62336,2028660286,512
62337,2028692602,512
62338,2028724771,512
62339,2028756786,512
62340,2028788984,512
62341,2028821166,512
62342,2028853213,512
62343,2028887952,512
62344,2028920252,512
62345,2028952452,512
62346,2028984589,512
62347,2029016655,512
62348,2029048814,512
62349,2029080920,512
62350,2029112981,512
62351,2029145063,512
62352,2029177789,512
62353,2029211485,512
62354,2029243706,512
62355,2029277600,512
62356,2029311722,512
62357,2029343989,512
62358,2029376311,512
62359,2029408487,512
62360,2029440683,512
62361,2029472734,512
62362,2029507433,512
62363,2029539689,512
62364,2029571845,512
62365,2029604010,512
62366,2029636139,512
62367,2029668313,512
62368,2029700338,512
62369,2029732448,512
62370,2029764539,512
62371,2029796575,512
62372,2029830759,512
62373,2029863067,512
62374,2029896362,512
62375,2029928454,512
62376,2029963177,512
62377,2029997032,512
62378,2030031095,512
62379,2030063307,512
62380,2030095469,512
62381,2030127460,512
62382,2030159594,512
62383,2030191594,512
62384,2030223791,512
62385,2030255947,512
62386,2030288013,512
62387,2030322706,512
62388,2030354882,512
62389,2030387192,512
62390,2030419361,512
62391,2030451696,512
62392,2030483758,512
62393,2030515831,512
62394,2030547833,512
62395,2030579833,512
62396,2030611893,512
62397,2030646213,512
62398,2030678464,512
62399,2030712462,512
62400,2030746418,512
62402,2030810918,512
62403,2030843188,512
62404,2030875315,512
62405,2030907455,512
62406,2030939483,512
62407,2030974324,512
62408,2031006597,512
62409,2031038723,512
62410,2031070796,512
62411,2031102804,512
62412,2031135000,512
62413,2031167145,512
62414,2031199311,512
62415,2031231320,512
62416,2031265579,512
62417,2031297898,512
62418,2031331266,512
62419,2031365573,512
62420,2031397841,512
62421,2031430737,512
62422,2031462883,512
62423,2031495074,512
62424,2031531626,512
62425,2031565601,512
62426,2031597727,512
62427,2031629940,512
62428,2031662078,512
62429,2031694260,512
62430,2031726451,512
62431,2031758550,512
62432,2031790571,512
62433,2031822675,512
62434,2031857316,512
62435,2031889474,512
62436,2031921720,512
62437,2031953873,512
62438,2031986072,512
62439,2032018264,512
62440,2032050303,512
62441,2032082381,512
62442,2032114435,512
62443,2032147435,512
62444,2032180747,512
62445,2032213157,512
62446,2032245645,512
62447,2032277721,512
62448,2032309912,512
62449,2032341973,512
62450,2032374142,512
62451,2032408870,512
62452,2032440887,512
62453,2032473318,512
62454,2032505446,512
62455,2032537470,512
62456,2032569588,512
62457,2032601779,512
62458,2032633935,512
62459,2032666064,512
62460,2032700304,512
62461,2032732664,512
62462,2032764764,512
62463,2032796826,512
62464,2032829092,512
62465,2032862484,512
62466,2032896446,512
62467,2032928476,512
62468,2032960644,512
62469,2032992832,512
62470,2033025003,512
62471,2033057144,512
62472,2033089187,512
62473,2033121350,512
62474,2033153375,512
62475,2033185399,512
62476,2033217426,512
62477,2033249486,512
62478,2033284129,512
62479,2033316245,512
62480,2033348640,512
62481,2033380731,512
62482,2033412794,512
62483,2033444884,512
62484,2033478483,512
62485,2033511947,512
62486,2033543964,512
62487,2033576122,512
62488,2033608349,512
62489,2033640522,512
62490,2033672683,512
62491,2033704813,512
62492,2033736972,512
62493,2033768999,512
62494,2033801109,512
62495,2033835599,512
62496,2033867785,512
62497,2033900094,512
62498,2033932266,512
62499,2033964434,512
62500,2033996830,512
62501,2034028910,512
62502,2034063422,512
62503,2034096043,512
62504,2034128098,512
62505,2034160264,512
62506,2034193309,512
62507,2034227296,512
62508,2034259367,512
62509,2034291520,512
62510,2034323651,512
62511,2034355670,512
62512,2034387772,512
62513,2034419897,512
62514,2034451932,512
62515,2034484077,512
62516,2034516119,512
62517,2034548221,512
62518,2034580265,512
62519,2034615257,512
62520,2034647393,512
62521,2034679415,512
62522,2034711790,512
62523,2034743890,512
62524,2034776020,512
62525,2034809443,512
62526,2034842648,512
62527,2034874750,512
62528,2034907058,512
62529,2034939278,512
62530,2034971324,512
62531,2035003353,512
62532,2035035402,512
62533,2035067451,512
62534,2035099639,512
62535,2035131709,512
62536,2035163834,512
62537,2035198453,512
62538,2035230870,512
62539,2035262990,512
62540,2035295063,512
62541,2035327221,512
62542,2035359389,512
62543,2035391583,512
62544,2035425037,512
62545,2035458044,512
62546,2035490253,512
62547,2035524088,512
62548,2035558183,512
62549,2035590229,512
62550,2035622309,512
62551,2035654524,512
62552,2035686638,512
62553,2035718799,512
62554,2035750976,512
62555,2035783061,512
62556,2035815088,512
62557,2035847230,512
62558,2035881883,512
62559,2035913976,512
62560,2035946269,512
62561,2035978297,512
62562,2036010447,512
62563,2036042473,512
62564,2036074620,512
62565,2036106781,512
62566,2036139599,512
62567,2036173754,512
62568,2036206231,512
62569,2036238384,512
62570,2036270545,512
62571,2036302659,512
62572,2036334815,512
62573,2036366876,512
62574,2036401401,512
62575,2036433401,512
62576,2036466926,512
62577,2036501452,512
62578,2036533876,512
62579,2036566024,512
62580,2036598122,512
62581,2036631079,512
62582,2036665184,512
62583,2036697255,512
62584,2036729261,512
62585,2036761390,512
62586,2036793539,512
62587,2036825687,512
62588,2036858053,512
62589,2036890098,512
62590,2036922113,512
62591,2036954176,512
62592,2036986453,512
62593,2037021024,512
62594,2037053712,512
62595,2037085891,512
62596,2037117963,512
62597,2037150083,512
62598,2037182117,512
62599,2037216840,512
62600,2037249188,512
62601,2037281281,512
62602,2037313435,512
62603,2037345565,512
62604,2037377663,512
62605,2037409733,512
62606,2037441837,512
62607,2037473883,512
62608,2037508332,512
62609,2037540509,512
62610,2037574579,512
62611,2037608503,512
62612,2037640798,512
62613,2037673068,512
62614,2037705260,512
62615,2037737418,512
62616,2037769460,512
62617,2037801511,512
62618,2037836172,512
62619,2037868602,512
62620,2037900667,512
62621,2037932762,512
62622,2037964861,512
62623,2037996972,512
62624,2038029153,512
62625,2038061338,512
62626,2038093359,512
62627,2038127486,512
62628,2038160050,512
62629,2038192461,512
62630,2038224523,512
62631,2038256563,512
62632,2038289457,512
62633,2038323767,512
62634,2038356184,512
62635,2038388356,512
62636,2038420528,512
62637,2038452675,512
62638,2038484696,512
62639,2038516828,512
62640,2038548897,512
62641,2038580924,512
62642,2038615631,512
62643,2038647896,512
62644,2038679986,512
62645,2038712094,512
62646,2038744238,512
62647,2038776347,512
62648,2038808416,512
62649,2038840532,512
62650,2038872545,512
62651,2038906025,512
62652,2038938931,512
62653,2038971639,512
62654,2039003781,512
62655,2039035899,512
62656,2039068018,512
62657,2039100194,512
62658,2039132316,512
62659,2039164330,512
62660,2039198989,512
62661,2039231247,512
62662,2039263461,512
62663,2039295641,512
62664,2039327653,512
62665,2039359843,512
62666,2039391887,512
62667,2039424107,512
62668,2039458381,512
62669,2039490692,512
62670,2039523366,512
62671,2039555383,512
62672,2039587503,512
62673,2039621344,512
62674,2039654681,512
62675,2039687123,512
62676,2039719259,512
62677,2039751397,512
62678,2039783469,512
62679,2039815514,512
62680,2039847621,512
62681,2039879681,512
62682,2039914329,512
62683,2039946363,512
62684,2039978571,512
62685,2040010838,512
62686,2040043025,512
62687,2040075198,512
62688,2040107375,512
62689,2040139554,512
62690,2040171557,512
62691,2040206071,512
62692,2040239865,512
62693,2040274332,512
62694,2040306611,512
62695,2040339306,512
62696,2040371350,512
62697,2040406251,512
62698,2040439921,512
62699,2040473842,512
62700,2040505883,512
62701,2040538004,512
62702,2040570199,512
62703,2040602370,512
62704,2040634549,512
62705,2040666659,512
62706,2040698723,512
62707,2040730762,512
62708,2040762884,512
62709,2040795015,512
62710,2040829533,512
62711,2040861647,512
62712,2040893841,512
62713,2040925943,512
62714,2040958283,512
62715,2040990287,512
62716,2041022329,512
62717,2041056145,512
62718,2041089342,512
62719,2041121395,512
62720,2041153450,512
62721,2041185614,512
62722,2041217655,512
62723,2041249691,512
62724,2041281719,512
62725,2041314025,512
62726,2041346121,512
62727,2041378186,512
62728,2041410355,512
62729,2041445058,512
62730,2041477469,512
62731,2041509565,512
62732,2041541833,512
62733,2041574227,512
62734,2041608680,512
62735,2041640909,512
62736,2041674058,512
62737,2041706184,512
62738,2041738201,512
62739,2041770957,512
62740,2041805050,512
62741,2041837116,512
62742,2041869364,512
62743,2041901374,512
62744,2041933573,512
62745,2041965642,512
62746,2041997702,512
62747,2042029783,512
62748,2042061926,512
62749,2042096498,512
62750,2042128498,512
62751,2042160848,512
62752,2042192887,512
62753,2042225001,512
62754,2042257145,512
62755,2042289248,512
62756,2042321276,512
62757,2042353322,512
62758,2042386423,512
62759,2042419877,512
62760,2042452600,512
62761,2042484772,512
62762,2042516912,512
62763,2042548992,512
62764,2042581120,512
62765,2042613160,512
62766,2042645360,512
62767,2042679997,512
62768,2042712320,512
62769,2042744360,512
62770,2042776518,512
62771,2042808647,512
62772,2042840726,512
62773,2042872885,512
62774,2042907859,512
62775,2042940054,512
62776,2042972193,512
62777,2043004960,512
62778,2043037055,512
62779,2043071726,512
62780,2043105374,512
62781,2043139415,512
62782,2043171579,512
62783,2043206236,512
62784,2043239542,512
62785,2043271672,512
62786,2043304039,512
62787,2043336184,512
62788,2043368192,512
62789,2043400374,512
62790,2043432461,512
62791,2043464660,512
62792,2043499294,512
62793,2043531751,512
62794,2043563845,512
62795,2043595962,512
62796,2043628037,512
62797,2043660104,512
62798,2043692189,512
62799,2043724200,512
62800,2043756355,512
62801,2043791042,512
62802,2043824018,512
62803,2043856140,512
62804,2043888305,512
62805,2043920681,512
62806,2043954834,512
62807,2043986860,512
62808,2044019112,512
62809,2044051251,512
62810,2044083272,512
62811,2044115375,512
62812,2044147394,512
62813,2044179490,512
62814,2044211771,512
62815,2044243936,512
62816,2044278964,512
62817,2044311058,512
62818,2044343181,512
62819,2044375250,512
62820,2044407260,512
62821,2044439352,512
62822,2044471452,512
62823,2044503623,512
62824,2044536356,512
62825,2044570397,512
62826,2044602448,512
62827,2044634459,512
62828,2044666712,512
62829,2044698877,512
62830,2044731035,512
62831,2044763140,512
62832,2044795166,512
62833,2044827261,512
62834,2044859318,512
62835,2044891397,512
62836,2044926071,512
62837,2044958383,512
62838,2044990532,512
62839,2045022701,512
62840,2045054883,512
62841,2045087081,512
62842,2045121803,512
62843,2045154922,512
62844,2045187058,512
62845,2045221766,512
62846,2045254935,512
62847,2045286978,512
62848,2045318986,512
62849,2045355702,512
62850,2045389406,512
62851,2045421595,512
62852,2045453827,512
62853,2045486056,512
62854,2045518118,512
62855,2045550160,512
62856,2045582217,512
62857,2045614267,512
62858,2045646346,512
62859,2045678460,512
62860,2045710627,512
62861,2045745304,512
62862,2045777328,512
62863,2045809442,512
62864,2045841586,512
62865,2045874053,512
62866,2045906071,512
62867,2045938124,512
62868,2045971313,512
62869,2046005119,512
62870,2046037401,512
62871,2046071268,512
62872,2046105059,512
62873,2046137107,512
62874,2046169143,512
62875,2046201379,512
62876,2046233443,512
62877,2046265641,512
62878,2046297802,512
62879,2046329996,512
62880,2046362061,512
62881,2046396774,512
62882,2046428925,512
62883,2046461230,512
62884,2046493351,512
62885,2046525466,512
62886,2046557628,512
62887,2046589719,512
62888,2046621838,512
62889,2046653890,512
62890,2046686126,512
62891,2046720394,512
62892,2046752504,512
62893,2046784631,512
62894,2046817056,512
62895,2046849237,512
62896,2046881262,512
62897,2046913460,512
62898,2046945562,512
62899,2046980218,512
62900,2047012385,512
62901,2047044721,512
62902,2047076845,512
62903,2047109023,512
62904,2047141066,512
62905,2047173068,512
62906,2047205216,512
62907,2047237230,512
62908,2047269260,512
62909,2047302657,512
62910,2047336009,512
62911,2047368112,512
62912,2047400138,512
62913,2047432299,512
62914,2047464450,512
62915,2047496661,512
62916,2047528772,512
62917,2047560888,512
62918,2047592924,512
62919,2047624991,512
62920,2047660095,512
62921,2047692166,512
62922,2047724175,512
62923,2047756375,512
62924,2047788488,512
62925,2047820505,512
62926,2047852634,512
62927,2047884659,512
62928,2047917016,512
62929,2047951213,512
62930,2047983466,512
62931,2048017505,512
62932,2048051280,512
62933,2048083406,512
62934,2048115408,512
62935,2048147711,512
62936,2048179892,512
62937,2048212047,512
62938,2048244088,512
62939,2048276258,512
62940,2048308446,512
62941,2048343110,512
62942,2048375176,512
62943,2048407622,512
62944,2048439669,512
62945,2048471712,512
62946,2048503774,512
62947,2048535789,512
62948,2048567953,512
62949,2048599974,512
62950,2048633438,512
62951,2048666668,512
62952,2048698750,512
62953,2048730893,512
62954,2048763322,512
62955,2048795490,512
62956,2048827658,512
62957,2048859823,512
62958,2048891883,512
62959,2048926473,512
62960,2048958962,512
62961,2048991099,512
62962,2049023162,512
62963,2049055221,512
62964,2049087273,512
62965,2049119362,512
62966,2049151425,512
62967,2049183474,512
62968,2049215509,512
62969,2049248109,512
62970,2049281940,512
62971,2049314213,512
62972,2049348330,512
62973,2049382242,512
62974,2049414250,512
62975,2049446376,512
62976,2049478483,512
62977,2049510491,512
62978,2049542511,512
62979,2049574678,512
62980,2049606681,512
62981,2049638864,512
62982,2049670963,512
62983,2049703094,512
62984,2049735110,512
62985,2049769750,512
62986,2049802073,512
62987,2049834300,512
62988,2049866308,512
62989,2049898475,512
62990,2049930622,512
62991,2049963726,512
62992,2049997623,512
62993,2050029666,512
62994,2050061754,512
62995,2050093993,512
62996,2050126045,512
62997,2050158147,512
62998,2050190268,512
62999,2050222434,512
63000,2050254600,512
63001,2050286713,512
63002,2050321255,512
63003,2050353378,512
63004,2050385688,512
63005,2050417844,512
63006,2050449868,512
63007,2050481982,512
63008,2050513990,512
63009,2050546169,512
63010,2050579465,512
63011,2050613042,512
63012,2050645425,512
63013,2050677466,512
63014,2050709752,512
63015,2050741794,512
63016,2050773801,512
63017,2050805990,512
63018,2050838133,512
63019,2050872833,512
63020,2050904916,512
63021,2050937155,512
63022,2050969272,512
63023,2051001295,512
63024,2051033328,512
63025,2051065441,512
63026,2051097776,512
63027,2051129935,512
63028,2051164539,512
63029,2051196702,512
63030,2051228947,512
63031,2051261039,512
63032,2051294488,512
63033,2051328593,512
63034,2051360906,512
63035,2051393043,512
63036,2051425051,512
63037,2051457077,512
63038,2051489213,512
63039,2051521364,512
63040,2051553373,512
63041,2051585400,512
63042,2051617563,512
63043,2051652353,512
63044,2051684837,512
63045,2051717007,512
63046,2051749056,512
63047,2051781196,512
63048,2051813335,512
63049,2051847638,512
63050,2051879939,512
63051,2051913427,512
63052,2051947841,512
63053,2051980010,512
63054,2052013487,512
63055,2052047940,512
63056,2052080257,512
63057,2052113912,512
63058,2052147892,512
63059,2052180306,512
63060,2052212351,512
63061,2052244432,512
63062,2052276518,512
63063,2052308552,512
63064,2052340599,512
63065,2052372779,512
63066,2052404898,512
63067,2052439447,512
63068,2052471523,512
63069,2052503875,512
63070,2052535982,512
63071,2052568151,512
63072,2052600334,512
63073,2052632364,512
63074,2052664465,512
63075,2052696659,512
63076,2052729672,512
63077,2052763296,512
63078,2052795308,512
63079,2052827629,512
63080,2052859991,512
63081,2052892151,512
63082,2052924350,512
63083,2052958977,512
63084,2052991025,512
63085,2053023372,512
63086,2053055679,512
63087,2053087861,512
63088,2053119941,512
63089,2053152142,512
63090,2053184154,512
63091,2053216213,512
63092,2053250899,512
63093,2053283021,512
63094,2053315180,512
63095,2053347230,512
63096,2053379347,512
63097,2053411399,512
63098,2053444728,512
63099,2053478680,512
63100,2053510753,512
63101,2053543058,512
63102,2053575243,512
63103,2053607359,512
63104,2053639441,512
63105,2053671558,512
63106,2053703597,512
63107,2053735784,512
63108,2053770099,512
63109,2053802296,512
63110,2053834397,512
63111,2053866674,512
63112,2053898811,512
63113,2053930887,512
63114,2053963130,512
63115,2053995284,512
63116,2054027469,512
63117,2054060721,512
63118,2054094116,512
63119,2054126519,512
63120,2054158540,512
63121,2054190729,512
63122,2054222822,512
63123,2054254947,512
63124,2054286992,512
63125,2054319150,512
63126,2054353790,512
63127,2054385835,512
63128,2054417889,512
63129,2054450279,512
63130,2054482444,512
63131,2054514519,512
63132,2054546581,512
63133,2054578631,512
63134,2054610658,512
63135,2054642858,512
63136,2054675375,512
63137,2054709288,512
63138,2054741525,512
63139,2054775540,512
63140,2054809502,512
63141,2054841511,512
63142,2054873524,512
63143,2054905802,512
63144,2054938005,512
63145,2054970288,512
63146,2055002470,512
63147,2055034587,512
63148,2055069193,512
63149,2055101235,512
63150,2055133538,512
63151,2055165556,512
63152,2055197643,512
63153,2055229638,512
63154,2055261746,512
63155,2055293903,512
63156,2055326082,512
63157,2055358144,512
63158,2055391701,512
63159,2055424878,512
63160,2055456965,512
63161,2055489046,512
63162,2055521245,512
63163,2055553310,512
63164,2055585423,512
63165,2055617543,512
63166,2055649642,512
63167,2055681706,512
63168,2055713828,512
63169,2055745930,512
63170,2055780571,512
63171,2055813039,512
63172,2055845090,512
63173,2055877137,512
63174,2055909377,512
63175,2055941375,512
63176,2055973458,512
63177,2056005564,512
63178,2056037710,512
63179,2056072720,512
63180,2056104839,512
63181,2056136941,512
63182,2056169060,512
63183,2056201175,512
63184,2056233251,512
63185,2056265372,512
63186,2056297510,512
63187,2056331676,512
63188,2056364095,512
63189,2056396476,512
63190,2056428571,512
63191,2056460658,512
63192,2056492735,512
63193,2056524912,512
63194,2056556913,512
63195,2056589011,512
63196,2056623889,512
63197,2056656213,512
63198,2056688245,512
63199,2056721766,512
63200,2056755831,512
63201,2056788090,512
63202,2056820270,512
63203,2056852354,512
63204,2056884392,512
63205,2056916574,512
63206,2056948621,512
63207,2056980621,512
63208,2057012747,512
63209,2057044858,512
63210,2057079516,512
63211,2057111939,512
63212,2057144076,512
63213,2057176102,512
63214,2057208233,512
63215,2057240372,512
63216,2057272438,512
63217,2057304632,512
63218,2057337755,512
63219,2057371219,512
63220,2057403573,512
63221,2057435666,512
63222,2057467726,512
63223,2057499794,512
63224,2057531913,512
63225,2057564017,512
63226,2057596136,512
63227,2057628252,512
63228,2057660334,512
63229,2057695180,512
63230,2057727376,512
63231,2057759380,512
63232,2057791667,512
63233,2057823674,512
63234,2057855713,512
63235,2057887828,512
63236,2057919922,512
63237,2057952076,512
63238,2057986706,512
63239,2058018722,512
63240,2058052744,512
63241,2058086584,512
63242,2058119027,512
63243,2058151213,512
63244,2058183234,512
63245,2058215418,512
63246,2058247441,512
63247,2058279485,512
63248,2058311660,512
63249,2058346399,512
63250,2058378415,512
63251,2058410775,512
63252,2058442859,512
63253,2058474881,512
63254,2058506886,512
63255,2058538912,512
63256,2058571217,512
63257,2058603347,512
63258,2058635510,512
63259,2058668583,512
63260,2058702124,512
63261,2058734583,512
63262,2058766602,512
63263,2058798700,512
63264,2058830778,512
63265,2058862875,512
63266,2058894882,512
63267,2058926961,512
63268,2058958963,512
63269,2058991059,512
63270,2059023113,512
63271,2059057824,512
63272,2059090059,512
63273,2059122175,512
63274,2059154328,512
63275,2059186461,512
63276,2059218599,512
63277,2059250775,512
63278,2059283337,512
63279,2059317153,512
63280,2059349595,512
63281,2059383548,512
63282,2059417494,512
63283,2059449877,512
63284,2059481926,512
63285,2059513930,512
63286,2059545963,512
63287,2059578088,512
63288,2059610150,512
63289,2059642272,512
63290,2059674358,512
63291,2059706452,512
63292,2059738458,512
63293,2059773099,512
63294,2059805499,512
63295,2059837511,512
63296,2059869603,512
63297,2059901594,512
63298,2059933622,512
63299,2059965781,512
63300,2059999717,512
63301,2060032990,512
63302,2060065009,512
63303,2060097091,512
63304,2060129221,512
63305,2060161381,512
63306,2060193526,512
63307,2060225627,512
63308,2060257658,512
63309,2060289778,512
63310,2060321930,512
63311,2060353953,512
63312,2060386005,512
63313,2060420702,512
63314,2060453043,512
63315,2060485114,512
63316,2060517298,512
63317,2060549330,512
63318,2060581363,512
63319,2060614483,512
63320,2060648435,512
63321,2060680778,512
63322,2060712886,512
63323,2060744936,512
63324,2060777035,512
63325,2060809050,512
63326,2060841213,512
63327,2060873273,512
63328,2060905334,512
63329,2060937470,512
63330,2060972176,512
63331,2061004213,512
63332,2061036661,512
63333,2061068701,512
63334,2061100805,512
63335,2061132849,512
63336,2061165020,512
63337,2061197176,512
63338,2061231923,512
63339,2061264106,512
63340,2061296259,512
63341,2061329980,512
63342,2061363831,512
63343,2061396266,512
63344,2061428438,512
63345,2061460532,512
63346,2061492546,512
63347,2061524547,512
63348,2061556658,512
63349,2061588781,512
63350,2061620932,512
63351,2061655498,512
63352,2061687799,512
63353,2061720096,512
63354,2061752217,512
63355,2061784315,512
63356,2061816353,512
63357,2061848448,512
63358,2061880494,512
63359,2061912501,512
63360,2061945353,512
63361,2061979256,512
63362,2062011557,512
63363,2062043826,512
63364,2062075819,512
63365,2062107938,512
63366,2062139945,512
63367,2062172106,512
63368,2062204293,512
63369,2062239004,512
63370,2062271071,512
63371,2062303254,512
63372,2062335348,512
63373,2062367360,512
63374,2062399502,512
63375,2062431612,512
63376,2062463605,512
63377,2062495787,512
63378,2062527881,512
63379,2062559959,512
63380,2062594796,512
63381,2062626906,512
63382,2062660372,512
63383,2062694650,512
63384,2062726702,512
63385,2062758880,512
63386,2062791028,512
63387,2062823034,512
63388,2062855049,512
63389,2062887083,512
63390,2062919116,512
63391,2062951154,512
63392,2062983347,512
63393,2063015528,512
63394,2063047687,512
63395,2063082274,512
63396,2063114467,512
63397,2063146690,512
63398,2063178861,512
63399,2063210986,512
63400,2063243148,512
63401,2063277352,512
63402,2063310226,512
63403,2063342458,512
63404,2063374516,512
63405,2063406622,512
63406,2063438619,512
63407,2063470709,512
63408,2063502747,512
63409,2063534949,512
63410,2063567091,512
63411,2063599132,512
63412,2063633798,512
63413,2063665823,512
63414,2063697821,512
63415,2063730023,512
63416,2063762230,512
63417,2063794405,512
63418,2063826432,512
63419,2063858516,512
63420,2063891268,512
63421,2063925617,512
63422,2063957982,512
63423,2063991432,512
63424,2064025540,512
63425,2064057969,512
63426,2064090166,512
63427,2064122175,512
63428,2064154286,512
63429,2064186357,512
63430,2064218393,512
63431,2064250506,512
63432,2064282532,512
63433,2064314557,512
63434,2064349364,512
63435,2064381656,512
63436,2064413734,512
63437,2064445901,512
63438,2064477931,512
63439,2064510002,512
63440,2064542038,512
63441,2064574104,512
63442,2064607588,512
63443,2064641035,512
63444,2064673329,512
63445,2064705616,512
63446,2064737733,512
63447,2064769903,512
63448,2064802005,512
63449,2064834114,512
63450,2064868835,512
63451,2064901175,512
63452,2064933215,512
63453,2064965388,512
63454,2064997414,512
63455,2065029422,512
63456,2065061511,512
63457,2065093636,512
63458,2065125800,512
63459,2065157883,512
63460,2065192379,512
63461,2065225715,512
63462,2065257748,512
63463,2065292566,512
63464,2065325862,512
63465,2065359977,512
63466,2065392236,512
63467,2065426883,512
63468,2065460308,512
63469,2065492315,512
63470,2065524694,512
63471,2065556740,512
63472,2065588809,512
63473,2065620878,512
63474,2065652968,512
63475,2065685115,512
63476,2065717257,512
63477,2065749356,512
63478,2065783903,512
63479,2065815944,512
63480,2065848280,512
63481,2065880415,512
63482,2065912507,512
63483,2065944640,512
63484,2065976659,512
63485,2066008675,512
63486,2066041597,512
63487,2066075347,512
63488,2066107623,512
63489,2066141557,512
63490,2066175956,512
63491,2066208045,512
63492,2066240243,512
63493,2066272386,512
63494,2066304478,512
63495,2066336546,512
63496,2066368656,512
63497,2066400735,512
63498,2066435401,512
63499,2066467783,512
63500,2066500079,512
63501,2066532086,512
63502,2066564266,512
63503,2066596430,512
63504,2066628453,512
63505,2066663137,512
63506,2066695307,512
63507,2066727545,512
63508,2066760531,512
63509,2066794767,512
63510,2066827115,512
63511,2066860817,512
63512,2066894656,512
63513,2066927530,512
63514,2066961030,512
63515,2066994952,512
63516,2067027167,512
63517,2067059519,512
63518,2067091583,512
63519,2067123595,512
63520,2067155781,512
63521,2067187798,512
63522,2067219945,512
63523,2067251958,512
63524,2067286672,512
63525,2067319136,512
63526,2067351175,512
63527,2067383228,512
63528,2067415399,512
63529,2067447462,512
63530,2067479582,512
63531,2067511774,512
63532,2067546308,512
63533,2067579673,512
63534,2067614086,512
63535,2067646470,512
63536,2067679717,512
63537,2067714015,512
63538,2067746244,512
63539,2067780383,512
63540,2067814263,512
63541,2067846649,512
63542,2067878654,512
63543,2067910715,512
63544,2067942776,512
63545,2067974825,512
63546,2068006837,512
63547,2068038853,512
63548,2068070992,512
63549,2068103032,512
63550,2068135048,512
63551,2068167245,512
63552,2068202255,512
63553,2068234325,512
63554,2068266349,512
63555,2068298503,512
63556,2068330539,512
63557,2068362622,512
63558,2068395798,512
63559,2068429527,512
63560,2068461614,512
63561,2068493941,512
63562,2068526116,512
63563,2068558221,512
63564,2068590411,512
63565,2068622435,512
63566,2068654527,512
63567,2068686572,512
63568,2068718725,512
63569,2068753692,512
63570,2068785752,512
63571,2068817805,512
63572,2068849908,512
63573,2068882107,512
63574,2068914317,512
63575,2068946413,512
63576,2068981164,512
63577,2069013979,512
63578,2069046113,512
63579,2069078221,512
63580,2069111177,512
63581,2069145103,512
63582,2069177296,512
63583,2069209626,512
63584,2069241760,512
63585,2069273866,512
63586,2069305984,512
63587,2069338024,512
63588,2069370026,512
63589,2069402171,512
63590,2069436802,512
63591,2069469218,512
63592,2069501392,512
63593,2069533478,512
63594,2069565479,512
63595,2069597562,512
63596,2069629574,512
63597,2069661771,512
63598,2069693827,512
63599,2069726591,512
63600,2069760521,512
63601,2069792531,512
63602,2069824582,512
63603,2069856660,512
63604,2069888874,512
63605,2069921061,512
63606,2069953065,512
63607,2069985233,512
63608,2070017236,512
63609,2070049262,512
63610,2070081281,512
63611,2070113349,512
63612,2070145375,512
63613,2070177460,512
63614,2070209461,512
63615,2070241516,512
63616,2070276095,512
63617,2070308440,512
63618,2070342519,512
63619,2070375722,512
63620,2070408276,512
63621,2070440655,512
63622,2070472672,512
63623,2070504865,512
63624,2070536890,512
63625,2070568897,512
63626,2070601084,512
63627,2070635772,512
63628,2070668153,512
63629,2070700304,512
63630,2070732453,512
63631,2070764511,512
63632,2070796691,512
63633,2070828834,512
63634,2070860938,512
63635,2070895451,512
63636,2070927523,512
63637,2070959664,512
63638,2070991797,512
63639,2071023956,512
63640,2071057419,512
63641,2071091373,512
63642,2071123831,512
63643,2071155987,512
63644,2071188143,512
63645,2071220337,512
63646,2071252364,512
63647,2071284434,512
63648,2071316519,512
63649,2071350787,512
63650,2071382914,512
63651,2071415214,512
63652,2071447371,512
63653,2071479585,512
63654,2071511672,512
63655,2071543796,512
63656,2071575849,512
63658,2071639922,512
63659,2071673350,512
63660,2071706511,512
63661,2071739116,512
63662,2071771198,512
63663,2071803268,512
63664,2071835447,512
63665,2071867460,512
63666,2071899488,512
63667,2071931627,512
63668,2071963628,512
63669,2071995754,512
63670,2072027923,512
63671,2072062453,512
63672,2072094545,512
63673,2072126689,512
63674,2072158908,512
63675,2072191037,512
63676,2072223067,512
63677,2072255076,512
63678,2072287656,512
63679,2072322498,512
63680,2072354631,512
63681,2072388279,512
63682,2072422282,512
63683,2072454664,512
63684,2072486761,512
63685,2072518839,512
63686,2072551007,512
63687,2072583143,512
63688,2072615177,512
63689,2072647336,512
63690,2072682004,512
63691,2072714176,512
63692,2072746217,512
63693,2072778405,512
63694,2072810532,512
63695,2072842590,512
63696,2072874621,512
63697,2072906657,512
63698,2072938700,512
63699,2072970831,512
63700,2073004455,512
63701,2073037907,512
63702,2073070240,512
63703,2073102347,512
63704,2073134381,512
63705,2073166504,512
63706,2073198525,512
63707,2073230620,512
63708,2073262747,512
63709,2073294757,512
63710,2073329316,512
63711,2073361435,512
63712,2073393743,512
63713,2073425882,512
63714,2073457881,512
63715,2073489899,512
63716,2073522398,512
63717,2073554433,512
63718,2073586473,512
63719,2073619183,512
63720,2073652767,512
63721,2073685190,512
63722,2073718506,512
63723,2073753143,512
63724,2073785317,512
63725,2073817654,512
63726,2073849680,512
63727,2073881713,512
63728,2073913851,512
63729,2073945906,512
63730,2073977992,512
63731,2074010084,512
63732,2074042149,512
63733,2074076550,512
63734,2074108702,512
63735,2074141020,512
63736,2074173034,512
63737,2074205221,512
63738,2074237262,512
63739,2074269276,512
63740,2074301421,512
63741,2074334599,512
63742,2074368653,512
63743,2074400946,512
63744,2074433116,512
63745,2074465324,512
63746,2074497331,512
63747,2074529476,512
63748,2074561664,512
63749,2074596349,512
63750,2074628798,512
63751,2074660870,512
63752,2074692908,512
63753,2074725077,512
63754,2074757140,512
63755,2074789275,512
63756,2074821460,512
63757,2074856078,512
63758,2074888087,512
63759,2074920418,512
63760,2074953376,512
63761,2074985375,512
63762,2075019981,512
63763,2075052814,512
63764,2075084907,512
63765,2075117050,512
63766,2075149114,512
63767,2075183764,512
63768,2075215856,512
63769,2075248313,512
63770,2075280474,512
63771,2075312658,512
63772,2075344682,512
63773,2075376833,512
63774,2075408970,512
63775,2075443544,512
63776,2075475567,512
63777,2075507739,512
63778,2075539954,512
63779,2075572172,512
63780,2075604256,512
63781,2075636257,512
63782,2075668712,512
63783,2075702952,512
63784,2075735465,512
63785,2075769928,512
63786,2075803049,512
63787,2075835276,512
63788,2075867768,512
63789,2075899867,512
63790,2075931889,512
63791,2075964001,512
63792,2075996169,512
63793,2076028372,512
63794,2076060405,512
63795,2076094995,512
63796,2076127145,512
63797,2076159217,512
63798,2076191412,512
63799,2076223639,512
63800,2076255800,512
63801,2076287830,512
63802,2076320005,512
63803,2076352121,512
63804,2076384266,512
63805,2076418444,512
63806,2076450722,512
63807,2076484278,512
63808,2076518696,512
63809,2076550793,512
63810,2076582890,512
63811,2076615196,512
63812,2076647347,512
63813,2076679442,512
63814,2076711577,512
63815,2076743713,512
63816,2076775831,512
63817,2076810369,512
63818,2076842420,512
63819,2076874786,512
63820,2076906814,512
63821,2076939066,512
63822,2076971234,512
63823,2077003399,512
63824,2077035516,512
63825,2077070250,512
63826,2077103801,512
63827,2077138151,512
63828,2077170173,512
63829,2077203349,512
63830,2077235351,512
63831,2077270071,512
63832,2077303692,512
63833,2077338018,512
63834,2077370238,512
63835,2077402502,512
63836,2077434632,512
63837,2077466724,512
63838,2077498806,512
63839,2077530876,512
63840,2077562975,512
63841,2077594984,512
63842,2077629631,512
63843,2077661816,512
63844,2077694166,512
63845,2077726592,512
63846,2077758666,512
63847,2077790680,512
63848,2077822714,512
63849,2077854884,512
63850,2077890107,512
63851,2077922905,512
63852,2077957345,512
63853,2077989951,512
63854,2078022171,512
63855,2078054269,512
63856,2078086272,512
63857,2078118355,512
63858,2078150463,512
63859,2078185179,512
63860,2078217220,512
63861,2078249255,512
63862,2078281741,512
63863,2078313845,512
63864,2078345903,512
63865,2078377995,512
63866,2078410024,512
63867,2078442040,512
63868,2078474234,512
63869,2078506254,512
63870,2078538273,512
63871,2078572658,512
63872,2078604911,512
63873,2078638360,512
63874,2078672860,512
63875,2078705240,512
63876,2078739109,512
63877,2078772781,512
63878,2078804788,512
63879,2078837110,512
63880,2078869228,512
63881,2078901298,512
63882,2078933441,512
63883,2078965522,512
63884,2078997532,512
63885,2079029697,512
63886,2079061722,512
63887,2079093733,512
63888,2079125785,512
63889,2079160305,512
63890,2079192414,512
63891,2079224761,512
63892,2079257281,512
63893,2079289430,512
63894,2079321532,512
63895,2079353708,512
63896,2079388261,512
63897,2079420560,512
63898,2079454133,512
63899,2079488185,512
63900,2079520190,512
63901,2079552233,512
63902,2079584400,512
63903,2079616646,512
63904,2079648806,512
63905,2079680873,512
63906,2079712910,512
63907,2079745022,512
63908,2079777080,512
63909,2079809083,512
63910,2079841121,512
63911,2079875765,512
63912,2079907855,512
63913,2079940147,512
63914,2079972518,512
63915,2080004572,512
63916,2080036575,512
63917,2080070179,512
63918,2080103195,512
63919,2080135602,512
63920,2080167635,512
63921,2080199846,512
63922,2080232051,512
63923,2080264051,512
63924,2080296266,512
63925,2080328461,512
63926,2080360562,512
63927,2080394888,512
63928,2080427610,512
63929,2080459835,512
63930,2080491998,512
63931,2080524088,512
63932,2080556233,512
63933,2080588410,512
63934,2080622664,512
63935,2080655116,512
63936,2080687592,512
63937,2080719660,512
63938,2080751822,512
63939,2080785067,512
63940,2080818927,512
63941,2080850995,512
63942,2080883066,512
63943,2080915313,512
63944,2080947495,512
63945,2080979534,512
63946,2081011594,512
63947,2081043701,512
63948,2081075722,512
63949,2081107724,512
63950,2081139897,512
63951,2081174558,512
63952,2081206579,512
63953,2081238631,512
63954,2081271125,512
63955,2081303231,512
63956,2081335284,512
63957,2081367372,512
63958,2081401357,512
63959,2081434095,512
63960,2081466815,512
63961,2081498850,512
63962,2081530931,512
63963,2081563017,512
63964,2081595195,512
63965,2081627281,512
63966,2081659320,512
63967,2081691460,512
63968,2081726095,512
63969,2081758228,512
63970,2081790560,512
63971,2081822691,512
63972,2081854697,512
63973,2081886757,512
63974,2081918935,512
63975,2081950999,512
63976,2081983082,512
63977,2082015916,512
63978,2082049669,512
63979,2082081878,512
63980,2082115662,512
63981,2082149746,512
63982,2082181815,512
63983,2082213984,512
63984,2082246257,512
63985,2082278274,512
63986,2082310395,512
63987,2082342563,512
63988,2082374597,512
63989,2082406658,512
63990,2082438771,512
63991,2082470778,512
63992,2082505436,512
63993,2082537443,512
63994,2082569560,512
63995,2082601595,512
63996,2082633602,512
63997,2082665641,512
63998,2082697759,512
63999,2082731507,512
64000,2082765315,512
64001,2082797365,512
64002,2082829479,512
64003,2082861660,512
64004,2082893852,512
64005,2082925961,512
64006,2082958136,512
64007,2082990174,512
64008,2083022175,512
64009,2083054226,512
64010,2083089087,512
64011,2083121385,512
64012,2083153393,512
64013,2083185539,512
64014,2083217594,512
64015,2083249675,512
64016,2083281821,512
64017,2083313917,512
64018,2083347154,512
64019,2083380810,512
64020,2083413133,512
64021,2083445446,512
64022,2083477482,512
64023,2083509677,512
64024,2083541758,512
64025,2083573952,512
64026,2083608452,512
64027,2083640548,512
64028,2083672887,512
64029,2083704938,512
64030,2083737070,512
64031,2083769147,512
64032,2083801168,512
64033,2083833199,512
64034,2083865260,512
64035,2083897428,512
64036,2083929532,512
64037,2083964538,512
64038,2083996627,512
64039,2084028775,512
64040,2084062145,512
64041,2084096136,512
64042,2084128189,512
64043,2084160516,512
64044,2084192628,512
64045,2084224746,512
64046,2084256768,512
64047,2084288924,512
64048,2084321110,512
64049,2084353163,512
64050,2084385260,512
64051,2084419816,512
64052,2084451842,512
64053,2084483869,512
64054,2084515926,512
64055,2084548179,512
64056,2084580221,512
64057,2084612380,512
64058,2084644385,512
64059,2084677986,512
64060,2084711245,512
64061,2084743492,512
64062,2084775553,512
64063,2084807952,512
64064,2084840089,512
64065,2084872138,512
64066,2084904256,512
64067,2084936437,512
64068,2084968460,512
64069,2085000562,512
64070,2085032683,512
64071,2085067245,512
64072,2085099245,512
64073,2085131435,512
64074,2085163788,512
64075,2085196013,512
64076,2085228147,512
64077,2085260158,512
64078,2085292909,512
64079,2085326742,512
64080,2085359159,512
64081,2085393072,512
64082,2085426992,512
64083,2085459079,512
64084,2085491444,512
64085,2085523569,512
64086,2085555766,512
64087,2085587851,512
64088,2085619859,512
64089,2085652016,512
64090,2085684121,512
64091,2085718669,512
64092,2085750996,512
64093,2085783190,512
64094,2085815330,512
64095,2085847446,512
64096,2085879639,512
64097,2085911826,512
64098,2085943837,512
64099,2085978385,512
64100,2086012071,512
64101,2086046176,512
64102,2086078691,512
64103,2086111854,512
64104,2086146087,512
64105,2086178217,512
64106,2086212324,512
64107,2086246283,512
64108,2086278610,512
64109,2086310725,512
64110,2086342915,512
64111,2086375132,512
64112,2086407124,512
64113,2086439125,512
64114,2086471294,512
64115,2086503299,512
64116,2086535311,512
64117,2086569547,512
64118,2086601952,512
64119,2086633981,512
64120,2086666268,512
64121,2086698442,512
64122,2086730710,512
64123,2086762751,512
64124,2086794819,512
64125,2086828328,512
64126,2086861436,512
64127,2086893755,512
64128,2086926106,512
64129,2086958180,512
64130,2086990345,512
64131,2087022432,512
64132,2087054431,512
64133,2087086553,512
64134,2087118620,512
64135,2087150621,512
64136,2087182802,512
64137,2087217502,512
64138,2087249865,512
64139,2087281975,512
64140,2087314131,512
64141,2087346250,512
64142,2087378289,512
64143,2087410411,512
64144,2087443151,512
64145,2087476928,512
64146,2087509170,512
64147,2087543121,512
64148,2087577149,512
64149,2087609525,512
64150,2087641606,512
64151,2087673820,512
64152,2087705997,512
64153,2087738102,512
64154,2087770271,512
64155,2087804903,512
64156,2087837332,512
64157,2087869430,512
64158,2087901459,512
64159,2087933524,512
64160,2087965587,512
64161,2087997622,512
64162,2088029712,512
64163,2088061733,512
64164,2088093859,512
64165,2088125875,512
64166,2088158611,512
64167,2088192650,512
64168,2088224931,512
64169,2088257069,512
64170,2088289116,512
64171,2088321213,512
64172,2088353256,512
64173,2088385385,512
64174,2088417454,512
64175,2088449563,512
64176,2088481658,512
64177,2088516349,512
64178,2088548351,512
64179,2088580555,512
64180,2088612592,512
64181,2088644629,512
64182,2088676635,512
64183,2088708692,512
64184,2088740791,512
64185,2088774308,512
64186,2088807689,512
64187,2088839990,512
64188,2088872089,512
64189,2088904486,512
64190,2088936687,512
64191,2088968724,512
64192,2089000806,512
64193,2089032882,512
64194,2089064907,512
64195,2089097019,512
64196,2089129100,512
64197,2089163789,512
64198,2089195825,512
64199,2089227997,512
64200,2089260173,512
64201,2089292337,512
64202,2089324532,512
64203,2089356722,512
64204,2089391706,512
64205,2089423830,512
64206,2089456009,512
64207,2089489462,512
64208,2089523492,512
64209,2089555708,512
64210,2089587947,512
64211,2089620053,512
64212,2089652214,512
64213,2089684316,512
64214,2089716398,512
64215,2089748491,512
64216,2089783194,512
64217,2089815193,512
64218,2089847213,512
64219,2089879683,512
64220,2089911759,512
64221,2089943786,512
64222,2089975982,512
64223,2090008126,512
64224,2090040300,512
64225,2090074963,512
64226,2090108331,512
64227,2090142532,512
64228,2090174697,512
64229,2090207540,512
64230,2090239644,512
64231,2090271706,512
64232,2090303902,512
64233,2090336020,512
64234,2090370694,512
64235,2090402779,512
64236,2090435057,512
64237,2090467377,512
64238,2090499480,512
64239,2090531673,512
64240,2090563726,512
64241,2090598440,512
64242,2090630486,512
64243,2090662785,512
64244,2090694968,512
64245,2090727108,512
64246,2090759260,512
64247,2090791400,512
64248,2090823871,512
64249,2090858234,512
64250,2090890301,512
64251,2090924561,512
64252,2090957947,512
64253,2090990114,512
64254,2091022250,512
64255,2091054690,512
64256,2091086791,512
64257,2091118842,512
64258,2091150938,512
64259,2091183145,512
64260,2091215270,512
64261,2091249464,512
64262,2091282705,512
64263,2091314873,512
64264,2091346922,512
64265,2091379044,512
64266,2091411076,512
64267,2091443127,512
64268,2091477441,512
64269,2091509682,512
64270,2091541992,512
64271,2091574024,512
64272,2091606113,512
64273,2091639549,512
64274,2091673680,512
64275,2091706019,512
64276,2091738038,512
64277,2091770192,512
64278,2091802254,512
64279,2091834264,512
64280,2091866283,512
64281,2091898438,512
64282,2091930522,512
64283,2091962636,512
64284,2091994658,512
64285,2092029188,512
64286,2092061533,512
64287,2092093661,512
64288,2092125829,512
64289,2092157880,512
64290,2092189963,512
64291,2092222132,512
64292,2092255693,512
64293,2092288971,512
64294,2092321460,512
64295,2092353499,512
64296,2092385695,512
64297,2092417882,512
64298,2092450003,512
64299,2092482103,512
64300,2092514183,512
64301,2092549107,512
64302,2092581299,512
64303,2092613361,512
64304,2092645533,512
64305,2092677663,512
64306,2092709859,512
64307,2092741901,512
64308,2092776651,512
64309,2092808675,512
64310,2092840930,512
64311,2092873489,512
64312,2092905660,512
64313,2092937682,512
64314,2092970528,512
64315,2093004373,512
64316,2093036726,512
64317,2093068929,512
64318,2093100941,512
64319,2093133102,512
64320,2093165119,512
64321,2093197318,512
64322,2093229350,512
64323,2093261438,512
64324,2093296129,512
64325,2093328355,512
64326,2093360701,512
64327,2093392794,512
64328,2093424933,512
64329,2093456991,512
64330,2093489082,512
64331,2093521162,512
64332,2093553318,512
64333,2093586065,512
64334,2093620005,512
64335,2093652499,512
64336,2093684550,512
64337,2093716742,512
64338,2093748933,512
64339,2093781076,512
64340,2093815285,512
64341,2093847751,512
64342,2093880006,512
64343,2093912214,512
64344,2093944260,512
64345,2093976368,512
64346,2094008418,512
64347,2094040453,512
64348,2094072516,512
64349,2094104529,512
64350,2094136554,512
64351,2094168666,512
64352,2094201525,512
64353,2094235079,512
64354,2094267396,512
64355,2094301456,512
64356,2094335189,512
64357,2094367334,512
64358,2094399514,512
64359,2094431624,512
64360,2094463685,512
64361,2094495873,512
64362,2094527952,512
64363,2094559975,512
64364,2094592121,512
64365,2094624255,512
64366,2094656323,512
64367,2094691026,512
64368,2094723435,512
64369,2094755613,512
64370,2094787814,512
64371,2094819873,512
64372,2094851962,512
64373,2094884058,512
64374,2094916940,512
64375,2094950786,512
64376,2094983135,512
64377,2095015280,512
64378,2095047437,512
64379,2095079450,512
64380,2095111583,512
64381,2095143588,512
64382,2095175726,512
64383,2095207863,512
64384,2095242522,512
64385,2095274689,512
64386,2095306865,512
64387,2095339050,512
64388,2095371104,512
64389,2095403130,512
64390,2095435428,512
64391,2095467600,512
64392,2095499610,512
64393,2095532516,512
64394,2095566004,512
64395,2095598025,512
64396,2095630273,512
64397,2095662423,512
64398,2095694620,512
64399,2095726783,512
64400,2095758916,512
64401,2095791090,512
64402,2095823192,512
64403,2095858383,512
64404,2095890492,512
64405,2095922523,512
64406,2095954702,512
64407,2095986754,512
64408,2096018777,512
64409,2096050989,512
64410,2096083134,512
64411,2096117772,512
64412,2096150030,512
64413,2096182414,512
64414,2096214543,512
64415,2096247717,512
64416,2096281676,512
64417,2096313689,512
64418,2096345779,512
64419,2096378229,512
64420,2096410392,512
64421,2096442546,512
64423,2096510021,512
64424,2096542213,512
64425,2096574381,512
64426,2096606421,512
64427,2096638421,512
64428,2096670477,512
64429,2096702576,512
64430,2096737148,512
64431,2096769599,512
64432,2096801687,512
64433,2096833778,512
64434,2096866734,512
64435,2096900724,512
64436,2096933116,512
64437,2096966325,512
64438,2097000668,512
64439,2097032842,512
64440,2097066957,512
64441,2097100927,512
64442,2097133394,512
64443,2097165586,512
64444,2097197696,512
64445,2097229819,512
64446,2097261999,512
64447,2097294082,512
64448,2097328739,512
64449,2097360765,512
64450,2097393091,512
64451,2097425115,512
64452,2097457245,512
64453,2097489276,512
64454,2097521368,512
64455,2097553516,512
64456,2097585657,512
64457,2097620517,512
64458,2097652853,512
64459,2097685818,512
64460,2097720397,512
64461,2097752731,512
64462,2097786471,512
64463,2097820277,512
64464,2097852555,512
64465,2097886276,512
64466,2097920172,512
64467,2097952217,512
64468,2097984581,512
64469,2098016654,512
64470,2098048709,512
64471,2098080863,512
64472,2098112890,512
64473,2098145001,512
64474,2098177133,512
64475,2098209281,512
64476,2098244071,512
64477,2098276447,512
64478,2098308511,512
64479,2098340704,512
64480,2098372799,512
64481,2098404928,512
64482,2098437071,512
64483,2098471737,512
64484,2098505120,512
64485,2098539290,512
64486,2098571641,512
64487,2098604371,512
64488,2098636391,512
64489,2098668474,512
64490,2098700479,512
64491,2098732658,512
64492,2098764717,512
64493,2098799321,512
64494,2098831363,512
64495,2098863479,512
64496,2098895804,512
64497,2098927934,512
64498,2098960051,512
64499,2098992160,512
64500,2099024325,512
64501,2099056352,512
64502,2099088360,512
64503,2099123046,512
64504,2099155752,512
64505,2099187766,512
64506,2099220614,512
64507,2099254697,512
64508,2099287087,512
64509,2099321389,512
64510,2099354714,512
64511,2099386857,512
64512,2099419134,512
64513,2099451248,512
64514,2099483658,512
64515,2099515733,512
64516,2099547736,512
64517,2099579822,512
64518,2099611972,512
64519,2099646666,512
64520,2099678775,512
64521,2099711105,512
64522,2099743186,512
64523,2099775269,512
64524,2099807299,512
64525,2099839643,512
64527,2099903775,512
64528,2099936429,512
64529,2099970067,512
64530,2100002430,512
64531,2100036281,512
64532,2100070386,512
64533,2100102851,512
64534,2100134863,512
64535,2100167001,512
64536,2100199193,512
64537,2100231360,512
64538,2100266119,512
64539,2100298179,512
64540,2100330643,512
64541,2100362642,512
64542,2100394715,512
64543,2100426869,512
64544,2100458946,512
64545,2100491065,512
64546,2100523104,512
64547,2100555231,512
64548,2100589931,512
64549,2100622230,512
64550,2100655902,512
64551,2100689853,512
64552,2100722342,512
64553,2100754987,512
64554,2100789400,512
64555,2100821689,512
64556,2100855600,512
64557,2100889341,512
64558,2100921658,512
64559,2100953811,512
64560,2100986121,512
64561,2101018154,512
64562,2101050227,512
64563,2101082231,512
64564,2101114269,512
64565,2101146285,512
64566,2101178467,512
64567,2101210516,512
64568,2101242575,512
64569,2101277213,512
64570,2101309586,512
64571,2101341786,512
64572,2101373810,512
64573,2101405922,512
64574,2101438082,512
64575,2101471671,512
64576,2101504775,512
64577,2101537445,512
64578,2101569614,512
64579,2101601740,512
64580,2101633901,512
64581,2101666001,512
64582,2101698127,512
64583,2101730197,512
64584,2101764794,512
64585,2101796845,512
64586,2101829219,512
64587,2101861373,512
64588,2101893493,512
64589,2101925657,512
64590,2101957781,512
64591,2101989950,512
64592,2102024217,512
64593,2102056698,512
64594,2102088996,512
64595,2102121157,512
64596,2102153217,512
64597,2102186500,512
64598,2102220399,512
64599,2102252434,512
64600,2102284538,512
64601,2102316833,512
64602,2102349005,512
64603,2102381166,512
64604,2102413314,512
64605,2102445498,512
64606,2102480181,512
64607,2102512300,512
64608,2102544426,512
64609,2102576578,512
64610,2102608767,512
64611,2102640882,512
64612,2102672986,512
64613,2102708030,512
64614,2102740199,512
64615,2102772450,512
64616,2102805660,512
64617,2102839988,512
64618,2102872352,512
64619,2102905466,512
64620,2102939615,512
64621,2102971803,512
64622,2103005743,512
64623,2103039648,512
64624,2103072003,512
64625,2103104126,512
64626,2103136277,512
64627,2103168311,512
64628,2103200383,512
64629,2103232488,512
64630,2103264657,512
64631,2103296721,512
64632,2103328870,512
64633,2103363562,512
64634,2103395686,512
64635,2103427867,512
64636,2103459966,512
64637,2103492124,512
64638,2103524329,512
64639,2103556355,512
64640,2103588461,512
64641,2103621881,512
64642,2103655164,512
64643,2103687603,512
64644,2103719657,512
64645,2103751807,512
64646,2103783879,512
64647,2103815944,512
64648,2103847998,512
64649,2103880058,512
64650,2103912228,512
64651,2103946870,512
64652,2103979022,512
64653,2104011453,512
64654,2104043474,512
64655,2104075603,512
64656,2104107747,512
64657,2104139946,512
64658,2104171998,512
64659,2104204147,512
64660,2104236463,512
64661,2104270808,512
64662,2104303120,512
64663,2104336729,512
64664,2104370668,512
64665,2104403108,512
64666,2104435159,512
64667,2104467357,512
64668,2104499480,512
64669,2104531573,512
64670,2104563578,512
64671,2104595733,512
64672,2104627736,512
64673,2104662396,512
64674,2104694781,512
64675,2104726966,512
64676,2104759110,512
64677,2104791234,512
64678,2104823263,512
64679,2104855266,512
64680,2104887309,512
64681,2104919387,512
64682,2104952347,512
64683,2104986025,512
64684,2105018164,512
64685,2105050444,512
64686,2105082578,512
64687,2105114584,512
64688,2105146696,512
64689,2105178793,512
64690,2105210858,512
64691,2105243054,512
64692,2105275062,512
64693,2105307065,512
64694,2105341664,512
64695,2105373693,512
64696,2105405938,512
64697,2105438190,512
64698,2105470511,512
64699,2105502580,512
64700,2105534645,512
64701,2105567850,512
64702,2105601273,512
64703,2105633402,512
64704,2105665507,512
64705,2105697581,512
64706,2105729844,512
64707,2105761894,512
64708,2105793976,512
64709,2105826022,512
64710,2105858034,512
64711,2105890063,512
64712,2105922105,512
64713,2105954294,512
64714,2105986321,512
64715,2106018432,512
64716,2106053680,512
64717,2106085711,512
64718,2106117859,512
64719,2106149980,512
64720,2106182237,512
64721,2106214377,512
64722,2106248897,512
64723,2106282881,512
64724,2106316968,512
64725,2106348979,512
64726,2106381150,512
64727,2106413297,512
64728,2106445312,512
64729,2106477409,512
64730,2106509562,512
64731,2106541570,512
64732,2106573701,512
64733,2106605884,512
64734,2106637927,512
64735,2106672351,512
64736,2106704694,512
64737,2106736853,512
64738,2106769103,512
64739,2106801625,512
64740,2106833716,512
64741,2106868407,512
64742,2106901821,512
64743,2106936015,512
64744,2106968347,512
64745,2107001504,512
64746,2107033675,512
64747,2107068099,512
64748,2107102300,512
64749,2107136157,512
64750,2107168537,512
64751,2107200804,512
64752,2107232879,512
64753,2107264986,512
64754,2107297106,512
64755,2107329255,512
64756,2107361335,512
64757,2107393372,512
64758,2107427943,512
64759,2107460050,512
64760,2107492342,512
64761,2107524432,512
64762,2107556436,512
64763,2107588475,512
64764,2107620547,512
64765,2107652683,512
64766,2107684683,512
64767,2107718196,512
64768,2107751560,512
64769,2107783603,512
64770,2107815722,512
64771,2107848079,512
64772,2107880245,512
64773,2107912377,512
64774,2107944533,512
64775,2107976550,512
64776,2108008715,512
64777,2108040716,512
64778,2108072750,512
64779,2108107447,512
64780,2108139707,512
64781,2108171897,512
64782,2108204072,512
64783,2108236327,512
64784,2108268512,512
64785,2108300556,512
64786,2108332582,512
64787,2108366809,512
64788,2108399156,512
64789,2108433157,512
64790,2108467282,512
64791,2108499565,512
64792,2108531578,512
64793,2108563624,512
64794,2108595801,512
64795,2108627825,512
64796,2108659951,512
64797,2108692076,512
64798,2108724217,512
64799,2108758878,512
64800,2108790968,512
64801,2108823189,512
64802,2108855273,512
64803,2108887350,512
64804,2108919533,512
64805,2108951717,512
64806,2108983780,512
64807,2109015912,512
64808,2109049030,512
64809,2109082122,512
64810,2109114417,512
64811,2109146700,512
64812,2109178920,512
64813,2109211102,512
64814,2109243156,512
64815,2109275248,512
64816,2109307446,512
64817,2109339516,512
64818,2109374182,512
64819,2109406552,512
64820,2109438748,512
64821,2109470825,512
64822,2109502866,512
64823,2109535039,512
64824,2109567141,512
64825,2109599240,512
64826,2109631281,512
64827,2109663718,512
64828,2109697747,512
64829,2109729977,512
64830,2109763834,512
64831,2109797780,512
64832,2109829899,512
64833,2109862082,512
64834,2109894375,512
64835,2109926516,512
64836,2109958582,512
64837,2109990658,512
64838,2110022660,512
64839,2110054858,512
64840,2110087009,512
64841,2110121714,512
64842,2110153730,512
64843,2110186020,512
64844,2110218051,512
64845,2110250064,512
64846,2110282436,512
64847,2110314489,512
64848,2110346489,512
64849,2110380094,512
64850,2110413044,512
64851,2110445380,512
64852,2110477422,512
64853,2110509872,512
64854,2110542057,512
64855,2110574132,512
64856,2110606199,512
64857,2110638374,512
64858,2110670516,512
64859,2110705190,512
64860,2110737658,512
64861,2110769766,512
64862,2110801884,512
64863,2110833992,512
64864,2110866168,512
64865,2110898267,512
64866,2110932955,512
64867,2110965050,512
64868,2110998584,512
64869,2111032418,512
64870,2111065461,512
64871,2111098848,512
64872,2111132404,512
64873,2111164787,512
64874,2111199350,512
64875,2111232428,512
64876,2111264679,512
64877,2111296784,512
64878,2111329095,512
64879,2111361278,512
64880,2111393351,512
64881,2111425384,512
64882,2111457469,512
64883,2111489600,512
64884,2111521634,512
64885,2111553722,512
64886,2111585744,512
64887,2111620309,512
64888,2111652346,512
64889,2111684799,512
64890,2111717105,512
64891,2111749287,512
64892,2111781359,512
64893,2111814032,512
64894,2111847894,512
64895,2111880170,512
64896,2111914009,512
64897,2111948189,512
64898,2111980564,512
64899,2112012574,512
64900,2112044603,512
64901,2112076779,512
64902,2112108951,512
64903,2112141127,512
64904,2112175808,512
64905,2112208269,512
64906,2112240348,512
64907,2112272712,512
64908,2112304771,512
64909,2112336810,512
64910,2112369025,512
64911,2112403628,512
64912,2112435823,512
64913,2112468017,512
64914,2112500044,512
64915,2112532958,512
64916,2112567304,512
64917,2112599436,512
64918,2112633239,512
64919,2112667057,512
64920,2112699375,512
64921,2112733118,512
64922,2112767441,512
64923,2112799733,512
64924,2112831821,512
64925,2112863949,512
64926,2112896039,512
64927,2112928141,512
64928,2112960174,512
64929,2112992175,512
64930,2113024257,512
64931,2113056315,512
64932,2113088425,512
64933,2113120435,512
64934,2113154950,512
64935,2113187090,512
64936,2113219437,512
64937,2113251658,512
64938,2113283740,512
64939,2113315881,512
64940,2113349004,512
64941,2113382819,512
64942,2113415026,512
64943,2113447364,512
64944,2113479399,512
64945,2113511565,512
64946,2113543755,512
64947,2113575824,512
64948,2113607863,512
64949,2113639882,512
64950,2113674908,512
64951,2113707156,512
64952,2113739268,512
64953,2113771275,512
64954,2113803466,512
64955,2113835573,512
64956,2113867713,512
64957,2113902131,512
64958,2113934455,512
64959,2113967587,512
64960,2114001887,512
64961,2114034314,512
64962,2114067303,512
64963,2114099400,512
64964,2114131532,512
64965,2114168303,512
64966,2114201950,512
64967,2114234067,512
64968,2114266245,512
64969,2114298671,512
64970,2114330822,512
64971,2114362898,512
64972,2114395011,512
64973,2114427072,512
64974,2114459260,512
64975,2114493948,512
64976,2114526328,512
64977,2114558380,512
64978,2114590565,512
64979,2114622749,512
64980,2114654851,512
64981,2114686922,512
64982,2114718921,512
64983,2114753644,512
64984,2114786628,512
64985,2114818641,512
64986,2114850687,512
64987,2114883425,512
64988,2114917746,512
64989,2114949885,512
64990,2114981944,512
64991,2115014104,512
64992,2115046172,512
64993,2115078311,512
64994,2115110491,512
64995,2115142628,512
64996,2115177788,512
64997,2115209853,512
64998,2115242077,512
64999,2115274217,512
65000,2115306322,512
65001,2115338499,512
65002,2115370500,512
65003,2115405189,512
65004,2115437284,512
65005,2115469656,512
65006,2115502449,512
65007,2115536649,512
65008,2115568742,512
65009,2115603329,512
65010,2115636610,512
65011,2115668846,512
65012,2115702949,512
65013,2115736795,512
65014,2115768831,512
65015,2115800972,512
65016,2115833221,512
65017,2115865244,512
65018,2115897308,512
65019,2115929473,512
65020,2115961481,512
65021,2115993537,512
65022,2116025689,512
65023,2116057839,512
65024,2116092481,512
65025,2116124838,512
65026,2116157012,512
65027,2116189137,512
65028,2116221267,512
65029,2116253448,512
65030,2116285622,512
65031,2116318452,512
65032,2116352270,512
65033,2116384293,512
65034,2116416444,512
65035,2116448685,512
65036,2116480861,512
65037,2116512899,512
65038,2116545012,512
65039,2116577128,512
65040,2116609299,512
65041,2116641388,512
65042,2116675758,512
65043,2116708067,512
65044,2116740485,512
65045,2116772620,512
65046,2116804663,512
65047,2116836696,512
65048,2116868843,512
65049,2116900922,512
65050,2116933991,512
65051,2116967746,512
65052,2117000116,512
65053,2117032327,512
65054,2117064343,512
65055,2117096361,512
65056,2117128536,512
65057,2117160659,512
65058,2117192775,512
65059,2117224842,512
65060,2117256863,512
65061,2117291337,512
65062,2117323540,512
65063,2117355765,512
65064,2117387822,512
65065,2117419921,512
65066,2117451981,512
65067,2117484156,512
65068,2117516331,512
65069,2117548354,512
65070,2117580509,512
65071,2117615125,512
65072,2117649148,512
65073,2117682830,512
65074,2117715186,512
65075,2117747354,512
65076,2117779423,512
65077,2117811462,512
65078,2117843602,512
65079,2117875658,512
65080,2117907777,512
65081,2117939820,512
65082,2117971881,512
65083,2118004033,512
65084,2118036096,512
65085,2118070685,512
65086,2118102716,512
65087,2118135083,512
65088,2118167478,512
65089,2118199572,512
65090,2118231619,512
65091,2118265261,512
65092,2118298690,512
65093,2118330869,512
65094,2118363110,512
65095,2118395260,512
65096,2118427286,512
65097,2118459335,512
65098,2118491402,512
65099,2118523497,512
65100,2118555683,512
65101,2118590453,512
65102,2118622519,512
65103,2118654714,512
65104,2118686923,512
65105,2118719019,512
65106,2118751068,512
65107,2118783283,512
65108,2118815472,512
65109,2118850157,512
65110,2118882435,512
65111,2118914473,512
65112,2118946634,512
65113,2118980084,512
65114,2119014054,512
65115,2119046358,512
65116,2119078431,512
65117,2119110440,512
65118,2119142598,512
65119,2119174596,512
65120,2119206762,512
65121,2119238784,512
65122,2119270890,512
65123,2119302946,512
65124,2119335063,512
65125,2119369769,512
65126,2119402060,512
65127,2119434235,512
65128,2119466292,512
65129,2119498416,512
65130,2119530516,512
65131,2119562586,512
65132,2119595934,512
65133,2119629285,512
65134,2119661462,512
65135,2119693601,512
65136,2119725804,512
65137,2119757819,512
65138,2119789923,512
65139,2119822118,512
65140,2119854213,512
65141,2119886260,512
65142,2119918442,512
65143,2119953213,512
65144,2119985296,512
65145,2120017386,512
65146,2120049496,512
65147,2120081511,512
65148,2120113864,512
65149,2120145956,512
65150,2120178134,512
65151,2120210692,512
65152,2120244943,512
65153,2120276997,512
65154,2120311026,512
65155,2120344843,512
65156,2120376850,512
65157,2120408964,512
65158,2120441283,512
65159,2120473659,512
65160,2120505697,512
65161,2120537758,512
65162,2120569797,512
65163,2120601913,512
65164,2120636516,512
65165,2120669063,512
65166,2120701256,512
65167,2120733336,512
65168,2120765348,512
65169,2120797534,512
65170,2120829683,512
65171,2120861721,512
65172,2120896305,512
65173,2120929512,512
65174,2120961658,512
65175,2120996234,512
65176,2121030081,512
65177,2121064174,512
65178,2121096261,512
65179,2121130307,512
65180,2121164063,512
65181,2121196111,512
65182,2121228196,512
65183,2121260546,512
65184,2121292623,512
65185,2121324814,512
65186,2121356890,512
65187,2121388933,512
65188,2121421106,512
65189,2121453254,512
65190,2121488002,512
65191,2121520305,512
65192,2121552416,512
65193,2121584581,512
65194,2121616603,512
65195,2121648677,512
65196,2121680725,512
65197,2121712803,512
65198,2121745669,512
65199,2121779290,512
65200,2121811698,512
65201,2121843734,512
65202,2121876005,512
65203,2121908041,512
65204,2121940153,512
65205,2121972228,512
65206,2122004543,512
65207,2122036625,512
65208,2122068687,512
65209,2122102875,512
65210,2122135250,512
65211,2122167442,512
65212,2122199460,512
65213,2122231571,512
65214,2122263895,512
65215,2122296072,512
65216,2122328260,512
65217,2122361062,512
65218,2122394858,512
65219,2122426956,512
65220,2122460921,512
65221,2122494991,512
65222,2122527348,512
65223,2122559544,512
65224,2122591646,512
65225,2122623740,512
65226,2122655794,512
65227,2122687903,512
65228,2122719974,512
65229,2122752073,512
65230,2122786689,512
65231,2122818722,512
65232,2122850734,512
65233,2122882834,512
65234,2122915028,512
65235,2122947111,512
65236,2122979228,512
65237,2123011238,512
65238,2123043311,512
65239,2123075476,512
65240,2123107677,512
65241,2123142426,512
65242,2123174767,512
65243,2123206778,512
65244,2123238936,512
65245,2123271000,512
65246,2123303019,512
65247,2123335153,512
65248,2123367234,512
65249,2123399371,512
65250,2123431466,512
65251,2123466312,512
65252,2123498648,512
65253,2123530694,512
65254,2123562780,512
65255,2123595097,512
65256,2123627149,512
65257,2123659187,512
65258,2123691900,512
65259,2123725589,512
65260,2123757820,512
65261,2123790155,512
65262,2123822288,512
65263,2123854315,512
65264,2123886367,512
65265,2123918487,512
65266,2123950525,512
65267,2123982684,512
65268,2124014841,512
65269,2124046898,512
65270,2124078952,512
65271,2124113465,512
65272,2124145657,512
65273,2124178058,512
65274,2124210398,512
65275,2124242454,512
65276,2124274459,512
65277,2124306680,512
65278,2124341077,512
65279,2124373392,512
65280,2124407268,512
65281,2124441398,512
65282,2124473829,512
65283,2124505994,512
65284,2124538131,512
65285,2124570193,512
65286,2124602255,512
65287,2124634329,512
65288,2124666434,512
65289,2124701083,512
65290,2124733127,512
65291,2124765494,512
65292,2124797534,512
65293,2124829715,512
65294,2124861837,512
65295,2124893958,512
65296,2124926145,512
65297,2124960790,512
65298,2124992803,512
65299,2125026253,512
65300,2125060778,512
65301,2125092821,512
65302,2125125553,512
65303,2125157685,512
65304,2125189736,512
65305,2125221912,512
65306,2125256560,512
65307,2125288592,512
65308,2125320674,512
65309,2125352910,512
65310,2125385022,512
65311,2125417058,512
65312,2125449103,512
65313,2125481139,512
65314,2125513254,512
65315,2125545441,512
65316,2125577548,512
65317,2125609620,512
65318,2125644290,512
65319,2125676586,512
65320,2125708668,512
65321,2125741840,512
65322,2125776115,512
65323,2125808182,512
65324,2125842497,512
65325,2125875812,512
65326,2125908021,512
65327,2125940118,512
65328,2125972395,512
65329,2126004546,512
65330,2126036689,512
65331,2126068710,512
65332,2126100772,512
65333,2126132824,512
65334,2126164884,512
65335,2126196959,512
65336,2126229025,512
65337,2126261063,512
65338,2126295269,512
65339,2126327660,512
65340,2126360390,512
65341,2126392539,512
65342,2126424644,512
65343,2126457307,512
65344,2126491305,512
65345,2126523575,512
65346,2126557595,512
65347,2126591506,512
65348,2126623513,512
65349,2126655631,512
65350,2126687765,512
65351,2126720153,512
65352,2126752263,512
65353,2126784294,512
65354,2126816460,512
65355,2126848534,512
65356,2126880574,512
65357,2126915179,512
65358,2126947542,512
65359,2126979722,512
65360,2127011762,512
65361,2127043938,512
65362,2127076072,512
65363,2127108083,512
65364,2127140190,512
65365,2127173321,512
65366,2127207022,512
65367,2127239394,512
65368,2127271573,512
65369,2127303595,512
65370,2127335757,512
65371,2127367770,512
65372,2127399852,512
65373,2127432022,512
65374,2127466602,512
65375,2127498697,512
65376,2127530709,512
65377,2127563061,512
65378,2127595073,512
65379,2127627260,512
65380,2127659335,512
65381,2127691812,512
65382,2127726191,512
65383,2127758547,512
65384,2127791328,512
65385,2127823387,512
65386,2127855418,512
65387,2127888362,512
65388,2127922379,512
65389,2127954873,512
65390,2127987022,512
65391,2128019028,512
65392,2128051128,512
65393,2128083254,512
65394,2128115429,512
65395,2128150136,512
65396,2128182543,512
65397,2128214721,512
65398,2128247003,512
65399,2128279188,512
65400,2128311337,512
65401,2128346322,512
65402,2128378521,512
65403,2128410707,512
65404,2128442896,512
65405,2128474931,512
65406,2128506997,512
65407,2128539097,512
65408,2128573425,512
65409,2128607005,512
65410,2128641419,512
65411,2128673566,512
65412,2128707649,512
65413,2128741697,512
65414,2128773937,512
65415,2128806087,512
65416,2128838162,512
65417,2128870237,512
65418,2128902379,512
65419,2128934406,512
65420,2128966451,512
65421,2128998461,512
65422,2129030460,512
65423,2129062460,512
65424,2129094658,512
65425,2129129251,512
65426,2129161255,512
65427,2129193708,512
65428,2129225805,512
65429,2129257857,512
65430,2129289865,512
65431,2129323167,512
65432,2129357181,512
65433,2129389519,512
65434,2129421685,512
65435,2129453857,512
65436,2129485875,512
65437,2129517999,512
65438,2129550088,512
65439,2129582089,512
65440,2129614121,512
65441,2129646164,512
65442,2129680782,512
65443,2129712786,512
65444,2129744798,512
65445,2129776986,512
65446,2129809215,512
65447,2129841369,512
65448,2129873399,512
65449,2129905461,512
65450,2129938712,512
65451,2129972217,512
65452,2130004557,512
65453,2130036973,512
65454,2130069031,512
65455,2130101119,512
65456,2130133276,512
65457,2130165299,512
65458,2130197482,512
65459,2130229516,512
65460,2130261525,512
65461,2130296117,512
65462,2130328133,512
65463,2130360217,512
65464,2130392794,512
65465,2130424902,512
65466,2130456967,512
65467,2130489091,512
65468,2130521132,512
65469,2130556099,512
65470,2130588900,512
65471,2130620938,512
65472,2130653489,512
65473,2130687853,512
65474,2130719960,512
65475,2130752312,512
65476,2130784458,512
65477,2130816506,512
65478,2130848657,512
65479,2130880732,512
65480,2130912889,512
65481,2130944976,512
65482,2130979578,512
65483,2131012076,512
65484,2131044274,512
65485,2131076357,512
65486,2131108358,512
65487,2131140476,512
65488,2131173885,512
65489,2131207359,512
65490,2131239376,512
65491,2131271384,512
65492,2131303656,512
65493,2131335853,512
65494,2131367878,512
65495,2131400064,512
65496,2131432193,512
65497,2131464318,512
65498,2131496322,512
65499,2131528328,512
65500,2131560421,512
65501,2131592462,512
65502,2131627491,512
65503,2131659506,512
65504,2131691575,512
65505,2131723757,512
65506,2131755890,512
65507,2131788177,512
65508,2131820276,512
65509,2131854939,512
65510,2131887291,512
65511,2131919328,512
65512,2131951349,512
65513,2131984756,512
65514,2132018865,512
65515,2132051313,512
65516,2132083360,512
65517,2132115430,512
65518,2132147453,512
65519,2132179512,512
65520,2132211577,512
65521,2132243593,512
65522,2132275745,512
65523,2132307876,512
65524,2132342466,512
65525,2132374516,512
65526,2132406939,512
65527,2132438940,512
65528,2132471024,512
65529,2132503376,512
65530,2132535461,512
65531,2132567532,512
65532,2132600814,512
65533,2132634218,512
65534,2132666296,512
65535,2132698344,512
65536,2132730561,512
65537,2132762722,512
65538,2132794866,512
65539,2132827036,512
65540,2132859146,512
65541,2132891260,512
65542,2132923288,512
65543,2132957888,512
65544,2132990331,512
65545,2133022470,512
65546,2133054658,512
65547,2133086716,512
65548,2133118788,512
65549,2133150843,512
65550,2133182996,512
65551,2133215443,512
65552,2133249698,512
65553,2133282016,512
65554,2133315718,512
65555,2133349706,512
65557,2133413930,512
65558,2133446124,512
65559,2133478275,512
65560,2133510315,512
65561,2133542461,512
65562,2133574614,512
65563,2133606734,512
65564,2133641148,512
65565,2133673327,512
65566,2133705784,512
65567,2133737977,512
65568,2133770067,512
65569,2133802151,512
65570,2133834257,512
65571,2133866405,512
65572,2133901099,512
65573,2133934306,512
65574,2133966365,512
65575,2134001025,512
65576,2134034516,512
65577,2134068989,512
65578,2134101029,512
65579,2134134855,512
65580,2134168973,512
65581,2134201336,512
65582,2134233473,512
65583,2134265643,512
65584,2134297725,512
65585,2134329876,512
65586,2134362072,512
65587,2134394073,512
65588,2134428675,512
65589,2134461035,512
65590,2134493229,512
65591,2134525217,512
65592,2134557348,512
65593,2134589380,512
65594,2134621395,512
65595,2134653522,512
65596,2134685535,512
65597,2134717663,512
65598,2134750422,512
65599,2134784319,512
65600,2134816395,512
65601,2134848502,512
65602,2134880738,512
65603,2134912848,512
65604,2134944954,512
65605,2134976954,512
65606,2135009044,512
65607,2135041184,512
65608,2135073328,512
65609,2135108407,512
65610,2135140596,512
65611,2135172785,512
65612,2135204923,512
65613,2135237079,512
65614,2135269115,512
65615,2135301185,512
65616,2135335857,512
65617,2135368825,512
65618,2135400992,512
65619,2135433084,512
65620,2135465672,512
65621,2135499980,512
65622,2135532091,512
65623,2135564221,512
65624,2135596350,512
65625,2135628425,512
65626,2135660480,512
65627,2135692655,512
65628,2135724838,512
65629,2135756843,512
65630,2135791547,512
65631,2135823937,512
65632,2135856099,512
65633,2135888282,512
65634,2135920460,512
65635,2135952552,512
65636,2135984683,512
65637,2136019421,512
65638,2136051785,512
65639,2136084623,512
65640,2136119289,512
65641,2136151507,512
65642,2136185040,512
65643,2136218767,512
65644,2136251220,512
65645,2136284969,512
65646,2136319119,512
65647,2136351525,512
65648,2136383709,512
65649,2136415714,512
65650,2136447898,512
65651,2136479900,512
65652,2136512048,512
65653,2136546794,512
65654,2136578898,512
65655,2136611162,512
65656,2136643181,512
65657,2136675351,512
65658,2136707516,512
65659,2136739574,512
65660,2136771592,512
65661,2136803704,512
65662,2136835858,512
65663,2136870503,512
65664,2136903838,512
65665,2136935867,512
65666,2136970457,512
65667,2137004499,512
65668,2137038518,512
65669,2137070848,512
65670,2137104371,512
65671,2137138403,512
65672,2137170416,512
65673,2137202445,512
65674,2137234802,512
65675,2137266866,512
65676,2137298867,512
65677,2137331053,512
65678,2137363213,512
65679,2137395361,512
65680,2137429794,512
65681,2137462152,512
65682,2137494431,512
65683,2137526431,512
65684,2137558506,512
65685,2137590626,512
65686,2137622806,512
65687,2137654898,512
65688,2137686930,512
65689,2137720433,512
65690,2137753775,512
65691,2137785831,512
65692,2137818144,512
65693,2137850167,512
65694,2137882186,512
65695,2137914264,512
65696,2137946297,512
65698,2138010467,512
65699,2138042562,512
65700,2138074665,512
65701,2138106682,512
65702,2138138746,512
65703,2138172965,512
65704,2138205424,512
65705,2138237728,512
65706,2138269919,512
65707,2138301984,512
65708,2138335496,512
65709,2138369255,512
65710,2138401311,512
65711,2138433764,512
65712,2138465815,512
65713,2138497993,512
65714,2138530065,512
65715,2138562122,512
65716,2138594182,512
65717,2138626261,512
65718,2138658313,512
65719,2138690333,512
65720,2138724953,512
65721,2138757322,512
65722,2138789486,512
65723,2138821571,512
65724,2138853728,512
65725,2138885780,512
65726,2138917890,512
65727,2138953522,512
65728,2138985676,512
65729,2139017853,512
65730,2139049991,512
65731,2139084650,512
65732,2139116682,512
65733,2139148689,512
65734,2139181109,512
65735,2139213152,512
65736,2139245338,512
65737,2139277473,512
65738,2139309511,512
65739,2139341689,512
65740,2139376635,512
65741,2139408893,512
65742,2139440985,512
65743,2139473147,512
65744,2139505263,512
65745,2139537427,512
65746,2139569485,512
65747,2139601511,512
65748,2139636141,512
65749,2139669758,512
65750,2139703894,512
65751,2139736101,512
65752,2139769068,512
65753,2139801165,512
65754,2139833190,512
65755,2139869733,512
65756,2139904021,512
65757,2139936400,512
65758,2139968486,512
65759,2140000534,512
65760,2140032673,512
65761,2140064839,512
65762,2140096898,512
65763,2140129058,512
65764,2140163782,512
65765,2140196072,512
65766,2140228187,512
65767,2140260353,512
65768,2140292493,512
65769,2140324550,512
65770,2140356650,512
65771,2140388798,512
65772,2140420839,512
65773,2140455518,512
65774,2140488573,512
65775,2140520577,512
65776,2140552661,512
65777,2140584695,512
65778,2140619304,512
65779,2140651518,512
65780,2140683929,512
65781,2140716066,512
65782,2140748260,512
65783,2140780454,512
65784,2140815153,512
65785,2140847553,512
65786,2140879616,512
65787,2140911750,512
65788,2140943830,512
65789,2140975962,512
65790,2141008075,512
65791,2141040230,512
65792,2141074899,512
65793,2141107004,512
65794,2141139060,512
65795,2141171230,512
65796,2141204329,512
65797,2141238742,512
65798,2141270854,512
65799,2141304635,512
65800,2141338610,512
65801,2141371094,512
65802,2141403300,512
65803,2141435400,512
65804,2141467523,512
65805,2141499644,512
65806,2141531721,512
65807,2141563751,512
65808,2141598429,512
65809,2141630824,512
65810,2141662966,512
65811,2141695033,512
65812,2141727160,512
65813,2141759173,512
65814,2141791196,512
65815,2141823271,512
65816,2141855388,512
65817,2141887575,512
65818,2141922353,512
65819,2141954631,512
65820,2141986643,512
65821,2142020108,512
65822,2142054107,512
65823,2142086136,512
65824,2142118175,512
65825,2142150439,512
65826,2142182540,512
65827,2142214562,512
65828,2142246680,512
65829,2142278775,512
65830,2142310825,512
65831,2142342901,512
65832,2142375006,512
65833,2142407097,512
65834,2142441942,512
65835,2142473953,512
65836,2142506159,512
65837,2142538184,512
65838,2142570372,512
65839,2142602485,512
65840,2142635897,512
65841,2142669516,512
65842,2142701619,512
65843,2142733689,512
65844,2142765928,512
65845,2142798060,512
65846,2142830075,512
65847,2142862139,512
65848,2142894256,512
65849,2142926325,512
65850,2142958389,512
65851,2142990501,512
65852,2143022557,512
65853,2143057149,512
65856,2143153849,512
65857,2143186020,512
65858,2143218221,512
65859,2143250602,512
65860,2143284792,512
65861,2143317056,512
65862,2143351092,512
65863,2143385030,512
65864,2143417191,512
65865,2143449439,512
65866,2143481566,512
65867,2143513578,512
65868,2143545763,512
65869,2143577842,512
65870,2143609899,512
65871,2143642013,512
65872,2143676718,512
65873,2143708725,512
65874,2143740738,512
65875,2143773073,512
65876,2143805121,512
65877,2143837179,512
65878,2143869285,512
65879,2143901371,512
65880,2143933519,512
65881,2143967190,512
65882,2144000506,512
65883,2144032914,512
65884,2144065004,512
65885,2144097109,512
65886,2144129235,512
65887,2144161312,512
65888,2144193387,512
65889,2144225572,512
65890,2144259859,512
65891,2144292083,512
65892,2144324149,512
65893,2144356193,512
65894,2144388214,512
65895,2144420217,512
65896,2144452599,512
65897,2144484745,512
65898,2144516867,512
65899,2144549022,512
65900,2144581801,512
65901,2144615540,512
65902,2144647819,512
65903,2144680178,512
65904,2144712197,512
65905,2144744242,512
65906,2144776259,512
65907,2144808336,512
65908,2144840479,512
65909,2144872495,512
65910,2144904580,512
65911,2144936622,512
65912,2144968660,512
65913,2145000697,512
65914,2145032735,512
65915,2145064765,512
65916,2145099808,512
65917,2145131846,512
65918,2145163912,512
65919,2145196284,512
65920,2145228436,512
65921,2145260583,512
65922,2145292642,512
65923,2145327740,512
65924,2145359804,512
65925,2145391826,512
65926,2145423913,512
65927,2145456053,512
65928,2145488215,512
65929,2145520323,512
65930,2145554977,512
65931,2145587464,512
65932,2145619482,512
65933,2145651553,512
65934,2145683572,512
65935,2145715579,512
65936,2145747757,512
65937,2145779834,512
65938,2145812325,512
65939,2145846580,512
65940,2145878846,512
65941,2145912495,512
65942,2145946645,512
65943,2145978657,512
65944,2146010960,512
65945,2146042986,512
65946,2146075146,512
65947,2146107156,512
65948,2146139229,512
65949,2146171329,512
65950,2146203516,512
65951,2146235645,512
65952,2146267664,512
65953,2146299732,512
65954,2146334307,512
65955,2146366489,512
65956,2146398882,512
65957,2146430979,512
65958,2146463169,512
65959,2146495213,512
65960,2146527367,512
65961,2146559425,512
65962,2146594067,512
65963,2146627405,512
65964,2146659468,512
65965,2146694095,512
65966,2146726106,512
65967,2146758307,512
65968,2146790386,512
65969,2146822479,512
65970,2146854498,512
65971,2146886653,512
65972,2146918701,512
65973,2146950859,512
65974,2146983044,512
65975,2147015121,512
65976,2147050091,512
65977,2147082178,512
65978,2147114251,512
65979,2147146625,512
65980,2147178779,512
65981,2147210800,512
65982,2147243950,512
65983,2147277190,512
65984,2147309535,512
65985,2147341697,512
65986,2147373887,512
65987,2147406042,512
65988,2147438102,512
65989,2147470235,512
65990,2147502330,512
65991,2147534520,512
65992,2147566672,512
65993,2147601213,512
65994,2147633298,512
65995,2147665301,512
65996,2147697341,512
65997,2147729467,512
65998,2147761889,512
65999,2147793926,512
66000,2147826025,512
66001,2147858708,512
66002,2147893055,512
66003,2147925092,512
66004,2147959092,512
66005,2147992833,512
66006,2148025195,512
66007,2148057448,512
66008,2148089516,512
66009,2148121704,512
66010,2148153882,512
66011,2148185945,512
66012,2148217967,512
66013,2148250087,512
66014,2148284650,512
66015,2148317258,512
66016,2148349378,512
66017,2148381493,512
66018,2148413659,512
66019,2148445762,512
66020,2148477889,512
66021,2148512064,512
66022,2148544710,512
66023,2148577288,512
66024,2148609365,512
66025,2148641373,512
66026,2148673427,512
66027,2148705421,512
66028,2148737621,512
66029,2148772800,512
66030,2148804851,512
66031,2148836989,512
66032,2148869148,512
66033,2148901338,512
66034,2148933434,512
66035,2148968083,512
66036,2149000388,512
66037,2149032418,512
66038,2149064440,512
66039,2149096495,512
66040,2149128584,512
66041,2149160735,512
66042,2149192847,512
66043,2149224953,512
66044,2149257101,512
66045,2149289929,512
66046,2149323836,512
66047,2149356217,512
66048,2149388389,512
66049,2149420589,512
66050,2149452619,512
66051,2149484734,512
66052,2149516750,512
66053,2149548912,512
66054,2149583575,512
66055,2149615578,512
66056,2149647594,512
66057,2149679627,512
66058,2149711917,512
66059,2149744022,512
66060,2149776143,512
66061,2149808277,512
66062,2149840309,512
66063,2149872497,512
66064,2149905342,512
66065,2149939363,512
66066,2149971611,512
66067,2150003704,512
66068,2150035735,512
66069,2150067896,512
66070,2150100077,512
66071,2150132143,512
66072,2150164214,512
66073,2150196260,512
66074,2150228351,512
66075,2150260353,512
66076,2150295038,512
66077,2150327413,512
66078,2150359574,512
66079,2150391743,512
66080,2150423827,512
66081,2150455934,512
66082,2150487937,512
66083,2150521060,512
66084,2150554424,512
66085,2150586726,512
66086,2150620624,512
66087,2150654714,512
66088,2150687099,512
66089,2150719352,512
66090,2150751517,512
66091,2150783631,512
66092,2150815700,512
66093,2150847841,512
66094,2150883119,512
66095,2150915264,512
66096,2150947295,512
66097,2150979316,512
66099,2151043482,512
66100,2151075599,512
66101,2151110567,512
66102,2151142981,512
66103,2151175088,512
66104,2151207264,512
66105,2151239575,512
66106,2151274138,512
66107,2151306392,512
66108,2151340191,512
66109,2151373954,512
66110,2151406370,512
66111,2151439844,512
66112,2151474011,512
66113,2151506372,512
66114,2151538550,512
66115,2151570694,512
66116,2151602790,512
66117,2151634989,512
66118,2151667101,512
66119,2151701899,512
66120,2151734198,512
66121,2151766280,512
66122,2151798448,512
66123,2151830503,512
66124,2151862573,512
66125,2151894676,512
66126,2151926839,512
66127,2151958859,512
66128,2151993490,512
66129,2152025514,512
66130,2152059014,512
66131,2152093653,512
66132,2152125829,512
66133,2152160001,512
66134,2152193281,512
66140,2152386359,512
66135,2152225697,512
66136,2152257747,512
66137,2152289865,512
66138,2152322051,512
66139,2152354237,512
66141,2152418375,512
66142,2152453022,512
66143,2152485295,512
66144,2152517653,512
66145,2152550053,512
66146,2152582171,512
66147,2152616923,512
66148,2152649329,512
66149,2152681403,512
66150,2152713405,512
66151,2152745443,512
66152,2152777445,512
66153,2152809532,512
66154,2152841709,512
66155,2152875064,512
66156,2152908457,512
66157,2152941713,512
66158,2152974149,512
66159,2153008420,512
66160,2153040638,512
66161,2153073117,512
66162,2153105217,512
66163,2153137375,512
66164,2153169453,512
66165,2153201548,512
66166,2153233626,512
66167,2153268354,512
66168,2153300599,512
66169,2153333099,512
66170,2153365217,512
66171,2153397409,512
66172,2153429471,512
66173,2153464157,512
66174,2153496421,512
66175,2153528494,512
66176,2153560594,512
66177,2153593054,512
66178,2153625065,512
66179,2153657174,512
66180,2153689314,512
66181,2153721359,512
66182,2153755884,512
66183,2153787883,512
66184,2153820286,512
66185,2153852331,512
66186,2153884474,512
66187,2153916584,512
66188,2153948691,512
66189,2153980872,512
66190,2154012979,512
66191,2154045060,512
66192,2154079610,512
66193,2154111802,512
66194,2154143979,512
66195,2154176135,512
66196,2154209025,512
66197,2154243181,512
66198,2154275652,512
66199,2154309834,512
66201,2154375627,512
66202,2154407868,512
66203,2154439965,512
66204,2154472094,512
66205,2154504267,512
66206,2154536351,512
66207,2154568461,512
66208,2154600547,512
66209,2154635214,512
66210,2154667440,512
66211,2154699677,512
66212,2154731778,512
66213,2154763894,512
66214,2154796082,512
66215,2154828217,512
66216,2154860237,512
66217,2154892287,512
66218,2154927099,512
66219,2154959132,512
66220,2154991318,512
66221,2155024964,512
66222,2155058759,512
66223,2155091189,512
66224,2155123325,512
66225,2155155400,512
66226,2155187552,512
66227,2155219698,512
66228,2155251746,512
66229,2155283915,512
66230,2155318619,512
66231,2155350643,512
66232,2155383005,512
66233,2155415162,512
66234,2155447281,512
66235,2155479389,512
66236,2155511518,512
66237,2155543610,512
66238,2155575637,512
66239,2155607676,512
66240,2155640485,512
66241,2155674357,512
66242,2155706365,512
66243,2155738379,512
66244,2155770636,512
66245,2155802754,512
66246,2155834844,512
66247,2155866898,512
66248,2155899062,512
66249,2155931096,512
66250,2155963278,512
66251,2155997964,512
66252,2156030046,512
66253,2156062338,512
66254,2156094328,512
66255,2156126611,512
66256,2156158775,512
66257,2156190772,512
66258,2156222970,512
66259,2156255312,512
66260,2156289396,512
66261,2156321810,512
66262,2156355669,512
66263,2156389681,512
66264,2156421977,512
66265,2156454180,512
66266,2156486230,512
66267,2156518317,512
66268,2156550365,512
66269,2156582522,512
66270,2156614676,512
66271,2156649758,512
66272,2156681845,512
66273,2156714079,512
66274,2156746088,512
66275,2156778129,512
66276,2156810271,512
66277,2156842453,512
66278,2156874474,512
66279,2156906494,512
66280,2156941182,512
66281,2156975013,512
66282,2157008681,512
66283,2157041156,512
66284,2157074462,512
66285,2157109107,512
66286,2157141107,512
66287,2157174880,512
66288,2157208963,512
66289,2157241322,512
66290,2157273501,512
66291,2157305622,512
66292,2157337745,512
66293,2157369917,512
66294,2157402086,512
66295,2157436726,512
66296,2157469077,512
66297,2157501259,512
66298,2157533432,512
66299,2157565578,512
66300,2157597680,512
66301,2157629724,512
66302,2157661885,512
66303,2157693893,512
66304,2157725898,512
66305,2157760523,512
66306,2157794084,512
66307,2157828649,512
66308,2157860712,512
66309,2157893647,512
66310,2157928294,512
66311,2157960554,512
66312,2157994423,512
66313,2158028230,512
66314,2158060251,512
66315,2158092316,512
66316,2158124602,512
66317,2158156721,512
66318,2158188833,512
66319,2158220871,512
66320,2158252939,512
66321,2158285039,512
66322,2158317199,512
66323,2158349319,512
66324,2158384356,512
66325,2158416380,512
66326,2158448425,512
66327,2158480610,512
66328,2158512931,512
66329,2158545082,512
66330,2158579811,512
66331,2158613315,512
66332,2158647821,512
66333,2158680156,512
66334,2158712876,512
66335,2158744976,512
66336,2158779909,512
66337,2158813422,512
66338,2158847719,512
66339,2158879840,512
66340,2158911949,512
66341,2158944135,512
66342,2158976329,512
66343,2159008465,512
66344,2159040563,512
66345,2159072727,512
66346,2159107312,512
66347,2159139723,512
66348,2159171724,512
66349,2159203764,512
66350,2159235774,512
66351,2159267957,512
66352,2159300029,512
66353,2159332162,512
66354,2159364355,512
66355,2159399030,512
66356,2159432438,512
66357,2159466891,512
66358,2159499066,512
66359,2159532135,512
66360,2159564288,512
66361,2159598888,512
66362,2159632840,512
66363,2159666827,512
66364,2159699150,512
66365,2159731552,512
66366,2159763741,512
66367,2159795772,512
66368,2159827780,512
66369,2159859884,512
66370,2159894641,512
66371,2159927062,512
66372,2159959258,512
66373,2159991267,512
66374,2160023456,512
66375,2160055578,512
66376,2160087721,512
66377,2160122337,512
66378,2160154433,512
66379,2160186470,512
66380,2160218935,512
66381,2160251816,512
66382,2160285944,512
66383,2160318186,512
66384,2160351492,512
66385,2160386251,512
66386,2160418254,512
66387,2160452157,512
66388,2160486201,512
66389,2160518520,512
66390,2160550787,512
66391,2160582966,512
66392,2160615008,512
66393,2160647121,512
66394,2160679248,512
66395,2160713813,512
66396,2160746010,512
66397,2160778315,512
66398,2160810373,512
66399,2160842581,512
66400,2160874764,512
66401,2160906951,512
66402,2160939030,512
66403,2160971039,512
66404,2161005656,512
66405,2161037752,512
66406,2161070861,512
66407,2161102901,512
66408,2161134912,512
66409,2161166935,512
66410,2161201461,512
66411,2161233900,512
66412,2161266013,512
66413,2161298283,512
66414,2161330300,512
66415,2161362435,512
66416,2161394549,512
66417,2161426626,512
66418,2161461304,512
66419,2161493785,512
66420,2161525903,512
66421,2161557986,512
66422,2161590148,512
66423,2161622171,512
66424,2161654332,512
66425,2161686371,512
66426,2161718433,512
66427,2161753046,512
66428,2161786611,512
66429,2161821050,512
66430,2161853470,512
66431,2161887245,512
66432,2161920800,512
66433,2161952881,512
66434,2161985054,512
66435,2162017281,512
66436,2162049291,512
66437,2162081328,512
66438,2162113507,512
66439,2162145672,512
66440,2162177697,512
66441,2162209724,512
66442,2162241856,512
66443,2162273935,512
66444,2162308529,512
66445,2162340610,512
66446,2162372985,512
66447,2162405274,512
66448,2162437468,512
66449,2162469550,512
66450,2162501717,512
66451,2162536643,512
66452,2162568835,512
66453,2162602392,512
66454,2162636201,512
66455,2162668594,512
66456,2162700752,512
66457,2162732889,512
66458,2162765069,512
66459,2162797213,512
66460,2162829409,512
66461,2162863902,512
66462,2162896115,512
66463,2162928375,512
66464,2162960711,512
66465,2162992765,512
66466,2163024945,512
66467,2163057083,512
66468,2163089229,512
66469,2163124131,512
66470,2163156282,512
66471,2163188365,512
66472,2163221247,512
66473,2163255785,512
66474,2163288103,512
66478,2163421190,512
66479,2163455579,512
66480,2163487939,512
66481,2163520040,512
66482,2163552078,512
66483,2163584240,512
66484,2163616347,512
66485,2163648485,512
66486,2163680626,512
66487,2163712662,512
66488,2163747373,512
66489,2163779482,512
66490,2163811744,512
66491,2163843924,512
66492,2163875935,512
66493,2163907937,512
66494,2163940050,512
66495,2163972243,512
66496,2164004349,512
66497,2164037677,512
66498,2164071087,512
66499,2164103386,512
66500,2164135389,512
66501,2164167516,512
66502,2164199597,512
66503,2164231723,512
66504,2164263872,512
66505,2164295970,512
66506,2164328091,512
66507,2164360154,512
66508,2164395104,512
66509,2164427231,512
66510,2164459310,512
66511,2164491347,512
66512,2164523499,512
66513,2164555813,512
66514,2164587810,512
66515,2164619900,512
66516,2164651951,512
66517,2164686283,512
66518,2164718540,512
66519,2164752436,512
66520,2164786506,512
66521,2164818722,512
66522,2164850916,512
66523,2164882961,512
66524,2164915149,512
66525,2164947250,512
66526,2164979257,512
66527,2165011427,512
66528,2165043480,512
66529,2165075485,512
66530,2165110096,512
66531,2165142123,512
66532,2165174424,512
66533,2165206489,512
66534,2165238540,512
66535,2165270614,512
66536,2165302758,512
66537,2165334929,512
66538,2165368528,512
66539,2165401562,512
66540,2165433826,512
66541,2165466054,512
66542,2165498230,512
66543,2165530251,512
66544,2165562451,512
66545,2165594592,512
66546,2165626637,512
66547,2165658785,512
66548,2165690844,512
66549,2165725241,512
66550,2165757581,512
66551,2165789985,512
66552,2165822080,512
66553,2165854110,512
66554,2165886316,512
66555,2165918453,512
66556,2165950547,512
66557,2165983216,512
66558,2166017106,512
66559,2166049380,512
66560,2166083069,512
66561,2166117170,512
66562,2166149185,512
66563,2166181333,512
66564,2166213592,512
66565,2166245648,512
66566,2166277677,512
66567,2166309763,512
66568,2166341849,512
66569,2166373946,512
66570,2166406064,512
66571,2166438258,512
66572,2166472983,512
66574,2166537410,512
66575,2166569521,512
66576,2166601668,512
66577,2166633797,512
66578,2166665901,512
66579,2166699242,512
66581,2166764733,512
66582,2166797102,512
66583,2166829217,512
66585,2166893518,512
66586,2166925539,512
66587,2166957627,512
66588,2166989672,512
66589,2167021762,512
66590,2167053775,512
66591,2167088410,512
66592,2167120780,512
66593,2167152858,512
66594,2167184988,512
66595,2167217148,512
66596,2167249296,512
66597,2167281374,512
66598,2167314496,512
66599,2167348149,512
66600,2167380619,512
66601,2167412715,512
66602,2167444883,512
66603,2167477003,512
66604,2167509085,512
66605,2167541195,512
66606,2167573296,512
66607,2167605311,512
66608,2167637311,512
66609,2167672256,512
66610,2167704376,512
66611,2167736495,512
66612,2167768651,512
66613,2167800722,512
66614,2167832944,512
66615,2167864977,512
66616,2167899685,512
66617,2167931910,512
66618,2167964201,512
66619,2167996375,512
66620,2168029534,512
66621,2168063574,512
66622,2168095584,512
66623,2168127797,512
66624,2168159928,512
66625,2168192070,512
66626,2168224149,512
66627,2168256334,512
66628,2168288352,512
66629,2168320524,512
66630,2168352525,512
66631,2168384585,512
66632,2168418996,512
66633,2168451166,512
66634,2168483279,512
66635,2168515602,512
66636,2168547853,512
66637,2168580041,512
66638,2168612076,512
66639,2168645304,512
66640,2168679070,512
66641,2168711407,512
66642,2168743571,512
66643,2168775593,512
66644,2168807702,512
66645,2168839798,512
66646,2168871995,512
66647,2168904143,512
66648,2168936181,512
66649,2168970702,512
66650,2169002961,512
66651,2169035089,512
66652,2169067233,512
66653,2169099436,512
66654,2169131614,512
66655,2169163813,512
66656,2169195859,512
66657,2169227936,512
66658,2169259983,512
66659,2169294594,512
66660,2169326928,512
66661,2169360473,512
66662,2169394411,512
66663,2169426475,512
66664,2169458548,512
66665,2169490846,512
66666,2169522870,512
66667,2169554987,512
66668,2169587015,512
66669,2169619131,512
66670,2169651156,512
66671,2169683240,512
66672,2169715376,512
66673,2169747399,512
66674,2169779437,512
66675,2169813689,512
66676,2169845972,512
66677,2169878566,512
66678,2169910627,512
66679,2169942782,512
66680,2169976478,512
66681,2170009972,512
66682,2170042279,512
66683,2170074427,512
66684,2170106473,512
66685,2170138480,512
66686,2170170505,512
66687,2170202690,512
66688,2170234801,512
66689,2170266842,512
66690,2170298898,512
66691,2170333555,512
66692,2170365594,512
66693,2170397672,512
66694,2170429746,512
66695,2170461900,512
66696,2170494223,512
66697,2170526311,512
66698,2170558408,512
66699,2170591213,512
66700,2170625043,512
66701,2170657397,512
66702,2170691220,512
66703,2170725246,512
66704,2170757300,512
66705,2170789440,512
66706,2170821685,512
66707,2170853774,512
66708,2170885859,512
66709,2170917881,512
66710,2170950073,512
66711,2170982260,512
66712,2171017013,512
66713,2171049192,512
66714,2171081234,512
66715,2171113530,512
66716,2171145658,512
66717,2171177762,512
66718,2171209890,512
66719,2171241892,512
66720,2171273973,512
66721,2171307517,512
66722,2171340776,512
66723,2171373146,512
66724,2171405166,512
66725,2171437193,512
66726,2171469383,512
66727,2171501516,512
66728,2171533574,512
66729,2171565600,512
66730,2171597642,512
66731,2171629784,512
66732,2171661821,512
66733,2171696462,512
66734,2171728816,512
66735,2171760886,512
66736,2171793058,512
66737,2171825294,512
66738,2171857390,512
66739,2171889452,512
66740,2171922325,512
66741,2171955973,512
66742,2171988190,512
66743,2172020663,512
66744,2172052805,512
66745,2172084837,512
66746,2172117029,512
66747,2172149135,512
66748,2172181262,512
66749,2172213346,512
66750,2172247857,512
66751,2172280334,512
66752,2172312487,512
66753,2172344559,512
66754,2172376768,512
66755,2172408906,512
66756,2172441104,512
66757,2172475631,512
66758,2172507773,512
66759,2172539785,512
66760,2172571926,512
66761,2172603950,512
66762,2172637512,512
66763,2172671556,512
66764,2172704007,512
66765,2172736270,512
66766,2172768297,512
66767,2172800441,512
66768,2172832517,512
66769,2172864659,512
66770,2172896725,512
66771,2172931334,512
66772,2172963647,512
66773,2172995776,512
66774,2173027835,512
66775,2173059892,512
66776,2173092020,512
66777,2173124038,512
66778,2173156149,512
66779,2173188228,512
66780,2173220260,512
66781,2173253682,512
66782,2173287119,512
66783,2173319135,512
66784,2173351320,512
66785,2173383557,512
66786,2173415735,512
66787,2173447897,512
66788,2173480023,512
66789,2173512113,512
66790,2173544177,512
66791,2173578839,512
66792,2173610858,512
66793,2173642864,512
66794,2173675173,512
66795,2173707278,512
66796,2173739446,512
66797,2173771748,512
66798,2173803851,512
66799,2173838439,512
66800,2173871074,512
66801,2173903238,512
66802,2173935260,512
66803,2173968565,512
66804,2174002367,512
66805,2174034419,512
66806,2174066457,512
66807,2174098759,512
66808,2174130952,512
66809,2174163068,512
66810,2174195070,512
66811,2174227102,512
66812,2174259215,512
66813,2174291278,512
66814,2174323384,512
66815,2174358114,512
66816,2174390127,512
66817,2174422258,512
66818,2174454630,512
66819,2174486817,512
66820,2174518874,512
66821,2174550899,512
66822,2174584392,512
66823,2174617893,512
66824,2174649985,512
66825,2174681992,512
66826,2174714296,512
66827,2174746479,512
66828,2174778637,512
66829,2174810673,512
66830,2174842728,512
66831,2174874883,512
66832,2174906938,512
66833,2174938954,512
66834,2174973559,512
66835,2175005995,512
66836,2175038012,512
66837,2175070095,512
66838,2175102135,512
66839,2175134282,512
66840,2175166429,512
66841,2175199268,512
66842,2175232994,512
66843,2175265339,512
66844,2175299370,512
66845,2175333251,512
66846,2175365335,512
66847,2175397469,512
66848,2175429589,512
66849,2175461721,512
66850,2175493876,512
66851,2175525960,512
66852,2175558061,512
66853,2175590217,512
66854,2175622265,512
66855,2175654282,512
66856,2175686286,512
66857,2175720898,512
66858,2175753026,512
66859,2175785299,512
66860,2175817317,512
66861,2175849449,512
66862,2175881578,512
66863,2175914881,512
66864,2175948718,512
66865,2175981187,512
66866,2176013249,512
66867,2176045258,512
66868,2176077312,512
66869,2176109509,512
66870,2176141557,512
66871,2176173664,512
66872,2176205822,512
66873,2176237833,512
66874,2176272440,512
66875,2176304688,512
66876,2176336864,512
66877,2176368922,512
66878,2176401016,512
66879,2176433334,512
66880,2176465347,512
66881,2176497516,512
66882,2176530028,512
66883,2176564296,512
66884,2176596711,512
66885,2176628862,512
66886,2176660949,512
66887,2176693050,512
66888,2176725234,512
66889,2176757386,512
66890,2176792168,512
66891,2176824528,512
66892,2176856586,512
66893,2176888716,512
66894,2176920736,512
66895,2176952818,512
66896,2176984939,512
66897,2177017096,512
66898,2177051834,512
66899,2177083843,512
66900,2177116161,512
66901,2177148223,512
66902,2177180294,512
66903,2177212334,512
66904,2177245541,512
66905,2177279722,512
66906,2177312039,512
66907,2177344181,512
66908,2177376378,512
66909,2177408527,512
66910,2177440714,512
66911,2177472748,512
66912,2177504762,512
66913,2177539310,512
66914,2177571484,512
66915,2177603503,512
66916,2177635708,512
66917,2177667809,512
66918,2177699969,512
66919,2177731966,512
66920,2177764156,512
66921,2177796311,512
66922,2177828376,512
66923,2177861703,512
66924,2177894993,512
66925,2177927111,512
66926,2177959215,512
66927,2177991449,512
66928,2178023536,512
66929,2178055573,512
66930,2178087681,512
66931,2178119724,512
66932,2178151881,512
66933,2178183884,512
66934,2178216035,512
66935,2178248086,512
66936,2178282718,512
66937,2178314732,512
66938,2178347092,512
66939,2178379187,512
66940,2178411349,512
66941,2178443433,512
66942,2178475854,512
66943,2178510293,512
66944,2178542478,512
66945,2178576391,512
66946,2178610545,512
66947,2178642861,512
66948,2178675065,512
66949,2178707076,512
66950,2178739217,512
66951,2178771328,512
66952,2178803378,512
66953,2178835472,512
66954,2178867534,512
66955,2178902221,512
66956,2178934684,512
66957,2178966750,512
66958,2178998940,512
66959,2179030956,512
66960,2179063092,512
66961,2179095146,512
66962,2179127245,512
66963,2179159245,512
66964,2179192435,512
66965,2179225718,512
66966,2179257906,512
66967,2179289909,512
66968,2179322366,512
66969,2179354377,512
66970,2179386551,512
66971,2179418684,512
66972,2179450775,512
66973,2179482924,512
66974,2179517672,512
66975,2179550007,512
66976,2179582040,512
66977,2179614243,512
66978,2179646268,512
66979,2179678450,512
66980,2179710619,512
66981,2179742660,512
66982,2179774738,512
66983,2179809971,512
66984,2179842163,512
66985,2179874330,512
66986,2179907249,512
66987,2179941348,512
66988,2179973371,512
66989,2180005432,512
66990,2180037702,512
66991,2180069737,512
66992,2180101805,512
66993,2180133848,512
66994,2180165880,512
66995,2180198025,512
66996,2180230074,512
66997,2180262170,512
66998,2180294236,512
66999,2180326309,512
67000,2180361366,512
67001,2180393516,512
67002,2180425677,512
67003,2180457757,512
67004,2180489808,512
67005,2180522978,512
67006,2180556726,512
67007,2180589196,512
67008,2180621349,512
67009,2180653520,512
67010,2180685562,512
67011,2180717574,512
67012,2180749697,512
67013,2180781716,512
67014,2180813821,512
67015,2180848498,512
67016,2180880506,512
67017,2180912990,512
67018,2180945057,512
67019,2180977101,512
67020,2181009096,512
67021,2181041264,512
67022,2181073358,512
67023,2181105498,512
67024,2181138305,512
67025,2181172305,512
67026,2181204732,512
67027,2181236891,512
67028,2181268989,512
67029,2181301027,512
67030,2181333125,512
67031,2181365286,512
67032,2181397321,512
67033,2181431923,512
67034,2181463990,512
67035,2181496010,512
67036,2181528259,512
67037,2181560283,512
67038,2181592299,512
67039,2181624429,512
67040,2181656694,512
67041,2181688751,512
67042,2181720924,512
67043,2181755858,512
67044,2181788161,512
67045,2181820466,512
67046,2181852782,512
67047,2181884805,512
67048,2181916859,512
67049,2181948922,512
67050,2181983591,512
67051,2182015587,512
67052,2182047858,512
67053,2182079994,512
67054,2182112152,512
67055,2182144260,512
67056,2182176458,512
67057,2182208579,512
67058,2182240672,512
67059,2182275316,512
67060,2182307637,512
67061,2182339812,512
67062,2182372376,512
67063,2182404374,512
67064,2182439034,512
67065,2182472541,512
67066,2182507063,512
67067,2182539487,512
67068,2182572200,512
67069,2182604233,512
67070,2182638844,512
67071,2182673030,512
67072,2182706964,512
67073,2182739013,512
67074,2182771356,512
67075,2182803526,512
67076,2182835600,512
67077,2182867721,512
67078,2182899772,512
67079,2182931782,512
67080,2182963966,512
67081,2182998606,512
67082,2183030809,512
67083,2183063123,512
67084,2183095216,512
67085,2183127376,512
67086,2183159383,512
67087,2183191700,512
67088,2183226371,512
67089,2183258518,512
67090,2183292189,512
67091,2183326315,512
67092,2183358381,512
67093,2183391308,512
67094,2183423478,512
67095,2183455588,512
67096,2183492297,512
67097,2183526300,512
67098,2183558594,512
67099,2183590594,512
67100,2183622684,512
67101,2183654716,512
67102,2183686744,512
67103,2183718794,512
67104,2183750797,512
67105,2183782844,512
67106,2183814928,512
67107,2183847023,512
67108,2183879112,512
67109,2183914026,512
67110,2183946345,512
67111,2183978520,512
67112,2184010540,512
67113,2184042573,512
67114,2184074664,512
67115,2184108246,512
67116,2184141730,512
67117,2184174095,512
67118,2184206194,512
67119,2184238375,512
67120,2184270399,512
67121,2184302452,512
67122,2184334626,512
67123,2184366673,512
67124,2184398749,512
67125,2184430763,512
67126,2184465649,512
67127,2184497685,512
67128,2184529827,512
67129,2184561902,512
67130,2184594097,512
67131,2184626466,512
67132,2184658532,512
67133,2184693057,512
67134,2184725301,512
67135,2184757662,512
67136,2184789752,512
67137,2184822592,512
67138,2184856937,512
67139,2184889046,512
67140,2184921188,512
67141,2184953506,512
67142,2184985524,512
67143,2185017532,512
67144,2185049546,512
67145,2185081639,512
67146,2185113710,512
67147,2185145832,512
67148,2185177958,512
67149,2185210023,512
67150,2185242040,512
67151,2185276781,512
67152,2185309079,512
67153,2185341341,512
67154,2185373356,512
67155,2185405503,512
67156,2185438979,512
67157,2185472584,512
67158,2185504899,512
67159,2185536969,512
67160,2185569066,512
67161,2185601217,512
67162,2185633252,512
67163,2185665399,512
67164,2185697400,512
67165,2185729419,512
67166,2185761613,512
67167,2185796281,512
67168,2185828625,512
67169,2185860679,512
67170,2185892773,512
67171,2185924952,512
67172,2185957033,512
67173,2185989132,512
67174,2186021296,512
67175,2186053479,512
67176,2186088061,512
67177,2186120535,512
67178,2186153884,512
67179,2186187985,512
67180,2186220349,512
67181,2186252372,512
67182,2186284445,512
67183,2186316623,512
67184,2186348696,512
67185,2186380753,512
67186,2186412883,512
67187,2186444907,512
67188,2186479576,512
67189,2186512056,512
67190,2186544213,512
67191,2186576326,512
67192,2186608499,512
67193,2186640580,512
67194,2186672633,512
67195,2186704682,512
67196,2186736736,512
67197,2186770116,512
67198,2186803307,512
67199,2186835676,512
67200,2186867864,512
67201,2186900039,512
67202,2186932104,512
67203,2186964289,512
67204,2186996420,512
67205,2187028526,512
67206,2187063213,512
67207,2187095219,512
67208,2187127401,512
67209,2187159464,512
67210,2187191481,512
67211,2187223608,512
67212,2187255625,512
67213,2187287781,512
67214,2187319926,512
67215,2187351967,512
67216,2187384652,512
67217,2187419059,512
67218,2187451339,512
67219,2187484496,512
67220,2187518701,512
67221,2187551102,512
67222,2187583229,512
67223,2187615371,512
67224,2187647557,512
67225,2187679579,512
67226,2187711626,512
67227,2187743642,512
67228,2187775682,512
67229,2187807733,512
67230,2187842400,512
67231,2187874447,512
67232,2187906608,512
67233,2187939071,512
67234,2187971250,512
67235,2188003335,512
67236,2188035442,512
67237,2188067454,512
67238,2188100313,512
67239,2188134365,512
67240,2188166727,512
67241,2188198804,512
67242,2188230930,512
67243,2188262956,512
67244,2188295047,512
67245,2188327129,512
67246,2188359144,512
67247,2188391222,512
67248,2188423273,512
67249,2188457819,512
67250,2188489960,512
67251,2188522397,512
67252,2188554497,512
67253,2188586538,512
67254,2188618753,512
67255,2188650913,512
67256,2188682936,512
67257,2188715941,512
67258,2188750063,512
67259,2188782213,512
67260,2188814323,512
67261,2188846492,512
67262,2188878554,512
67263,2188910718,512
67264,2188942821,512
67265,2188977535,512
67266,2189009884,512
67267,2189041899,512
67268,2189073954,512
67269,2189106333,512
67270,2189138498,512
67271,2189170621,512
67272,2189205280,512
67273,2189237609,512
67274,2189269726,512
67275,2189301822,512
67276,2189333972,512
67277,2189366082,512
67278,2189398111,512
67279,2189430674,512
67280,2189465022,512
67281,2189497451,512
67282,2189529581,512
67283,2189561743,512
67284,2189593914,512
67285,2189626062,512
67286,2189658235,512
67287,2189692917,512
67288,2189724939,512
67289,2189756964,512
67290,2189789308,512
67291,2189821509,512
67292,2189853549,512
67293,2189885580,512
67294,2189917739,512
67295,2189949888,512
67296,2189984681,512
67297,2190016976,512
67298,2190049897,512
67299,2190084672,512
67300,2190116951,512
67301,2190149590,512
67302,2190181672,512
67303,2190216382,512
67304,2190250264,512
67305,2190284335,512
67306,2190316411,512
67307,2190348749,512
67308,2190380879,512
67309,2190413042,512
67310,2190445081,512
67311,2190477086,512
67312,2190509108,512
67313,2190541226,512
67314,2190573228,512
67315,2190605374,512
67316,2190640529,512
67317,2190672648,512
67318,2190704798,512
67319,2190736808,512
67320,2190768896,512
67321,2190801057,512
67322,2190833221,512
67323,2190866056,512
67324,2190899885,512
67325,2190931939,512
67326,2190964318,512
67327,2190996386,512
67328,2191028413,512
67329,2191060422,512
67330,2191092437,512
67331,2191124576,512
67332,2191156682,512
67333,2191188689,512
67334,2191220770,512
67335,2191252808,512
67336,2191287604,512
67337,2191319959,512
67338,2191352116,512
67339,2191384799,512
67340,2191419322,512
67341,2191451365,512
67342,2191483610,512
67343,2191515630,512
67344,2191547682,512
67345,2191581309,512
67346,2191615345,512
67347,2191647658,512
67348,2191679843,512
67349,2191711864,512
67350,2191744062,512
67351,2191776115,512
67352,2191808312,512
67353,2191842989,512
67354,2191875001,512
67355,2191907009,512
67356,2191939115,512
67357,2191971375,512
67358,2192003483,512
67359,2192035641,512
67360,2192067696,512
67361,2192099717,512
67362,2192131777,512
67363,2192163910,512
67364,2192197126,512
67365,2192230775,512
67366,2192263145,512
67367,2192295333,512
67368,2192327365,512
67369,2192359420,512
67370,2192391465,512
67371,2192423636,512
67372,2192455734,512
67373,2192490409,512
67374,2192522743,512
67375,2192554911,512
67376,2192586946,512
67377,2192618985,512
67378,2192651127,512
67379,2192683221,512
67380,2192716046,512
67381,2192750029,512
67382,2192782122,512
67383,2192814903,512
67384,2192846973,512
67385,2192879076,512
67386,2192912153,512
67387,2192946008,512
67388,2192978103,512
67389,2193010498,512
67390,2193042851,512
67391,2193074937,512
67392,2193107056,512
67393,2193139072,512
67394,2193173798,512
67395,2193205870,512
67396,2193238243,512
67397,2193270380,512
67398,2193302418,512
67399,2193334553,512
67400,2193366686,512
67401,2193398861,512
67402,2193430978,512
67403,2193465868,512
67404,2193498087,512
67405,2193531349,512
67406,2193565501,512
67407,2193597790,512
67408,2193631214,512
67409,2193665373,512
67410,2193697796,512
67411,2193731342,512
67412,2193765389,512
67413,2193797420,512
67414,2193829757,512
67415,2193861939,512
67416,2193894069,512
67417,2193926127,512
67418,2193958249,512
67419,2193990399,512
67420,2194025102,512
67421,2194057384,512
67422,2194089544,512
67423,2194121609,512
67424,2194153682,512
67425,2194185809,512
67426,2194217976,512
67427,2194250028,512
67428,2194282103,512
67429,2194314189,512
67430,2194347659,512
67431,2194380793,512
67432,2194412808,512
67433,2194445138,512
67434,2194477153,512
67435,2194509281,512
67436,2194541453,512
67437,2194573516,512
67438,2194605674,512
67439,2194637787,512
67440,2194672498,512
67441,2194704518,512
67442,2194736879,512
67443,2194768978,512
67444,2194801068,512
67445,2194833129,512
67446,2194865221,512
67447,2194897299,512
67448,2194929361,512
67449,2194962163,512
67450,2194996232,512
67451,2195028707,512
67452,2195062402,512
67453,2195096308,512
67454,2195128673,512
67455,2195160732,512
67456,2195192796,512
67457,2195224815,512
67458,2195256901,512
67459,2195288953,512
67460,2195320985,512
67461,2195353187,512
67462,2195387896,512
67463,2195419951,512
67464,2195451985,512
67465,2195484311,512
67466,2195516521,512
67467,2195548706,512
67468,2195580833,512
67469,2195612952,512
67470,2195644995,512
67471,2195677673,512
67472,2195711721,512
67473,2195744148,512
67474,2195776336,512
67475,2195808360,512
67476,2195840460,512
67477,2195872627,512
67478,2195904783,512
67479,2195939409,512
67480,2195971499,512
67481,2196003776,512
67482,2196035961,512
67483,2196067986,512
67484,2196100062,512
67485,2196132099,512
67486,2196164292,512
67487,2196196316,512
67488,2196228461,512
67489,2196263181,512
67490,2196296977,512
67491,2196331054,512
67492,2196363160,512
67493,2196395975,512
67494,2196427974,512
67495,2196460060,512
67496,2196492169,512
67497,2196524284,512
67498,2196558978,512
67499,2196591368,512
67500,2196623489,512
67501,2196655571,512
67502,2196687637,512
67503,2196719800,512
67504,2196751947,512
67505,2196784060,512
67506,2196818606,512
67507,2196850654,512
67508,2196883071,512
67509,2196915310,512
67510,2196947359,512
67511,2196979642,512
67512,2197011700,512
67513,2197043721,512
67514,2197075757,512
67515,2197112565,512
67516,2197146316,512
67517,2197178437,512
67518,2197210581,512
67519,2197242823,512
67520,2197274871,512
67521,2197307025,512
67522,2197339185,512
67523,2197371299,512
67524,2197403373,512
67525,2197435454,512
67526,2197467473,512
67527,2197502120,512
67528,2197534489,512
67529,2197566574,512
67530,2197598584,512
67531,2197630764,512
67532,2197662948,512
67533,2197695058,512
67534,2197727130,512
67535,2197759200,512
67536,2197794006,512
67537,2197827791,512
67538,2197861955,512
67539,2197894168,512
67540,2197926336,512
67541,2197958473,512
67542,2197990483,512
67543,2198022605,512
67544,2198054613,512
67545,2198086809,512
67546,2198118883,512
67547,2198153259,512
67548,2198185601,512
67549,2198217834,512
67550,2198249960,512
67551,2198281976,512
67552,2198314054,512
67553,2198346115,512
67554,2198378159,512
67555,2198410257,512
67556,2198443701,512
67557,2198476956,512
67558,2198509248,512
67559,2198541626,512
67560,2198573781,512
67561,2198605958,512
67562,2198638064,512
67563,2198670080,512
67564,2198702176,512
67565,2198734213,512
67566,2198766360,512
67567,2198800936,512
67568,2198833067,512
67569,2198865434,512
67570,2198897526,512
67571,2198929586,512
67572,2198961998,512
67573,2198993989,512
67574,2199026100,512
67575,2199058159,512
67576,2199092631,512
67577,2199124738,512
67578,2199158605,512
67579,2199192586,512
67580,2199224591,512
67581,2199256819,512
67582,2199288937,512
67583,2199320953,512
67584,2199353183,512
67585,2199385356,512
67586,2199417399,512
67587,2199449410,512
67588,2199481574,512
67589,2199516300,512
67590,2199548354,512
67591,2199580848,512
67592,2199612858,512
67593,2199644949,512
67594,2199677188,512
67595,2199709375,512
67596,2199741473,512
67597,2199774775,512
67598,2199808145,512
67599,2199840391,512
67600,2199872616,512
67601,2199904768,512
67602,2199936833,512
67603,2199969000,512
67604,2200001081,512
67605,2200033247,512
67606,2200067927,512
67607,2200100281,512
67608,2200132325,512
67609,2200164505,512
67610,2200196631,512
67611,2200228783,512
67612,2200260902,512
67613,2200292988,512
67614,2200327606,512
67615,2200359714,512
67616,2200392256,512
67617,2200424427,512
67618,2200456498,512
67619,2200489330,512
67620,2200523545,512
67621,2200555808,512
67622,2200587934,512
67623,2200620047,512
67624,2200652213,512
67625,2200684354,512
67626,2200716478,512
67627,2200748578,512
67628,2200783268,512
67629,2200815623,512
67630,2200847895,512
67631,2200879892,512
67632,2200911957,512
67633,2200944074,512
67634,2200976228,512
67635,2201008232,512
67636,2201040335,512
67637,2201072354,512
67638,2201105134,512
67639,2201138937,512
67640,2201171377,512
67641,2201203440,512
67642,2201235525,512
67643,2201267557,512
67644,2201299600,512
67645,2201331699,512
67646,2201363824,512
67647,2201395903,512
67648,2201430602,512
67649,2201462612,512
67650,2201494664,512
67651,2201527153,512
67652,2201559310,512
67653,2201591390,512
67654,2201623419,512
67655,2201655554,512
67656,2201687658,512
67657,2201721061,512
67658,2201754308,512
67659,2201786749,512
67660,2201820201,512
67661,2201854281,512
67662,2201886598,512
67663,2201918776,512
67664,2201950832,512
67665,2201982875,512
67666,2202015021,512
67667,2202047083,512
67668,2202079165,512
67669,2202111268,512
67670,2202146013,512
67671,2202178079,512
67672,2202210140,512
67673,2202242486,512
67674,2202274611,512
67675,2202306763,512
67676,2202338958,512
67677,2202371096,512
67678,2202405852,512
67679,2202439413,512
67680,2202473913,512
67681,2202506102,512
67682,2202539304,512
67683,2202573669,512
67684,2202605730,512
67685,2202637985,512
67686,2202670125,512
67687,2202702273,512
67688,2202734375,512
67689,2202766554,512
67690,2202798575,512
67691,2202830712,512
67692,2202862799,512
67693,2202897474,512
67694,2202929835,512
67695,2202962036,512
67696,2202994220,512
67697,2203026401,512
67698,2203058447,512
67699,2203090555,512
67700,2203125270,512
67701,2203157405,512
67702,2203189572,512
67703,2203221654,512
67704,2203255162,512
67705,2203289200,512
67706,2203321498,512
67707,2203353535,512
67708,2203385697,512
67709,2203417751,512
67710,2203449856,512
67711,2203482010,512
67712,2203514103,512
67713,2203546152,512
67714,2203578166,512
67715,2203612849,512
67716,2203645187,512
67717,2203677314,512
67718,2203709432,512
67719,2203741438,512
67720,2203773693,512
67721,2203805732,512
67722,2203837932,512
67723,2203870913,512
67724,2203904559,512
67725,2203936592,512
67726,2203968873,512
67727,2204000998,512
67728,2204033000,512
67729,2204065172,512
67730,2204097184,512
67731,2204129320,512
67732,2204161481,512
67733,2204193585,512
67734,2204228305,512
67735,2204260789,512
67736,2204292818,512
67737,2204324915,512
67738,2204357127,512
67739,2204389174,512
67740,2204421240,512
67741,2204453320,512
67742,2204488193,512
67743,2204520318,512
67744,2204552517,512
67745,2204585985,512
67746,2204619935,512
67747,2204652237,512
67748,2204684529,512
67749,2204716717,512
67750,2204748884,512
67751,2204781058,512
67752,2204815761,512
67753,2204847829,512
67754,2204880229,512
67755,2204912285,512
67756,2204944289,512
67757,2204976400,512
67758,2205008469,512
67759,2205040572,512
67760,2205072696,512
67761,2205107516,512
67762,2205139582,512
67763,2205171860,512
67764,2205205086,512
67765,2205239038,512
67766,2205271322,512
67767,2205304639,512
67768,2205336670,512
67769,2205371498,512
67770,2205404924,512
67771,2205439156,512
67772,2205471300,512
67773,2205503384,512
67774,2205535466,512
67775,2205567509,512
67776,2205599796,512
67777,2205632002,512
67778,2205664189,512
67779,2205696221,512
67780,2205730914,512
67781,2205762909,512
67782,2205795380,512
67783,2205827522,512
67784,2205859712,512
67785,2205891726,512
67786,2205924022,512
67787,2205958345,512
67788,2205990870,512
67789,2206024136,512
67790,2206058417,512
67791,2206090607,512
67792,2206123737,512
67793,2206155923,512
67794,2206187923,512
67795,2206224142,512
67796,2206258632,512
67797,2206291036,512
67798,2206323157,512
67799,2206355289,512
67800,2206387348,512
67801,2206419399,512
67802,2206451519,512
67803,2206483534,512
67804,2206518373,512
67805,2206550427,512
67806,2206582650,512
67807,2206614777,512
67808,2206646783,512
67809,2206678913,512
67810,2206710949,512
67811,2206743229,512
67812,2206775299,512
67813,2206809989,512
67814,2206843361,512
67815,2206878164,512
67816,2206910456,512
67817,2206942537,512
67818,2206974691,512
67819,2207006800,512
67820,2207038925,512
67821,2207070980,512
67822,2207102999,512
67823,2207135125,512
67824,2207169987,512
67825,2207202243,512
67826,2207234252,512
67827,2207266272,512
67828,2207298286,512
67829,2207330446,512
67830,2207362532,512
67831,2207394659,512
67832,2207426669,512
67833,2207458864,512
67834,2207492984,512
67835,2207525477,512
67836,2207559102,512
67837,2207593188,512
67838,2207625458,512
67839,2207659447,512
67840,2207692923,512
67841,2207725168,512
67842,2207757304,512
67843,2207789649,512
67844,2207821705,512
67845,2207853893,512
67846,2207885956,512
67847,2207918090,512
67848,2207950182,512
67849,2207982328,512
67850,2208014337,512
67851,2208048968,512
67852,2208080993,512
67853,2208113161,512
67854,2208145380,512
67855,2208177461,512
67856,2208209500,512
67857,2208241606,512
67858,2208274300,512
67859,2208308668,512
67860,2208340915,512
67861,2208374771,512
67862,2208408698,512
67863,2208441095,512
67864,2208473242,512
67865,2208505278,512
67866,2208537347,512
67867,2208569407,512
67868,2208601503,512
67869,2208633578,512
67870,2208665659,512
67871,2208697770,512
67872,2208732494,512
67873,2208764912,512
67874,2208796916,512
67875,2208828957,512
67876,2208861111,512
67877,2208893377,512
67878,2208925447,512
67879,2208960161,512
67880,2208992886,512
67881,2209025083,512
67882,2209057164,512
67883,2209089168,512
67884,2209121217,512
67885,2209153347,512
67886,2209188363,512
67887,2209220378,512
67888,2209252485,512
67889,2209284658,512
67890,2209316663,512
67891,2209348821,512
67892,2209380834,512
67893,2209412981,512
67894,2209445081,512
67895,2209477105,512
67896,2209511846,512
67897,2209544068,512
67898,2209576144,512
67899,2209608372,512
67900,2209640528,512
67901,2209672639,512
67902,2209705633,512
67903,2209739657,512
67904,2209771987,512
67905,2209804142,512
67906,2209836212,512
67907,2209868347,512
67908,2209900436,512
67909,2209932516,512
67910,2209964535,512
67911,2209996675,512
67912,2210031328,512
67913,2210063526,512
67914,2210095689,512
67915,2210127886,512
67916,2210159999,512
67917,2210192120,512
67918,2210224299,512
67919,2210256454,512
67920,2210291169,512
67921,2210324655,512
67922,2210358631,512
67923,2210390890,512
67924,2210424265,512
67925,2210458754,512
67926,2210490839,512
67927,2210524888,512
67928,2210558779,512
67929,2210590805,512
67930,2210622836,512
67931,2210655140,512
67932,2210687282,512
67933,2210719409,512
67934,2210751488,512
67935,2210783532,512
67936,2210815660,512
67937,2210847672,512
67938,2210879680,512
67939,2210911748,512
67940,2210943787,512
67941,2210978027,512
67942,2211010574,512
67943,2211042723,512
67944,2211074746,512
67945,2211106895,512
67946,2211141080,512
67947,2211174328,512
67948,2211206769,512
67949,2211238895,512
67950,2211271018,512
67951,2211303144,512
67952,2211335183,512
67953,2211367260,512
67954,2211399418,512
67955,2211434079,512
67956,2211466185,512
67957,2211498430,512
67958,2211530545,512
67959,2211562584,512
67960,2211594752,512
67961,2211626887,512
67962,2211659047,512
67963,2211691111,512
67964,2211725770,512
67965,2211758549,512
67966,2211790716,512
67967,2211822884,512
67968,2211855037,512
67969,2211889618,512
67970,2211922182,512
67971,2211954213,512
67972,2211986311,512
67973,2212018315,512
67974,2212050397,512
67975,2212082410,512
67976,2212114525,512
67977,2212146532,512
67978,2212178609,512
67979,2212213641,512
67980,2212245733,512
67981,2212277919,512
67982,2212310108,512
67983,2212342143,512
67984,2212374286,512
67985,2212406363,512
67986,2212438565,512
67987,2212471164,512
67988,2212505071,512
67989,2212537095,512
67990,2212569213,512
67991,2212601234,512
67992,2212633498,512
67993,2212665613,512
67994,2212697754,512
67995,2212729935,512
67996,2212761974,512
67997,2212794177,512
67998,2212828989,512
67999,2212861330,512
68000,2212893374,512
68001,2212925465,512
68002,2212957487,512
68003,2212989658,512
68004,2213021777,512
68005,2213053837,512
68006,2213086817,512
68007,2213120273,512
68008,2213152521,512
68009,2213184988,512
68010,2213217025,512
68011,2213249222,512
68012,2213281314,512
68013,2213313415,512
68014,2213345550,512
68015,2213377620,512
68016,2213412274,512
68017,2213444423,512
68018,2213476862,512
68019,2213509050,512
68020,2213541217,512
68021,2213573361,512
68022,2213605450,512
68023,2213639781,512
68024,2213672230,512
68025,2213704342,512
68026,2213736525,512
68027,2213768659,512
68028,2213801586,512
68029,2213835653,512
68030,2213867914,512
68031,2213900235,512
68032,2213932378,512
68033,2213964431,512
68034,2213996629,512
68035,2214028784,512
68036,2214060798,512
68037,2214092803,512
68038,2214124922,512
68039,2214156968,512
68040,2214189033,512
68041,2214223782,512
68042,2214255798,512
68043,2214287938,512
68044,2214320325,512
68045,2214352453,512
68046,2214384524,512
68047,2214417655,512
68048,2214451217,512
68049,2214483368,512
68050,2214515668,512
68051,2214548042,512
68052,2214580093,512
68053,2214612122,512
68054,2214644261,512
68055,2214676299,512
68056,2214708425,512
68057,2214740521,512
68058,2214775124,512
68059,2214807265,512
68060,2214839570,512
68061,2214871663,512
68062,2214903734,512
68063,2214935969,512
68064,2214968017,512
68065,2215000069,512
68066,2215032439,512
68067,2215066961,512
68068,2215099320,512
68069,2215132973,512
68070,2215166405,512
68071,2215199051,512
68072,2215231350,512
68073,2215263498,512
68074,2215295549,512
68075,2215327718,512
68076,2215359856,512
68077,2215392015,512
68078,2215426640,512
68079,2215458649,512
68080,2215491021,512
68081,2215523049,512
68082,2215555148,512
68083,2215587228,512
68084,2215619290,512
68085,2215651414,512
68086,2215683453,512
68087,2215715474,512
68088,2215748949,512
68089,2215782236,512
68090,2215814284,512
68091,2215846303,512
68092,2215878315,512
68093,2215910491,512
68094,2215942626,512
68095,2215974789,512
68096,2216006857,512
68097,2216038972,512
68098,2216070984,512
68099,2216103135,512
68100,2216135245,512
68101,2216169903,512
68102,2216201977,512
68103,2216234078,512
68104,2216266148,512
68105,2216298334,512
68106,2216330533,512
68107,2216363639,512
68108,2216397874,512
68109,2216430293,512
68110,2216463807,512
68111,2216497839,512
68112,2216530219,512
68113,2216562244,512
68114,2216594258,512
68115,2216626307,512
68116,2216658390,512
68117,2216690466,512
68118,2216722599,512
68119,2216754783,512
68120,2216789489,512
68121,2216822133,512
68122,2216854142,512
68123,2216886170,512
68124,2216918363,512
68125,2216950382,512
68126,2216982399,512
68127,2217014574,512
68128,2217049338,512
68129,2217083342,512
68130,2217116824,512
68131,2217149177,512
68132,2217182909,512
68133,2217216778,512
68134,2217249054,512
68135,2217283188,512
68136,2217317010,512
68137,2217349063,512
68138,2217381401,512
68139,2217413570,512
68140,2217445739,512
68141,2217477785,512
68142,2217509903,512
68143,2217542100,512
68144,2217574125,512
68145,2217608750,512
68146,2217640888,512
68147,2217673279,512
68148,2217705312,512
68149,2217737359,512
68150,2217769482,512
68151,2217801581,512
68152,2217833686,512
68153,2217865738,512
68154,2217898574,512
68155,2217932427,512
68156,2217964778,512
68157,2217996816,512
68158,2218028881,512
68159,2218060921,512
68160,2218093087,512
68161,2218125264,512
68162,2218157309,512
68163,2218189399,512
68164,2218221421,512
68165,2218253566,512
68166,2218288186,512
68167,2218320608,512
68168,2218352639,512
68169,2218384660,512
68170,2218416686,512
68171,2218448812,512
68172,2218480834,512
68173,2218513983,512
68174,2218548040,512
68175,2218580498,512
68176,2218612637,512
68177,2218644640,512
68178,2218676670,512
68179,2218708699,512
68180,2218740773,512
68181,2218772876,512
68182,2218805076,512
68183,2218839635,512
68184,2218871694,512
68185,2218904053,512
68186,2218936133,512
68187,2218968192,512
68188,2219000380,512
68189,2219032624,512
68190,2219064682,512
68191,2219096688,512
68192,2219128703,512
68193,2219160754,512
68194,2219195370,512
68195,2219229290,512
68196,2219263391,512
68197,2219295601,512
68198,2219327748,512
68199,2219359839,512
68200,2219391966,512
68201,2219423989,512
68202,2219456017,512
68203,2219488164,512
68204,2219520325,512
68205,2219554960,512
68206,2219587055,512
68207,2219619466,512
68208,2219651608,512
68209,2219683787,512
68210,2219715858,512
68211,2219748250,512
68212,2219782819,512
68213,2219814919,512
68214,2219848069,512
68215,2219882742,512
68216,2219914844,512
68217,2219947721,512
68218,2219979894,512
68219,2220014554,512
68220,2220048829,512
68221,2220082730,512
68222,2220115137,512
68223,2220147327,512
68224,2220179488,512
68225,2220211563,512
68226,2220243573,512
68227,2220275703,512
68228,2220307721,512
68229,2220342391,512
68230,2220374431,512
68231,2220406682,512
68232,2220438772,512
68233,2220470869,512
68234,2220503050,512
68235,2220535074,512
68236,2220567274,512
68237,2220599313,512
68238,2220631349,512
68239,2220664344,512
68240,2220697981,512
68241,2220730005,512
68242,2220762021,512
68243,2220794493,512
68244,2220826627,512
68245,2220858822,512
68246,2220890974,512
68247,2220923127,512
68248,2220955230,512
68249,2220989874,512
68250,2221022353,512
68251,2221054479,512
68252,2221086553,512
68253,2221118738,512
68254,2221150895,512
68255,2221182962,512
68256,2221217530,512
68257,2221249681,512
68258,2221282120,512
68259,2221314261,512
68260,2221346452,512
68261,2221378842,512
68262,2221413965,512
68263,2221445979,512
68264,2221478037,512
68265,2221510137,512
68266,2221542288,512
68267,2221574377,512
68268,2221606548,512
68269,2221641165,512
68270,2221673182,512
68271,2221705241,512
68272,2221737300,512
68273,2221769640,512
68274,2221801676,512
68275,2221833728,512
68276,2221865781,512
68277,2221898053,512
68278,2221930127,512
68279,2221962153,512
68280,2221995230,512
68281,2222028853,512
68282,2222060903,512
68283,2222092918,512
68284,2222125322,512
68285,2222157472,512
68286,2222189659,512
68287,2222221851,512
68288,2222253897,512
68289,2222285975,512
68290,2222318011,512
68291,2222350023,512
68292,2222384666,512
68293,2222417091,512
68294,2222449165,512
68295,2222481245,512
68296,2222513406,512
68297,2222545460,512
68298,2222577535,512
68299,2222610020,512
68300,2222644580,512
68301,2222676936,512
68302,2222710191,512
68303,2222744394,512
68304,2222776777,512
68305,2222808850,512
68306,2222841004,512
68307,2222873033,512
68308,2222905103,512
68309,2222937152,512
68310,2222969235,512
68311,2223001260,512
68312,2223033290,512
68313,2223067991,512
68314,2223100050,512
68315,2223132368,512
68316,2223164539,512
68317,2223196694,512
68318,2223228829,512
68319,2223260973,512
68320,2223292999,512
68321,2223326557,512
68322,2223359759,512
68323,2223391768,512
68324,2223423865,512
68325,2223456139,512
68326,2223488248,512
68327,2223520284,512
68328,2223552474,512
68329,2223584550,512
68330,2223616581,512
68331,2223648659,512
68332,2223680714,512
68333,2223712716,512
68334,2223744752,512
68335,2223776798,512
68336,2223811328,512
68337,2223843630,512
68338,2223875745,512
68339,2223907845,512
68340,2223941169,512
68341,2223975767,512
68342,2224007936,512
68343,2224041120,512
68344,2224075145,512
68345,2224107617,512
68346,2224139760,512
68347,2224171906,512
68348,2224203909,512
68349,2224236005,512
68350,2224268197,512
68351,2224300338,512
68352,2224335043,512
68353,2224367282,512
68354,2224399358,512
68355,2224431508,512
68356,2224463681,512
68357,2224495777,512
68358,2224527963,512
68359,2224560054,512
68360,2224594710,512
68361,2224626727,512
68362,2224660273,512
68363,2224694391,512
68364,2224726687,512
68365,2224760693,512
68366,2224794495,512
68367,2224826590,512
68368,2224860532,512
68369,2224894469,512
68370,2224926550,512
68371,2224958589,512
68372,2224990864,512
68373,2225022889,512
68374,2225055042,512
68375,2225087113,512
68376,2225119288,512
68377,2225151420,512
68378,2225183562,512
68379,2225215572,512
68380,2225250097,512
68381,2225282182,512
68382,2225314335,512
68383,2225346523,512
68384,2225378736,512
68385,2225410874,512
68386,2225442977,512
68387,2225475912,512
68388,2225509889,512
68389,2225542052,512
68390,2225574395,512
68391,2225606422,512
68392,2225638465,512
68393,2225670622,512
68394,2225702812,512
68395,2225734943,512
68396,2225766983,512
68397,2225801568,512
68398,2225833864,512
68399,2225866011,512
68400,2225898108,512
68401,2225930262,512
68402,2225962364,512
68403,2225994553,512
68404,2226026659,512
68405,2226061366,512
68406,2226094981,512
68407,2226128969,512
68408,2226161257,512
68409,2226194246,512
68410,2226226374,512
68411,2226258461,512
68412,2226290557,512
68413,2226325255,512
68414,2226357328,512
68415,2226389873,512
68416,2226421902,512
68417,2226454064,512
68418,2226486236,512
68419,2226518296,512
68420,2226550369,512
68421,2226582374,512
68422,2226616968,512
68423,2226649350,512
68424,2226681422,512
68425,2226713557,512
68426,2226745789,512
68427,2226777965,512
68428,2226810091,512
68429,2226844753,512
68430,2226876769,512
68431,2226910930,512
68432,2226944371,512
68433,2226976870,512
68434,2227010740,512
68435,2227044666,512
68436,2227077104,512
68437,2227109148,512
68438,2227141296,512
68439,2227173460,512
68440,2227205498,512
68441,2227237621,512
68442,2227269785,512
68443,2227304355,512
68444,2227336418,512
68445,2227368888,512
68446,2227401070,512
68447,2227433092,512
68448,2227465183,512
68449,2227497199,512
68450,2227529329,512
68451,2227561511,512
68452,2227595906,512
68453,2227629082,512
68454,2227661240,512
68455,2227693335,512
68456,2227725350,512
68457,2227759953,512
68458,2227791957,512
68459,2227824421,512
68460,2227856552,512
68461,2227888643,512
68462,2227920721,512
68463,2227952884,512
68464,2227984945,512
68465,2228017057,512
68466,2228051815,512
68467,2228084184,512
68468,2228116291,512
68469,2228148418,512
68470,2228180463,512
68471,2228212482,512
68472,2228244981,512
68473,2228279383,512
68474,2228311641,512
68475,2228344603,512
68476,2228376762,512
68477,2228411447,512
68478,2228445424,512
68479,2228479479,512
68480,2228511886,512
68481,2228544036,512
68482,2228576167,512
68483,2228608172,512
68484,2228640215,512
68485,2228672278,512
68486,2228704419,512
68487,2228736447,512
68488,2228768478,512
68489,2228803063,512
68490,2228835153,512
68491,2228867248,512
68492,2228899723,512
68493,2228931808,512
68494,2228963893,512
68495,2228995912,512
68496,2229027932,512
68497,2229061087,512
68498,2229094804,512
68499,2229126919,512
68500,2229159153,512
68501,2229191176,512
68502,2229223283,512
68503,2229255342,512
68504,2229287498,512
68505,2229319659,512
68506,2229351772,512
68507,2229383911,512
68508,2229415914,512
68509,2229450481,512
68510,2229482837,512
68511,2229514933,512
68512,2229546986,512
68513,2229579405,512
68514,2229611457,512
68515,2229643511,512
68516,2229675516,512
68517,2229707636,512
68518,2229742314,512
68519,2229776232,512
68520,2229810357,512
68521,2229842789,512
68522,2229874934,512
68523,2229906942,512
68524,2229939056,512
68525,2229971175,512
68526,2230003199,512
68527,2230035323,512
68528,2230067374,512
68529,2230101964,512
68530,2230134036,512
68531,2230166352,512
68532,2230198479,512
68533,2230230667,512
68534,2230262670,512
68535,2230294857,512
68536,2230326989,512
68537,2230361718,512
68538,2230395255,512
68539,2230429777,512
68540,2230462044,512
68541,2230494935,512
68542,2230529627,512
68543,2230561930,512
68544,2230595064,512
68545,2230629288,512
68546,2230661391,512
68547,2230693553,512
68548,2230725908,512
68549,2230758000,512
68550,2230790196,512
68551,2230822232,512
68552,2230854352,512
68553,2230886427,512
68554,2230918473,512
68555,2230953161,512
68556,2230985304,512
68557,2231017704,512
68558,2231049815,512
68559,2231081841,512
68560,2231114277,512
68561,2231146375,512
68562,2231178421,512
68563,2231211782,512
68564,2231245063,512
68565,2231277492,512
68566,2231309605,512
68567,2231341778,512
68568,2231373863,512
68569,2231405936,512
68570,2231437982,512
68571,2231470019,512
68572,2231504656,512
68573,2231536881,512
68574,2231569194,512
68575,2231601260,512
68576,2231633418,512
68577,2231665497,512
68578,2231697691,512
68579,2231729705,512
68580,2231761859,512
68581,2231796518,512
68582,2231828969,512
68583,2231861007,512
68584,2231893060,512
68585,2231926403,512
68586,2231960358,512
68587,2231992378,512
68588,2232024453,512
68589,2232056804,512
68590,2232088943,512
68591,2232121028,512
68592,2232153231,512
68593,2232185406,512
68594,2232220115,512
68595,2232252486,512
68596,2232284521,512
68597,2232316527,512
68598,2232348531,512
68599,2232380623,512
68600,2232412795,512
68601,2232445037,512
68602,2232477104,512
68603,2232511843,512
68604,2232545458,512
68605,2232579575,512
68606,2232611832,512
68607,2232645098,512
68608,2232677150,512
68609,2232711367,512
68610,2232745621,512
68611,2232779671,512
68612,2232811796,512
68613,2232843836,512
68614,2232876054,512
68615,2232908167,512
68616,2232940187,512
68617,2232972266,512
68618,2233004299,512
68619,2233036292,512
68620,2233068310,512
68621,2233100380,512
68622,2233132393,512
68623,2233164432,512
68624,2233196550,512
68625,2233228572,512
68626,2233261069,512
68627,2233294862,512
68628,2233327245,512
68629,2233361725,512
68630,2233395198,512
68631,2233427232,512
68632,2233459318,512
68633,2233491472,512
68634,2233523576,512
68635,2233555657,512
68636,2233587839,512
68637,2233619885,512
68638,2233651973,512
68639,2233684107,512
68640,2233718802,512
68641,2233750905,512
68642,2233783313,512
68643,2233815480,512
68644,2233847667,512
68645,2233879857,512
68646,2233911999,512
68647,2233946630,512
68648,2233978963,512
68649,2234011112,512
68650,2234043229,512
68651,2234076613,512
68652,2234110538,512
68653,2234142935,512
68654,2234175000,512
68655,2234207122,512
68656,2234239145,512
68657,2234271199,512
68658,2234303312,512
68659,2234335490,512
68660,2234367562,512
68661,2234402291,512
68662,2234434374,512
68663,2234466553,512
68664,2234498760,512
68665,2234530828,512
68666,2234562938,512
68667,2234595053,512
68668,2234627072,512
68669,2234659221,512
68670,2234692135,512
68671,2234725927,512
68672,2234758026,512
68673,2234790155,512
68674,2234822436,512
68675,2234854590,512
68676,2234886778,512
68677,2234918803,512
68678,2234950992,512
68679,2234983057,512
68680,2235017668,512
68681,2235050079,512
68682,2235082349,512
68683,2235114445,512
68684,2235146607,512
68685,2235178721,512
68686,2235210734,512
68687,2235242831,512
68688,2235277098,512
68689,2235310652,512
68690,2235342716,512
68691,2235377400,512
68692,2235411020,512
68693,2235445371,512
68694,2235477728,512
68695,2235511999,512
68696,2235545413,512
68697,2235577690,512
68698,2235609879,512
68699,2235641930,512
68700,2235673930,512
68701,2235705989,512
68702,2235738017,512
68703,2235770097,512
68704,2235802123,512
68705,2235834174,512
68706,2235866349,512
68707,2235900911,512
68708,2235933002,512
68709,2235965022,512
68710,2235997453,512
68711,2236029934,512
68712,2236062058,512
68713,2236094213,512
68714,2236126593,512
68715,2236160451,512
68716,2236192813,512
68717,2236226676,512
68718,2236260689,512
68719,2236292718,512
68720,2236325020,512
68721,2236357252,512
68722,2236389443,512
68723,2236421532,512
68724,2236453579,512
68725,2236485600,512
68726,2236517634,512
68727,2236549798,512
68728,2236584506,512
68729,2236616880,512
68730,2236648998,512
68731,2236681166,512
68732,2236713195,512
68733,2236745584,512
68734,2236779785,512
68735,2236812432,512
68736,2236845346,512
68737,2236877461,512
68738,2236912213,512
68739,2236945868,512
68740,2236979817,512
68741,2237012002,512
68742,2237046022,512
68743,2237079903,512
68744,2237111967,512
68745,2237144074,512
68746,2237176430,512
68747,2237208479,512
68748,2237240541,512
68749,2237272567,512
68750,2237304690,512
68751,2237336769,512
68752,2237368788,512
68753,2237400889,512
68754,2237433063,512
68755,2237467602,512
68756,2237499641,512
68757,2237531786,512
68758,2237564105,512
68759,2237596255,512
68760,2237628443,512
68761,2237661503,512
68762,2237695410,512
68763,2237727447,512
68764,2237759602,512
68765,2237791849,512
68766,2237823871,512
68767,2237856039,512
68768,2237888072,512
68769,2237920124,512
68770,2237952191,512
68771,2237984230,512
68772,2238016240,512
68773,2238048284,512
68774,2238080384,512
68775,2238112436,512
68776,2238146974,512
68777,2238179395,512
68778,2238211408,512
68779,2238243409,512
68780,2238277219,512
68781,2238310739,512
68782,2238342867,512
68783,2238374907,512
68784,2238407267,512
68785,2238439321,512
68786,2238471431,512
68787,2238503466,512
68788,2238535658,512
68789,2238567684,512
68790,2238599782,512
68791,2238631912,512
68792,2238666584,512
68793,2238698652,512
68794,2238730709,512
68795,2238763072,512
68796,2238795460,512
68797,2238827554,512
68798,2238859563,512
68799,2238891591,512
68800,2238923750,512
68801,2238958321,512
68802,2238991988,512
68803,2239026419,512
68804,2239058693,512
68805,2239090734,512
68806,2239122738,512
68807,2239154750,512
68808,2239186903,512
68809,2239218990,512
68810,2239251005,512
68811,2239283048,512
68812,2239315240,512
68813,2239347329,512
68814,2239381927,512
68815,2239414026,512
68816,2239446165,512
68817,2239478341,512
68818,2239510412,512
68819,2239542433,512
68820,2239574502,512
68821,2239608264,512
68822,2239641781,512
68823,2239674276,512
68824,2239706432,512
68825,2239738469,512
68826,2239770564,512
68827,2239802762,512
68828,2239834886,512
68829,2239866927,512
68830,2239901567,512
68831,2239933577,512
68832,2239965971,512
68833,2239998017,512
68834,2240030030,512
68835,2240062108,512
68836,2240094288,512
68837,2240126488,512
68838,2240158532,512
68839,2240190627,512
68840,2240225449,512
68841,2240257521,512
68842,2240289651,512
68843,2240323161,512
68844,2240357211,512
68845,2240389270,512
68846,2240421318,512
68847,2240453560,512
68848,2240485644,512
68849,2240517722,512
68850,2240549774,512
68851,2240581838,512
68852,2240613972,512
68853,2240646075,512
68854,2240678213,512
68855,2240712864,512
68856,2240745198,512
68857,2240777376,512
68858,2240809516,512
68859,2240841932,512
68860,2240874088,512
68861,2240908718,512
68862,2240942310,512
68863,2240976439,512
68864,2241008638,512
68865,2241041951,512
68866,2241076272,512
68867,2241108462,512
68868,2241142492,512
68869,2241176556,512
68870,2241208865,512
68871,2241241043,512
68872,2241273088,512
68873,2241305238,512
68874,2241337326,512
68875,2241369375,512
68876,2241401553,512
68877,2241433621,512
68878,2241468388,512
68879,2241500741,512
68880,2241532842,512
68881,2241564846,512
68882,2241596902,512
68883,2241628967,512
68884,2241661164,512
68885,2241693310,512
68886,2241725329,512
68887,2241758322,512
68889,2241823990,512
68890,2241856118,512
68891,2241888319,512
68892,2241920499,512
68893,2241952534,512
68894,2241984542,512
68895,2242016683,512
68896,2242048716,512
68897,2242080874,512
68898,2242112977,512
68899,2242147553,512
68900,2242179685,512
68901,2242211717,512
68902,2242244146,512
68903,2242276561,512
68904,2242308598,512
68905,2242340690,512
68906,2242373602,512
68907,2242407151,512
68908,2242439493,512
68909,2242472805,512
68910,2242507398,512
68911,2242539853,512
68912,2242571898,512
68913,2242604089,512
68914,2242636279,512
68915,2242668438,512
68916,2242700516,512
68917,2242735161,512
68918,2242767602,512
68919,2242799688,512
68920,2242831887,512
68921,2242863955,512
68922,2242896023,512
68923,2242928170,512
68924,2242960283,512
68925,2242994836,512
68926,2243026983,512
68927,2243059288,512
68928,2243092681,512
68929,2243126455,512
68930,2243158769,512
68931,2243192354,512
68932,2243226436,512
68933,2243258722,512
68934,2243292823,512
68935,2243326738,512
68936,2243359145,512
68937,2243391138,512
68938,2243423255,512
68939,2243455437,512
68940,2243487576,512
68941,2243519578,512
68942,2243551611,512
68943,2243583756,512
68944,2243618366,512
68945,2243650619,512
68946,2243682738,512
68947,2243714848,512
68948,2243746957,512
68949,2243778982,512
68950,2243811018,512
68951,2243843040,512
68952,2243875176,512
68953,2243908517,512
68954,2243942119,512
68955,2243974172,512
68956,2244006250,512
68957,2244038321,512
68958,2244070444,512
68959,2244102629,512
68960,2244134701,512
68961,2244166820,512
68962,2244198946,512
68963,2244231110,512
68964,2244263174,512
68965,2244297803,512
68966,2244330191,512
68967,2244362199,512
68968,2244394222,512
68969,2244426391,512
68970,2244458425,512
68971,2244490600,512
68972,2244523232,512
68973,2244557571,512
68974,2244589911,512
68975,2244623457,512
68976,2244657546,512
68977,2244689649,512
68978,2244722004,512
68979,2244754102,512
68980,2244786264,512
68981,2244818330,512
68982,2244850400,512
68983,2244882572,512
68984,2244917475,512
68985,2244949588,512
68986,2244981673,512
68987,2245013874,512
68988,2245046025,512
68989,2245078175,512
68990,2245110361,512
68991,2245142417,512
68992,2245176696,512
68993,2245209057,512
68994,2245242608,512
68995,2245276619,512
68996,2245308914,512
68997,2245343014,512
68998,2245376544,512
68999,2245408859,512
69000,2245442572,512
69001,2245476706,512
69002,2245508852,512
69003,2245541188,512
69004,2245573305,512
69005,2245605333,512
69006,2245637486,512
69007,2245669665,512
69008,2245701674,512
69009,2245733821,512
69010,2245765888,512
69011,2245800477,512
69012,2245832829,512
69013,2245865226,512
69014,2245897230,512
69015,2245929258,512
69016,2245961274,512
69017,2245993481,512
69018,2246025509,512
69019,2246058779,512
69020,2246092230,512
69021,2246124266,512
69022,2246156376,512
69023,2246188674,512
69024,2246220825,512
69025,2246252942,512
69026,2246285120,512
69027,2246317290,512
69028,2246349353,512
69029,2246384004,512
69030,2246416474,512
69031,2246448523,512
69032,2246480563,512
69033,2246512735,512
69034,2246544831,512
69035,2246576956,512
69036,2246609058,512
69037,2246643790,512
69038,2246676796,512
69039,2246708865,512
69040,2246740881,512
69041,2246776378,512
69042,2246808453,512
69043,2246840575,512
69044,2246872620,512
69045,2246904811,512
69046,2246936828,512
69047,2246972175,512
69048,2247004217,512
69049,2247036395,512
69050,2247068482,512
69051,2247100658,512
69052,2247135472,512
69053,2247167775,512
69054,2247199885,512
69055,2247232075,512
69056,2247264116,512
69057,2247296260,512
69058,2247328336,512
69059,2247360483,512
69060,2247395289,512
69061,2247427463,512
69062,2247459632,512
69063,2247493036,512
69064,2247526943,512
69065,2247559214,512
69066,2247592851,512
69067,2247626960,512
69068,2247659061,512
69069,2247691233,512
69070,2247723379,512
69071,2247755578,512
69072,2247787582,512
69073,2247819732,512
69074,2247851904,512
69075,2247886576,512
69076,2247918661,512
69077,2247950664,512
69078,2247982972,512
69079,2248015038,512
69080,2248047221,512
69081,2248079238,512
69082,2248111260,512
69083,2248143312,512
69084,2248175453,512
69085,2248208417,512
69086,2248242474,512
69087,2248274512,512
69088,2248306843,512
69089,2248338921,512
69090,2248370926,512
69091,2248402928,512
69092,2248435036,512
69093,2248467181,512
69094,2248499222,512
69095,2248531260,512
69096,2248563308,512
69097,2248595454,512
69098,2248629998,512
69099,2248662008,512
69100,2248694382,512
69101,2248726516,512
69102,2248758613,512
69103,2248790794,512
69104,2248824153,512
69105,2248857798,512
69106,2248889837,512
69107,2248921846,512
69108,2248953891,512
69109,2248986252,512
69110,2249018266,512
69111,2249050385,512
69112,2249082483,512
69113,2249114533,512
69114,2249146709,512
69115,2249178862,512
69116,2249213470,512
69117,2249245568,512
69118,2249277699,512
69119,2249309890,512
69120,2249341992,512
69121,2249374155,512
69122,2249406357,512
69123,2249439137,512
69124,2249473120,512
69125,2249505235,512
69126,2249539238,512
69127,2249573210,512
69128,2249605218,512
69129,2249637306,512
69130,2249669399,512
69131,2249701487,512
69132,2249733557,512
69133,2249765558,512
69134,2249797658,512
69135,2249829689,512
69136,2249861825,512
69137,2249893972,512
69138,2249925964,512
69139,2249958156,512
69140,2249992441,512
69141,2250024870,512
69142,2250057281,512
69143,2250089316,512
69144,2250121346,512
69145,2250155308,512
69146,2250188641,512
69147,2250220713,512
69148,2250252742,512
69149,2250285041,512
69150,2250317065,512
69151,2250349132,512
69152,2250381230,512
69153,2250413333,512
69154,2250445352,512
69155,2250477374,512
69156,2250509511,512
69157,2250541622,512
69158,2250573622,512
69159,2250607969,512
69160,2250640250,512
69161,2250673091,512
69162,2250705094,512
69163,2250737192,512
69164,2250769313,512
69165,2250801412,512
69166,2250833447,512
69167,2250865461,512
69168,2250900091,512
69169,2250932497,512
69170,2250964639,512
69171,2250996650,512
69172,2251028811,512
69173,2251060876,512
69174,2251092951,512
69175,2251125002,512
69176,2251157108,512
69177,2251189162,512
69178,2251223892,512
69179,2251256268,512
69180,2251288386,512
69181,2251320473,512
69182,2251352594,512
69183,2251385064,512
69184,2251419623,512
69185,2251451697,512
69186,2251486131,512
69187,2251519668,512
69188,2251552107,512
69189,2251584292,512
69190,2251616475,512
69191,2251648642,512
69192,2251683853,512
69193,2251715905,512
69194,2251747981,512
69195,2251780008,512
69196,2251812199,512
69197,2251844323,512
69198,2251876422,512
69199,2251908494,512
69200,2251943243,512
69201,2251975722,512
69202,2252007898,512
69203,2252040097,512
69205,2252104306,512
69206,2252138595,512
69207,2252171214,512
69208,2252204492,512
69209,2252238880,512
69210,2252270994,512
69211,2252305430,512
69212,2252338800,512
69213,2252370841,512
69214,2252402968,512
69215,2252435135,512
69216,2252467343,512
69217,2252499478,512
69218,2252531674,512
69219,2252563820,512
69220,2252595833,512
69221,2252627947,512
69222,2252659964,512
69223,2252694473,512
69224,2252726482,512
69225,2252758565,512
69226,2252790836,512
69227,2252822974,512
69228,2252855054,512
69229,2252887159,512
69230,2252920163,512
69231,2252954071,512
69232,2252986323,512
69233,2253020213,512
69234,2253054192,512
69235,2253086213,512
69236,2253118282,512
69237,2253150606,512
69238,2253182748,512
69239,2253214907,512
69240,2253246995,512
69241,2253279163,512
69242,2253311292,512
69243,2253345994,512
69244,2253378372,512
69245,2253410405,512
69246,2253442477,512
69247,2253474621,512
69248,2253506747,512
69249,2253538902,512
69250,2253571059,512
69251,2253603094,512
69252,2253635739,512
69253,2253669734,512
69254,2253702144,512
69255,2253734213,512
69256,2253766290,512
69257,2253798396,512
69258,2253830415,512
69259,2253862425,512
69260,2253894486,512
69261,2253926669,512
69262,2253958700,512
69263,2253990798,512
69264,2254025445,512
69265,2254057801,512
69266,2254089849,512
69267,2254121875,512
69268,2254154043,512
69269,2254186174,512
69270,2254218275,512
69271,2254251451,512
69272,2254285161,512
69273,2254317632,512
69274,2254349853,512
69275,2254381951,512
69276,2254414115,512
69277,2254446190,512
69278,2254478337,512
69279,2254512989,512
69280,2254545020,512
69281,2254577288,512
69282,2254609297,512
69283,2254641350,512
69284,2254673389,512
69285,2254705485,512
69286,2254737516,512
69287,2254769731,512
69288,2254801822,512
69289,2254833881,512
69290,2254868471,512
69291,2254901026,512
69292,2254933217,512
69293,2254966433,512
69294,2255000660,512
69295,2255032924,512
69296,2255065189,512
69297,2255097268,512
69298,2255129375,512
69299,2255161497,512
69300,2255193575,512
69301,2255225714,512
69302,2255260422,512
69303,2255292823,512
69304,2255325017,512
69305,2255357083,512
69306,2255389156,512
69307,2255421253,512
69308,2255453359,512
69309,2255485518,512
69310,2255520055,512
69311,2255552418,512
69312,2255585433,512
69313,2255619981,512
69314,2255652091,512
69315,2255684846,512
69316,2255717034,512
69317,2255749060,512
69318,2255781236,512
69319,2255815893,512
69320,2255848316,512
69321,2255880422,512
69322,2255912534,512
69323,2255944687,512
69324,2255976752,512
69325,2256008924,512
69326,2256041050,512
69327,2256075623,512
69328,2256107738,512
69329,2256139750,512
69330,2256171978,512
69331,2256204045,512
69332,2256236230,512
69333,2256268291,512
69334,2256301180,512
69335,2256335239,512
69336,2256367333,512
69337,2256401749,512
69338,2256435388,512
69339,2256467581,512
69340,2256499662,512
69341,2256531670,512
69342,2256563844,512
69343,2256595850,512
69344,2256627894,512
69345,2256659974,512
69346,2256692028,512
69347,2256724136,512
69348,2256756149,512
69349,2256788273,512
69350,2256820355,512
69351,2256855168,512
69352,2256887434,512
69353,2256919449,512
69354,2256951562,512
69355,2256983756,512
69356,2257016138,512
69357,2257048176,512
69358,2257082818,512
69359,2257116421,512
69360,2257150672,512
69361,2257182667,512
69362,2257214802,512
69363,2257247108,512
69364,2257279277,512
69365,2257311357,512
69366,2257343452,512
69367,2257375579,512
69368,2257407658,512
69369,2257439834,512
69370,2257474128,512
69371,2257506370,512
69372,2257538435,512
69373,2257570741,512
69374,2257602854,512
69375,2257634889,512
69376,2257667073,512
69377,2257699214,512
69378,2257732790,512
69379,2257766213,512
69380,2257798597,512
69381,2257830630,512
69382,2257862778,512
69383,2257894933,512
69384,2257927023,512
69385,2257959073,512
69386,2257991094,512
69387,2258023260,512
69388,2258055300,512
69389,2258089672,512
69390,2258121865,512
69391,2258153924,512
69392,2258186144,512
69393,2258218377,512
69394,2258250685,512
69395,2258282808,512
69396,2258314989,512
69397,2258347492,512
69398,2258381297,512
69399,2258413583,512
69400,2258447548,512
69401,2258481591,512
69402,2258513938,512
69403,2258546110,512
69404,2258578285,512
69405,2258610316,512
69406,2258642454,512
69407,2258674463,512
69408,2258706475,512
69409,2258738610,512
69410,2258770658,512
69411,2258804858,512
69412,2258837180,512
69413,2258869308,512
69414,2258901728,512
69415,2258933896,512
69416,2258965950,512
69417,2258998068,512
69418,2259030182,512
69419,2259062757,512
69420,2259097111,512
69421,2259129131,512
69422,2259161485,512
69423,2259193647,512
69424,2259225738,512
69425,2259257936,512
69426,2259289967,512
69427,2259322030,512
69428,2259354075,512
69429,2259388687,512
69430,2259420926,512
69431,2259453392,512
69432,2259485452,512
69433,2259517461,512
69434,2259549632,512
69435,2259581822,512
69436,2259613989,512
69437,2259648657,512
69438,2259681645,512
69439,2259713663,512
69440,2259745762,512
69441,2259781159,512
69442,2259813279,512
69443,2259845380,512
69444,2259877412,512
69445,2259909494,512
69446,2259941586,512
69447,2259973681,512
69448,2260008251,512
69449,2260040327,512
69450,2260072609,512
69451,2260104667,512
69452,2260136750,512
69453,2260168948,512
69454,2260201144,512
69455,2260233260,512
69456,2260265390,512
69457,2260300132,512
69458,2260332452,512
69459,2260364621,512
69460,2260397354,512
69461,2260431627,512
69462,2260463856,512
69463,2260497797,512
69464,2260531927,512
69465,2260564164,512
69466,2260597827,512
69467,2260631794,512
69468,2260664291,512
69469,2260696444,512
69470,2260728460,512
69471,2260760539,512
69472,2260792659,512
69473,2260824691,512
69474,2260856733,512
69475,2260888889,512
69476,2260923570,512
69477,2260955629,512
69478,2260988010,512
69479,2261020034,512
69480,2261052069,512
69481,2261084260,512
69482,2261116573,512
69483,2261150985,512
69484,2261183314,512
69485,2261216532,512
69486,2261251537,512
69487,2261283692,512
69488,2261317123,512
69489,2261351329,512
69490,2261383541,512
69491,2261417219,512
69492,2261450969,512
69493,2261483022,512
69494,2261515119,512
69495,2261547620,512
69496,2261579649,512
69497,2261611775,512
69498,2261643780,512
69499,2261675890,512
69500,2261708063,512
69501,2261740121,512
69502,2261774524,512
69503,2261806720,512
69504,2261839039,512
69505,2261871147,512
69506,2261903179,512
69507,2261935280,512
69508,2261967379,512
69509,2261999406,512
69510,2262033238,512
69511,2262066396,512
69512,2262098793,512
69513,2262130952,512
69514,2262163112,512
69515,2262195233,512
69516,2262227335,512
69517,2262259359,512
69518,2262291526,512
69519,2262326178,512
69520,2262358320,512
69521,2262390730,512
69522,2262422918,512
69523,2262455102,512
69524,2262487196,512
69525,2262519256,512
69526,2262551399,512
69527,2262586539,512
69528,2262618596,512
69529,2262651107,512
69530,2262683169,512
69531,2262715222,512
69532,2262751317,512
69533,2262785877,512
69534,2262817926,512
69535,2262852403,512
69536,2262885921,512
69537,2262918092,512
69538,2262950385,512
69539,2262982550,512
69540,2263014717,512
69541,2263046834,512
69542,2263078987,512
69543,2263113869,512
69544,2263145987,512
69545,2263178002,512
69546,2263210176,512
69547,2263242315,512
69548,2263274500,512
69549,2263306631,512
69550,2263338787,512
69551,2263373426,512
69552,2263405889,512
69553,2263437902,512
69554,2263470558,512
69555,2263505263,512
69556,2263537587,512
69557,2263570577,512
69558,2263605168,512
69559,2263637183,512
69560,2263671312,512
69561,2263704931,512
69562,2263737181,512
69563,2263769499,512
69564,2263801593,512
69565,2263833684,512
69566,2263865713,512
69567,2263897791,512
69568,2263929915,512
69569,2263962112,512
69570,2263996759,512
69571,2264028817,512
69572,2264060823,512
69573,2264093251,512
69574,2264125330,512
69575,2264157332,512
69576,2264189462,512
69577,2264221611,512
69578,2264253777,512
69579,2264286573,512
69580,2264320273,512
69581,2264352590,512
69582,2264386383,512
69583,2264420511,512
69584,2264452859,512
69585,2264484944,512
69586,2264516948,512
69587,2264549102,512
69588,2264581188,512
69589,2264613379,512
69590,2264645577,512
69591,2264677627,512
69592,2264712048,512
69593,2264744350,512
69594,2264776656,512
69595,2264808770,512
69596,2264840936,512
69597,2264873093,512
69598,2264905233,512
69599,2264937374,512
69600,2264969375,512
69601,2265002084,512
69602,2265036046,512
69603,2265068050,512
69604,2265100352,512
69605,2265132505,512
69606,2265164596,512
69607,2265196629,512
69608,2265228658,512
69609,2265260826,512
69610,2265292954,512
69611,2265327642,512
69612,2265359704,512
69613,2265392155,512
69614,2265424314,512
69615,2265456483,512
69616,2265488499,512
69617,2265520667,512
69618,2265552716,512
69619,2265587354,512
69620,2265620709,512
69621,2265652807,512
69622,2265687439,512
69623,2265720375,512
69624,2265752481,512
69625,2265784532,512
69626,2265821291,512
69627,2265855241,512
69628,2265887706,512
69629,2265919730,512
69630,2265951895,512
69631,2265983931,512
69632,2266015943,512
69633,2266047948,512
69634,2266080124,512
69635,2266112316,512
69636,2266147161,512
69637,2266179260,512
69638,2266211380,512
69639,2266243540,512
69640,2266275700,512
69641,2266307788,512
69642,2266339816,512
69643,2266371864,512
69644,2266404059,512
69645,2266436979,512
69646,2266470681,512
69647,2266503148,512
69648,2266535221,512
69649,2266567313,512
69650,2266599377,512
69651,2266631582,512
69652,2266663774,512
69653,2266695889,512
69654,2266730470,512
69655,2266762685,512
69656,2266794797,512
69657,2266826928,512
69658,2266859061,512
69659,2266891083,512
69660,2266923150,512
69661,2266955163,512
69662,2266987326,512
69663,2267019485,512
69664,2267051895,512
69665,2267085959,512
69666,2267118051,512
69667,2267152117,512
69668,2267186074,512
69669,2267218160,512
69670,2267250310,512
69671,2267282397,512
69672,2267314429,512
69673,2267346480,512
69674,2267378672,512
69675,2267410681,512
69676,2267442716,512
69677,2267474910,512
69678,2267507022,512
69679,2267539148,512
69680,2267573498,512
69681,2267605745,512
69682,2267637794,512
69683,2267670156,512
69684,2267702352,512
69685,2267734374,512
69686,2267768103,512
69687,2267801537,512
69688,2267833623,512
69689,2267865649,512
69690,2267897926,512
69691,2267929975,512
69692,2267962095,512
69693,2267994277,512
69694,2268026300,512
69695,2268058442,512
69696,2268090464,512
69697,2268122503,512
69698,2268154642,512
69699,2268189608,512
69700,2268221641,512
69701,2268253791,512
69702,2268286104,512
69703,2268318245,512
69704,2268350398,512
69705,2268382531,512
69706,2268416898,512
69707,2268448996,512
69708,2268482863,512
69709,2268516956,512
69710,2268549053,512
69711,2268581161,512
69712,2268613771,512
69713,2268645887,512
69714,2268677887,512
69715,2268709978,512
69716,2268741982,512
69717,2268774037,512
69718,2268808559,512
69719,2268840685,512
69720,2268872746,512
69721,2268905158,512
69722,2268937176,512
69723,2268969268,512
69724,2269001651,512
69725,2269033663,512
69726,2269065709,512
69727,2269098842,512
69728,2269132494,512
69729,2269164675,512
69730,2269196861,512
69731,2269229030,512
69732,2269261217,512
69733,2269293375,512
69734,2269325497,512
69735,2269357570,512
69736,2269392082,512
69737,2269424116,512
69738,2269456511,512
69739,2269488611,512
69740,2269520652,512
69741,2269552820,512
69742,2269584971,512
69743,2269617287,512
69744,2269649351,512
69745,2269684008,512
69746,2269716794,512
69747,2269748981,512
69748,2269781001,512
69749,2269814021,512
69750,2269847882,512
69751,2269880323,512
69752,2269912356,512
69753,2269944388,512
69754,2269976473,512
69755,2270008627,512
69756,2270040682,512
69757,2270072864,512
69758,2270104932,512
69759,2270139677,512
69760,2270171833,512
69761,2270203958,512
69762,2270236052,512
69763,2270268089,512
69764,2270300188,512
69765,2270332259,512
69766,2270364410,512
69767,2270396511,512
69768,2270429399,512
69769,2270463402,512
69770,2270495791,512
69771,2270527902,512
69772,2270560058,512
69773,2270592146,512
69774,2270624300,512
69775,2270656300,512
69776,2270688374,512
69777,2270720427,512
69778,2270755041,512
69779,2270787286,512
69780,2270819553,512
69781,2270851568,512
69782,2270883662,512
69783,2270915708,512
69784,2270947864,512
69785,2270980060,512
69786,2271012133,512
69787,2271044781,512
69788,2271078400,512
69789,2271110424,512
69790,2271142725,512
69791,2271174722,512
69792,2271207073,512
69793,2271239184,512
69794,2271271239,512
69795,2271303325,512
69796,2271335476,512
69797,2271367486,512
69798,2271399563,512
69799,2271431722,512
69800,2271466602,512
69801,2271498757,512
69802,2271530806,512
69803,2271562842,512
69804,2271595036,512
69805,2271627163,512
69806,2271659305,512
69807,2271691473,512
69808,2271723547,512
69809,2271755551,512
69810,2271790214,512
69811,2271822558,512
69812,2271854654,512
69813,2271886799,512
69814,2271918823,512
69815,2271950935,512
69816,2271983075,512
69817,2272015099,512
69818,2272047146,512
69819,2272079257,512
69820,2272113705,512
69821,2272145961,512
69822,2272178286,512
69823,2272210373,512
69824,2272242386,512
69825,2272275487,512
69826,2272309539,512
69827,2272341689,512
69828,2272376090,512
69829,2272409285,512
69830,2272441722,512
69831,2272474084,512
69832,2272506264,512
69833,2272538446,512
69834,2272570500,512
69835,2272602590,512
69836,2272634776,512
69837,2272669687,512
69838,2272701783,512
69839,2272733832,512
69840,2272765901,512
69841,2272798022,512
69842,2272830159,512
69843,2272862186,512
69844,2272894317,512
69845,2272926431,512
69846,2272958481,512
69847,2272990553,512
69848,2273024866,512
69849,2273057085,512
69850,2273091035,512
69851,2273125111,512
69852,2273157479,512
69853,2273189632,512
69854,2273221785,512
69855,2273253925,512
69856,2273285984,512
69857,2273318097,512
69858,2273352804,512
69859,2273385274,512
69860,2273417454,512
69861,2273449520,512
69862,2273481526,512
69863,2273513589,512
69864,2273545718,512
69865,2273577734,512
69866,2273609884,512
69867,2273644217,512
69868,2273676955,512
69869,2273710103,512
69870,2273744187,512
69871,2273776541,512
69872,2273809567,512
69873,2273841604,512
69874,2273873673,512
69875,2273905683,512
69876,2273940245,512
69877,2273972301,512
69878,2274004719,512
69879,2274036734,512
69880,2274068874,512
69881,2274101020,512
69882,2274133184,512
69883,2274165289,512
69884,2274197452,512
69885,2274232197,512
69886,2274264309,512
69887,2274296522,512
69888,2274328545,512
69889,2274360558,512
69890,2274392693,512
69891,2274425516,512
69892,2274459627,512
69893,2274491878,512
69894,2274526304,512
69895,2274559463,512
69896,2274591571,512
69897,2274623911,512
69898,2274656126,512
69899,2274688153,512
69900,2274720345,512
69901,2274752429,512
69902,2274784573,512
69903,2274816683,512
69904,2274848842,512
69905,2274883518,512
69906,2274915579,512
69907,2274947764,512
69908,2274979802,512
69909,2275011931,512
69910,2275044261,512
69911,2275076435,512
69912,2275108574,512
69913,2275140927,512
69914,2275174939,512
69915,2275207194,512
69916,2275240400,512
69917,2275272410,512
69918,2275304441,512
69919,2275339259,512
69920,2275371608,512
69921,2275403711,512
69922,2275435887,512
69923,2275467965,512
69924,2275500112,512
69925,2275532312,512
69926,2275566907,512
69927,2275598931,512
69928,2275631250,512
69929,2275663351,512
69930,2275695383,512
69931,2275727492,512
69932,2275759745,512
69933,2275791858,512
69934,2275824054,512
69935,2275857308,512
69936,2275890744,512
69937,2275923213,512
69938,2275955308,512
69939,2275987470,512
69940,2276019557,512
69941,2276051763,512
69942,2276083789,512
69943,2276118398,512
69944,2276150773,512
69945,2276182936,512
69946,2276214960,512
69947,2276247155,512
69948,2276279165,512
69949,2276311217,512
69950,2276343377,512
69951,2276375516,512
69952,2276407522,512
69953,2276442261,512
69954,2276474845,512
69955,2276506916,512
69956,2276539044,512
69957,2276571816,512
69958,2276606054,512
69959,2276638366,512
69960,2276670494,512
69961,2276702664,512
69962,2276734829,512
69963,2276767014,512
69964,2276799061,512
69965,2276831062,512
69966,2276863168,512
69967,2276897857,512
69968,2276929860,512
69969,2276962313,512
69970,2276994324,512
69971,2277026492,512
69972,2277058569,512
69973,2277090646,512
69974,2277122751,512
69975,2277154797,512
69976,2277187562,512
69977,2277221442,512
69978,2277253505,512
69979,2277285640,512
69980,2277317800,512
69981,2277349873,512
69982,2277381894,512
69983,2277414042,512
69984,2277446106,512
69985,2277478234,512
69986,2277510328,512
69987,2277542477,512
69988,2277574494,512
69989,2277609177,512
69990,2277641533,512
69991,2277673568,512
69992,2277705788,512
69993,2277737851,512
69994,2277769988,512
69995,2277803055,512
69996,2277836722,512
69997,2277869005,512
69998,2277903073,512
69999,2277936898,512
70000,2277968940,512
70001,2278000977,512
70002,2278033409,512
70003,2278065424,512
70004,2278097611,512
70005,2278129747,512
70006,2278161803,512
70007,2278193841,512
70008,2278225859,512
70009,2278257941,512
70010,2278289961,512
70011,2278324650,512
70012,2278356733,512
70013,2278389067,512
70014,2278421077,512
70015,2278453121,512
70016,2278485186,512
70017,2278518274,512
70018,2278552197,512
70019,2278584479,512
70020,2278616740,512
70021,2278648869,512
70022,2278681057,512
70023,2278713160,512
70024,2278745249,512
70025,2278777380,512
70026,2278809499,512
70027,2278844174,512
70028,2278876509,512
70029,2278908529,512
70030,2278940667,512
70031,2278972787,512
70032,2279004798,512
70033,2279037133,512
70034,2279069260,512
70035,2279104053,512
70036,2279136336,512
70037,2279168409,512
70038,2279200583,512
70039,2279232672,512
70040,2279264859,512
70041,2279296899,512
70042,2279329129,512
70043,2279363631,512
70044,2279396436,512
70045,2279428471,512
70046,2279460556,512
70047,2279492623,512
70048,2279524702,512
70049,2279556825,512
70050,2279592131,512
70051,2279624175,512
70052,2279656312,512
70053,2279688484,512
70054,2279720511,512
70055,2279752574,512
70056,2279786895,512
70057,2279819567,512
70058,2279852818,512
70059,2279887115,512
70060,2279919494,512
70061,2279953484,512
70062,2279987095,512
70063,2280019141,512
70064,2280051560,512
70065,2280083658,512
70066,2280115659,512
70067,2280147745,512
70068,2280179750,512
70069,2280211882,512
70070,2280243902,512
70071,2280276069,512
70072,2280308230,512
70073,2280342855,512
70074,2280375414,512
70075,2280407555,512
70076,2280439702,512
70077,2280472099,512
70078,2280506181,512
70079,2280538649,512
70080,2280570773,512
70081,2280603111,512
70082,2280635189,512
70083,2280668532,512
70084,2280702441,512
70085,2280734816,512
70086,2280766983,512
70087,2280799045,512
70088,2280831173,512
70089,2280863271,512
70090,2280895321,512
70091,2280927326,512
70092,2280959467,512
70093,2280991516,512
70094,2281023556,512
70095,2281058149,512
70096,2281090481,512
70097,2281122673,512
70098,2281154748,512
70099,2281186757,512
70100,2281218860,512
70101,2281250953,512
70102,2281285132,512
70103,2281318095,512
70104,2281350417,512
70105,2281382473,512
70106,2281414565,512
70107,2281446677,512
70108,2281478717,512
70109,2281510873,512
70110,2281542875,512
70111,2281574975,512
70112,2281609645,512
70113,2281641653,512
70114,2281674074,512
70115,2281706375,512
70116,2281738532,512
70117,2281770656,512
70118,2281802700,512
70119,2281834862,512
70120,2281869631,512
70121,2281902164,512
70122,2281934243,512
70123,2281966275,512
70124,2281998332,512
70125,2282030327,512
70126,2282062411,512
70127,2282094418,512
70128,2282126522,512
70129,2282161145,512
70130,2282193349,512
70131,2282225643,512
70132,2282257950,512
70133,2282290022,512
70134,2282322119,512
70135,2282354248,512
70136,2282386285,512
70137,2282418353,512
70138,2282452627,512
70139,2282484920,512
70140,2282517311,512
70141,2282549319,512
70142,2282581382,512
70143,2282614912,512
70144,2282648730,512
70145,2282680852,512
70146,2282712921,512
70147,2282745110,512
70148,2282777184,512
70149,2282809386,512
70150,2282841488,512
70151,2282873547,512
70152,2282905572,512
70153,2282937675,512
70154,2282969874,512
70155,2283004495,512
70156,2283036561,512
70157,2283068672,512
70158,2283100892,512
70159,2283132951,512
70160,2283165057,512
70161,2283197100,512
70162,2283230315,512
70163,2283264067,512
70164,2283296180,512
70165,2283330369,512
70166,2283364283,512
70167,2283396326,512
70168,2283428371,512
70169,2283460481,512
70170,2283492661,512
70171,2283524659,512
70172,2283556799,512
70173,2283588958,512
70174,2283621121,512
70175,2283653289,512
70176,2283687952,512
70177,2283720144,512
70178,2283752300,512
70179,2283784398,512
70180,2283816579,512
70181,2283848618,512
70182,2283880683,512
70183,2283912813,512
70184,2283945560,512
70185,2283979803,512
70186,2284012261,512
70187,2284044313,512
70188,2284076482,512
70189,2284108640,512
70190,2284140800,512
70191,2284175409,512
70192,2284207834,512
70193,2284239849,512
70194,2284272022,512
70195,2284304282,512
70196,2284336414,512
70197,2284368580,512
70198,2284400658,512
70199,2284435518,512
70200,2284467932,512
70201,2284499981,512
70202,2284532168,512
70203,2284564440,512
70204,2284598833,512
70205,2284631129,512
70206,2284664650,512
70207,2284699170,512
70208,2284731507,512
70209,2284764942,512
70210,2284798910,512
70211,2284831071,512
70212,2284863447,512
70213,2284895471,512
70214,2284927546,512
70215,2284959697,512
70216,2284991779,512
70217,2285023800,512
70218,2285055936,512
70219,2285087939,512
70220,2285120056,512
70221,2285154554,512
70222,2285186715,512
70223,2285218906,512
70224,2285251225,512
70225,2285283540,512
70226,2285315725,512
70227,2285347859,512
70228,2285380661,512
70229,2285414428,512
70230,2285446857,512
70231,2285478876,512
70232,2285511108,512
70233,2285543260,512
70234,2285575280,512
70235,2285607410,512
70236,2285639456,512
70237,2285671599,512
70238,2285706278,512
70239,2285738700,512
70240,2285770812,512
70241,2285802988,512
70242,2285835088,512
70243,2285867161,512
70244,2285899354,512
70245,2285933527,512
70246,2285966066,512
70247,2285998066,512
70248,2286030088,512
70249,2286062438,512
70250,2286095779,512
70251,2286129818,512
70252,2286161906,512
70253,2286193992,512
70254,2286226228,512
70255,2286258331,512
70256,2286290516,512
70257,2286322697,512
70258,2286354814,512
70259,2286386957,512
70260,2286421934,512
70261,2286454126,512
70262,2286486324,512
70263,2286518460,512
70264,2286550633,512
70265,2286582726,512
70266,2286617367,512
70267,2286649532,512
70268,2286681925,512
70269,2286714594,512
70270,2286748931,512
70271,2286781269,512
70272,2286814333,512
70273,2286846356,512
70274,2286878446,512
70275,2286910464,512
70276,2286945123,512
70277,2286977141,512
70278,2287009577,512
70279,2287041590,512
70280,2287073644,512
70281,2287105782,512
70282,2287137811,512
70283,2287169926,512
70284,2287202076,512
70285,2287236854,512
70286,2287269183,512
70287,2287301186,512
70288,2287333358,512
70289,2287365434,512
70290,2287397647,512
70291,2287430184,512
70292,2287464382,512
70293,2287496694,512
70294,2287531053,512
70295,2287564257,512
70296,2287596698,512
70297,2287628714,512
70298,2287661064,512
70299,2287693097,512
70300,2287725221,512
70301,2287757387,512
70302,2287789602,512
70303,2287821620,512
70304,2287856264,512
70305,2287888415,512
70306,2287920627,512
70307,2287952702,512
70308,2287984851,512
70309,2288016990,512
70310,2288049213,512
70311,2288081334,512
70312,2288113479,512
70313,2288148443,512
70314,2288180459,512
70315,2288212622,512
70316,2288246096,512
70317,2288279972,512
70318,2288312402,512
70319,2288344490,512
70320,2288376571,512
70321,2288408721,512
70322,2288440876,512
70323,2288473059,512
70324,2288507809,512
70325,2288540201,512
70326,2288572216,512
70327,2288604306,512
70328,2288636407,512
70329,2288668409,512
70330,2288700562,512
70331,2288732628,512
70332,2288764787,512
70333,2288796841,512
70334,2288828877,512
70335,2288861655,512
70336,2288895345,512
70337,2288927434,512
70338,2288959619,512
70339,2288991825,512
70340,2289023840,512
70341,2289055950,512
70342,2289088200,512
70343,2289120221,512
70344,2289152240,512
70345,2289184371,512
70346,2289216532,512
70348,2289283170,512
70349,2289315213,512
70350,2289347493,512
70351,2289379838,512
70352,2289411983,512
70353,2289443988,512
70354,2289476810,512
70355,2289510672,512
70356,2289542886,512
70357,2289576937,512
70358,2289610858,512
70359,2289642867,512
70360,2289674954,512
70361,2289707178,512
70362,2289739215,512
70363,2289771229,512
70364,2289803289,512
70365,2289835482,512
70366,2289867659,512
70367,2289899762,512
70368,2289931810,512
70369,2289963888,512
70370,2289998544,512
70371,2290030665,512
70372,2290063018,512
70373,2290095033,512
70374,2290127228,512
70375,2290159415,512
70376,2290192517,512
70377,2290226332,512
70378,2290258702,512
70379,2290290828,512
70380,2290323019,512
70381,2290355058,512
70382,2290387253,512
70383,2290419446,512
70384,2290451458,512
70385,2290486099,512
70386,2290518368,512
70387,2290550667,512
70388,2290582672,512
70389,2290614846,512
70390,2290646858,512
70391,2290679057,512
70392,2290711212,512
70393,2290745447,512
70394,2290777833,512
70395,2290810982,512
70396,2290845392,512
70397,2290877803,512
70398,2290911040,512
70399,2290945455,512
70400,2290977746,512
70401,2291011630,512
70402,2291045631,512
70403,2291077846,512
70404,2291109942,512
70405,2291141956,512
70406,2291173964,512
70407,2291206062,512
70408,2291238094,512
70409,2291270251,512
70410,2291302371,512
70411,2291334453,512
70412,2291366627,512
70413,2291401267,512
70414,2291433676,512
70415,2291465723,512
70416,2291497807,512
70417,2291529886,512
70418,2291562029,512
70419,2291594113,512
70420,2291627165,512
70421,2291661067,512
70422,2291693459,512
70423,2291727054,512
70424,2291761014,512
70425,2291793491,512
70426,2291825689,512
70427,2291857795,512
70428,2291889983,512
70429,2291922126,512
70430,2291956828,512
70431,2291988853,512
70432,2292021170,512
70433,2292053298,512
70434,2292085389,512
70435,2292117408,512
70436,2292149441,512
70437,2292181637,512
70438,2292213640,512
70439,2292245832,512
70440,2292277838,512
70441,2292312473,512
70442,2292345809,512
70443,2292380136,512
70444,2292412285,512
70445,2292445742,512
70446,2292480158,512
70447,2292512329,512
70448,2292546213,512
70449,2292580249,512
70450,2292612316,512
70451,2292644651,512
70452,2292676807,512
70453,2292708872,512
70454,2292740968,512
70455,2292773018,512
70456,2292805154,512
70457,2292837332,512
70459,2292904516,512
70460,2292936814,512
70462,2293000932,512
70463,2293032976,512
70464,2293065084,512
70465,2293097176,512
70466,2293131804,512
70467,2293165049,512
70468,2293199386,512
70469,2293231803,512
70470,2293265592,512
70471,2293299416,512
70472,2293331662,512
70473,2293365613,512
70474,2293399635,512
70475,2293431939,512
70476,2293464113,512
70477,2293496260,512
70478,2293528323,512
70479,2293560523,512
70480,2293592614,512
70481,2293624614,512
70482,2293656613,512
70483,2293691482,512
70484,2293723658,512
70485,2293755683,512
70486,2293787801,512
70487,2293819883,512
70488,2293851921,512
70489,2293884031,512
70490,2293916125,512
70491,2293948162,512
70492,2293981400,512
70493,2294015112,512
70494,2294047386,512
70495,2294079457,512
70496,2294111609,512
70497,2294143655,512
70498,2294175800,512
70499,2294207981,512
70500,2294240090,512
70501,2294274891,512
70502,2294307164,512
70503,2294339350,512
70504,2294371460,512
70505,2294403562,512
70506,2294435640,512
70507,2294467786,512
70508,2294499821,512
70509,2294534110,512
70510,2294566618,512
70511,2294598893,512
70512,2294630963,512
70513,2294663151,512
70514,2294695348,512
70515,2294727378,512
70516,2294759561,512
70517,2294791732,512
70518,2294826304,512
70519,2294858369,512
70520,2294890767,512
70521,2294922806,512
70522,2294954966,512
70523,2294987092,512
70524,2295019196,512
70525,2295051269,512
70526,2295083399,512
70527,2295115450,512
70528,2295149919,512
70529,2295181997,512
70530,2295214149,512
70531,2295246243,512
70532,2295278298,512
70533,2295311509,512
70534,2295345975,512
70535,2295378295,512
70536,2295410462,512
70537,2295442532,512
70538,2295474697,512
70539,2295506706,512
70540,2295538777,512
70541,2295570908,512
70542,2295602946,512
70543,2295634999,512
70544,2295669795,512
70545,2295701921,512
70546,2295734281,512
70547,2295766316,512
70548,2295798364,512
70549,2295830540,512
70550,2295862659,512
70551,2295894710,512
70552,2295927774,512
70553,2295961362,512
70554,2295993813,512
70555,2296025978,512
70556,2296058089,512
70557,2296090133,512
70558,2296122178,512
70559,2296154375,512
70560,2296186438,512
70561,2296221455,512
70562,2296253548,512
70563,2296285649,512
70564,2296317833,512
70565,2296349887,512
70566,2296381888,512
70567,2296414070,512
70568,2296446148,512
70569,2296478174,512
70570,2296512822,512
70571,2296545462,512
70572,2296577525,512
70573,2296609599,512
70574,2296642779,512
70575,2296676737,512
70576,2296708926,512
70577,2296741180,512
70578,2296773304,512
70579,2296805298,512
70580,2296837363,512
70581,2296869511,512
70582,2296901687,512
70583,2296933738,512
70584,2296965821,512
70585,2297000460,512
70586,2297032503,512
70587,2297064848,512
70588,2297096967,512
70589,2297129143,512
70590,2297161342,512
70591,2297193518,512
70592,2297225605,512
70593,2297258793,512
70594,2297292123,512
70595,2297324137,512
70596,2297356167,512
70597,2297388616,512
70598,2297420755,512
70599,2297452860,512
70600,2297484877,512
70601,2297516996,512
70602,2297549176,512
70603,2297581176,512
70604,2297615821,512
70605,2297647892,512
70606,2297680013,512
70607,2297712015,512
70608,2297744071,512
70609,2297776274,512
70610,2297808329,512
70611,2297840469,512
70612,2297873421,512
70613,2297907321,512
70614,2297939607,512
70615,2297971970,512
70616,2298004092,512
70617,2298036136,512
70618,2298068243,512
70619,2298100332,512
70620,2298132457,512
70621,2298164555,512
70622,2298196658,512
70623,2298228659,512
70624,2298263440,512
70625,2298295612,512
70626,2298327715,512
70627,2298359884,512
70628,2298392121,512
70629,2298424125,512
70630,2298456260,512
70631,2298488311,512
70632,2298520382,512
70633,2298555234,512
70634,2298590361,512
70635,2298623403,512
70636,2298655457,512
70637,2298687618,512
70638,2298719785,512
70639,2298751972,512
70640,2298784084,512
70641,2298816177,512
70642,2298850423,512
70643,2298882635,512
70644,2298914758,512
70645,2298947075,512
70646,2298979196,512
70647,2299011332,512
70648,2299043532,512
70649,2299075675,512
70650,2299107854,512
70651,2299139890,512
70652,2299174912,512
70653,2299207564,512
70654,2299239746,512
70655,2299274147,512
70656,2299308177,512
70657,2299342606,512
70658,2299374943,512
70659,2299409030,512
70660,2299442361,512
70661,2299474753,512
70662,2299506914,512
70663,2299539032,512
70664,2299571043,512
70665,2299603070,512
70666,2299635192,512
70667,2299667215,512
70668,2299699264,512
70669,2299731418,512
70670,2299766128,512
70671,2299798133,512
70672,2299830440,512
70673,2299862554,512
70674,2299894704,512
70675,2299926745,512
70676,2299958758,512
70677,2299990841,512
70678,2300024311,512
70679,2300057631,512
70680,2300089812,512
70681,2300123884,512
70682,2300157643,512
70683,2300190019,512
70684,2300222177,512
70685,2300254330,512
70686,2300286517,512
70687,2300318657,512
70688,2300350788,512
70689,2300382801,512
70690,2300418712,512
70691,2300450751,512
70692,2300482772,512
70693,2300517413,512
70694,2300549523,512
70695,2300581769,512
70696,2300613934,512
70697,2300646058,512
70698,2300678058,512
70699,2300710254,512
70700,2300742487,512
70701,2300777200,512
70702,2300809237,512
70703,2300841473,512
70704,2300873516,512
70705,2300905733,512
70706,2300937924,512
70707,2300970025,512
70708,2301002112,512
70709,2301034126,512
70710,2301066320,512
70711,2301101450,512
70712,2301133478,512
70713,2301165628,512
70714,2301197739,512
70715,2301229859,512
70716,2301262036,512
70717,2301296464,512
70718,2301328651,512
70719,2301361287,512
70720,2301393447,512
70721,2301426451,512
70722,2301460120,512
70723,2301492591,512
70724,2301524623,512
70725,2301558737,512
70726,2301592459,512
70727,2301624767,512
70728,2301656890,512
70729,2301688898,512
70730,2301721065,512
70732,2301792333,512
70733,2301824355,512
70734,2301856718,512
70735,2301888751,512
70736,2301920759,512
70737,2301952823,512
70738,2301984949,512
70739,2302017023,512
70740,2302049162,512
70741,2302081263,512
70742,2302113300,512
70743,2302145329,512
70744,2302180268,512
70745,2302212453,512
70746,2302244644,512
70747,2302276907,512
70748,2302308999,512
70749,2302341066,512
70750,2302373193,512
70751,2302407762,512
70752,2302440235,512
70753,2302472553,512
70754,2302504682,512
70755,2302536761,512
70756,2302568922,512
70757,2302600922,512
70758,2302635342,512
70759,2302667526,512
70760,2302699618,512
70761,2302731831,512
70762,2302764086,512
70763,2302796236,512
70764,2302828278,512
70765,2302860351,512
70766,2302892914,512
70767,2302927468,512
70768,2302959582,512
70769,2302992456,512
70770,2303024516,512
70771,2303059232,512
70772,2303091745,512
70773,2303124028,512
70774,2303156123,512
70775,2303188127,512
70776,2303220213,512
70777,2303252252,512
70778,2303284312,512
70779,2303316312,512
70780,2303351041,512
70781,2303383432,512
70782,2303415531,512
70783,2303447562,512
70784,2303479696,512
70785,2303511830,512
70786,2303543859,512
70787,2303575933,512
70788,2303610738,512
70789,2303643053,512
70790,2303675151,512
70791,2303708770,512
70792,2303742619,512
70793,2303774814,512
70794,2303807015,512
70795,2303839146,512
70796,2303871275,512
70797,2303903429,512
70798,2303935610,512
70799,2303967789,512
70800,2304002349,512
70801,2304034446,512
70802,2304066868,512
70803,2304098929,512
70804,2304131062,512
70805,2304163175,512
70806,2304195315,512
70807,2304230178,512
70808,2304262554,512
70809,2304294613,512
70810,2304327540,512
70811,2304362195,512
70812,2304394550,512
70813,2304427118,512
70814,2304459187,512
70815,2304491348,512
70816,2304527413,512
70817,2304561865,512
70818,2304594321,512
70819,2304626498,512
70820,2304658506,512
70821,2304690698,512
70822,2304722704,512
70823,2304754721,512
70824,2304786825,512
70825,2304818838,512
70826,2304850883,512
70827,2304882895,512
70828,2304914984,512
70829,2304949645,512
70830,2304981707,512
70831,2305014010,512
70832,2305046042,512
70833,2305078195,512
70834,2305110246,512
70835,2305143480,512
70836,2305177389,512
70837,2305209393,512
70838,2305241822,512
70839,2305273980,512
70840,2305306094,512
70841,2305338133,512
70842,2305370139,512
70843,2305402263,512
70844,2305434266,512
70845,2305466392,512
70846,2305501091,512
70847,2305533152,512
70848,2305565161,512
70849,2305597175,512
70850,2305629395,512
70851,2305661553,512
70852,2305693672,512
70853,2305725783,512
70854,2305758149,512
70855,2305792581,512
70856,2305824904,512
70857,2305858771,512
70858,2305892925,512
70859,2305925198,512
70860,2305957308,512
70861,2305989462,512
70862,2306021532,512
70863,2306053666,512
70864,2306085859,512
70865,2306117859,512
70866,2306149876,512
70867,2306184453,512
70868,2306216847,512
70869,2306248987,512
70870,2306281082,512
70871,2306313276,512
70872,2306345405,512
70873,2306377555,512
70874,2306409684,512
70875,2306444368,512
70876,2306477944,512
70877,2306511957,512
70878,2306544214,512
70879,2306577379,512
70880,2306609479,512
70881,2306644181,512
70882,2306677812,512
70883,2306712067,512
70884,2306744111,512
70885,2306776502,512
70886,2306808677,512
70887,2306840865,512
70888,2306873023,512
70889,2306905082,512
70890,2306937190,512
70891,2306971847,512
70892,2307004267,512
70893,2307036466,512
70894,2307068658,512
70895,2307100659,512
70896,2307132859,512
70897,2307164884,512
70898,2307196962,512
70899,2307231213,512
70900,2307263677,512
70901,2307297045,512
70902,2307331571,512
70903,2307363969,512
70904,2307397032,512
70905,2307431196,512
70906,2307463483,512
70907,2307496985,512
70908,2307531429,512
70909,2307563787,512
70910,2307595893,512
70911,2307627968,512
70912,2307660023,512
70913,2307692170,512
70914,2307724361,512
70915,2307756541,512
70916,2307791218,512
70917,2307823624,512
70918,2307855733,512
70919,2307887919,512
70920,2307919936,512
70921,2307951969,512
70922,2307984014,512
70923,2308016089,512
70924,2308048164,512
70925,2308080217,512
70926,2308113220,512
70927,2308146878,512
70928,2308178957,512
70929,2308211310,512
70930,2308243452,512
70931,2308275622,512
70932,2308307712,512
70933,2308339748,512
70934,2308371819,512
70935,2308403899,512
70936,2308438606,512
70937,2308470955,512
70938,2308502955,512
70939,2308535152,512
70940,2308567245,512
70941,2308599270,512
70942,2308631359,512
70943,2308663489,512
70944,2308695673,512
70945,2308730499,512
70946,2308762670,512
70947,2308794796,512
70948,2308826878,512
70949,2308859050,512
70950,2308891114,512
70951,2308923148,512
70952,2308955183,512
70953,2308987351,512
70954,2309019441,512
70955,2309053989,512
70956,2309086403,512
70957,2309118513,512
70958,2309150703,512
70959,2309182859,512
70960,2309214922,512
70961,2309246923,512
70962,2309279076,512
70963,2309311098,512
70964,2309343503,512
70965,2309377562,512
70966,2309409702,512
70967,2309443912,512
70968,2309477659,512
70969,2309509742,512
70970,2309541852,512
70971,2309574155,512
70972,2309606350,512
70973,2309638510,512
70974,2309670699,512
70975,2309705401,512
70976,2309737883,512
70977,2309769912,512
70978,2309802071,512
70979,2309834196,512
70980,2309866266,512
70981,2309898282,512
70982,2309930320,512
70983,2309962376,512
70984,2309994511,512
70985,2310026525,512
70986,2310058962,512
70987,2310092993,512
70988,2310125106,512
70989,2310158978,512
70990,2310193157,512
70991,2310225229,512
70992,2310257586,512
70993,2310289715,512
70994,2310321753,512
70995,2310353875,512
70996,2310386014,512
70997,2310418121,512
70998,2310452814,512
70999,2310484835,512
71000,2310517222,512
71001,2310549343,512
71002,2310581532,512
71003,2310613660,512
71004,2310645832,512
71005,2310677998,512
71006,2310712304,512
71007,2310744799,512
71008,2310778143,512
71009,2310812442,512
71010,2310844469,512
71011,2310878114,512
71012,2310912111,512
71013,2310944517,512
71014,2310978477,512
71015,2311012405,512
71016,2311044803,512
71017,2311076981,512
71018,2311109127,512
71019,2311141221,512
71020,2311173237,512
71021,2311205371,512
71022,2311237431,512
71023,2311272120,512
71024,2311304201,512
71025,2311336320,512
71026,2311368567,512
71027,2311400764,512
71028,2311432932,512
71029,2311465102,512
71030,2311497130,512
71031,2311529290,512
71032,2311563886,512
71033,2311597521,512
71034,2311631531,512
71035,2311663870,512
71036,2311697172,512
71037,2311731548,512
71038,2311763786,512
71039,2311797244,512
71040,2311831666,512
71041,2311864080,512
71042,2311896167,512
71043,2311928186,512
71044,2311960349,512
71045,2311992468,512
71046,2312024605,512
71047,2312056622,512
71048,2312088800,512
71049,2312123493,512
71050,2312155752,512
71051,2312187815,512
71052,2312219991,512
71053,2312252088,512
71054,2312284252,512
71055,2312316252,512
71056,2312348375,512
71057,2312380438,512
71058,2312413725,512
71059,2312447167,512
71060,2312479655,512
71061,2312511827,512
71062,2312544008,512
71063,2312576120,512
71064,2312608286,512
71065,2312642944,512
71066,2312675372,512
71067,2312707487,512
71068,2312739630,512
71069,2312771795,512
71070,2312803946,512
71071,2312836039,512
71072,2312868114,512
71073,2312902794,512
71074,2312935264,512
71075,2312967339,512
71076,2312999509,512
71077,2313031857,512
71078,2313066089,512
71079,2313098562,512
71080,2313132449,512
71081,2313166261,512
71082,2313198752,512
71083,2313233146,512
71084,2313266494,512
71085,2313298925,512
71086,2313330931,512
71087,2313363082,512
71088,2313395245,512
71089,2313427275,512
71090,2313459460,512
71091,2313491536,512
71092,2313523555,512
71093,2313558198,512
71095,2313622674,512
71096,2313654713,512
71097,2313686843,512
71098,2313718905,512
71099,2313751100,512
71100,2313783134,512
71101,2313815199,512
71102,2313847951,512
71103,2313881826,512
71104,2313914295,512
71105,2313947666,512
71106,2313981850,512
71107,2314013992,512
71108,2314046356,512
71109,2314078489,512
71110,2314110534,512
71111,2314142687,512
71112,2314174701,512
71113,2314206858,512
71114,2314238913,512
71115,2314273779,512
71116,2314306104,512
71117,2314338264,512
71118,2314370319,512
71119,2314402334,512
71120,2314434473,512
71121,2314466562,512
71122,2314498589,512
71123,2314530642,512
71124,2314563373,512
71125,2314597393,512
71126,2314629463,512
71127,2314661780,512
71128,2314693880,512
71129,2314725894,512
71130,2314758039,512
71131,2314790150,512
71132,2314822233,512
71133,2314854260,512
71134,2314886352,512
71135,2314920812,512
71136,2314952993,512
71137,2314985018,512
71138,2315017195,512
71139,2315049429,512
71140,2315081577,512
71141,2315113732,512
71142,2315145797,512
71143,2315178824,512
71144,2315212798,512
71145,2315245077,512
71146,2315277269,512
71147,2315309314,512
71148,2315341422,512
71149,2315373563,512
71150,2315405660,512
71151,2315437782,512
71152,2315472627,512
71153,2315504909,512
71154,2315536977,512
71155,2315569056,512
71156,2315601075,512
71157,2315633221,512
71158,2315665252,512
71159,2315697327,512
71160,2315729388,512
71161,2315761460,512
71162,2315793632,512
71163,2315827928,512
71164,2315860063,512
71165,2315893981,512
71166,2315928144,512
71167,2315960512,512
71168,2315992533,512
71169,2316024633,512
71170,2316056680,512
71171,2316088728,512
71172,2316120789,512
71173,2316152822,512
71174,2316184913,512
71175,2316217084,512
71176,2316249189,512
71177,2316283842,512
71178,2316316259,512
71179,2316348335,512
71180,2316380347,512
71181,2316412602,512
71182,2316444749,512
71183,2316476796,512
71184,2316510044,512
71185,2316543566,512
71186,2316575578,512
71187,2316607681,512
71188,2316639958,512
71189,2316672087,512
71190,2316704163,512
71191,2316736321,512
71192,2316768471,512
71193,2316800598,512
71194,2316832621,512
71195,2316867217,512
71196,2316899672,512
71197,2316931904,512
71198,2316963967,512
71199,2316995985,512
71200,2317028302,512
71201,2317060323,512
71202,2317092355,512
71203,2317124540,512
71204,2317158755,512
71205,2317191062,512
71206,2317225100,512
71207,2317259062,512
71208,2317291376,512
71209,2317323417,512
71210,2317355449,512
71211,2317387577,512
71212,2317419769,512
71213,2317451859,512
71214,2317483986,512
71215,2317518681,512
71216,2317551038,512
71217,2317583253,512
71218,2317615427,512
71219,2317647479,512
71220,2317679659,512
71221,2317711790,512
71222,2317743929,512
71224,2317810376,512
71225,2317844317,512
71226,2317878214,512
71227,2317910515,512
71228,2317943941,512
71229,2317978108,512
71230,2318010355,512
71231,2318044302,512
71232,2318078377,512
71233,2318110735,512
71234,2318142894,512
71235,2318174938,512
71236,2318206964,512
71237,2318239149,512
71238,2318271192,512
71239,2318303311,512
71240,2318335350,512
71241,2318370006,512
71242,2318402177,512
71243,2318434425,512
71244,2318466723,512
71245,2318498909,512
71246,2318530965,512
71247,2318563010,512
71248,2318595077,512
71249,2318629834,512
71250,2318663266,512
71251,2318697679,512
71252,2318729750,512
71253,2318762862,512
71254,2318794884,512
71255,2318826925,512
71256,2318858936,512
71257,2318893475,512
71258,2318925553,512
71259,2318957887,512
71260,2318990092,512
71261,2319022178,512
71262,2319054248,512
71263,2319086275,512
71264,2319118293,512
71265,2319150375,512
71266,2319182549,512
71267,2319214576,512
71268,2319249180,512
71269,2319281308,512
71270,2319313334,512
71271,2319345718,512
71272,2319378902,512
71273,2319412836,512
71274,2319445046,512
71275,2319479521,512
71276,2319512977,512
71277,2319545081,512
71278,2319577167,512
71279,2319609520,512
71280,2319641607,512
71281,2319673736,512
71282,2319705828,512
71283,2319737942,512
71284,2319770026,512
71285,2319804702,512
71286,2319837190,512
71287,2319869385,512
71288,2319901403,512
71289,2319933460,512
71290,2319965581,512
71291,2319997600,512
71292,2320029638,512
71293,2320061751,512
71294,2320094237,512
71295,2320128230,512
71296,2320160378,512
71297,2320194338,512
71298,2320228415,512
71299,2320260766,512
71300,2320292836,512
71301,2320324974,512
71302,2320357139,512
71303,2320389266,512
71304,2320421421,512
71305,2320453492,512
71306,2320488149,512
71307,2320520164,512
71308,2320552212,512
71309,2320584529,512
71310,2320616539,512
71311,2320648698,512
71312,2320680779,512
71313,2320713126,512
71314,2320745265,512
71315,2320780013,512
71316,2320813693,512
71317,2320847930,512
71318,2320880182,512
71319,2320913414,512
71320,2320947835,512
71321,2320979935,512
71322,2321013855,512
71323,2321048071,512
71324,2321080106,512
71325,2321112237,512
71326,2321144394,512
71327,2321176454,512
71328,2321208517,512
71329,2321240671,512
71330,2321272682,512
71331,2321304709,512
71332,2321339425,512
71333,2321371742,512
71334,2321403901,512
71335,2321435909,512
71336,2321468367,512
71337,2321500442,512
71338,2321532485,512
71339,2321566995,512
71340,2321599315,512
71341,2321632710,512
71342,2321666915,512
71343,2321699128,512
71344,2321732392,512
71345,2321766796,512
71346,2321798931,512
71347,2321832867,512
71348,2321867095,512
71349,2321899569,512
71350,2321931662,512
71351,2321963697,512
71352,2321995721,512
71353,2322027897,512
71354,2322060041,512
71355,2322094752,512
71356,2322127103,512
71357,2322159173,512
71358,2322191353,512
71359,2322223493,512
71360,2322255578,512
71361,2322287638,512
71362,2322319822,512
71363,2322351824,512
71364,2322383859,512
71365,2322418473,512
71366,2322451869,512
71367,2322486086,512
71368,2322518494,512
71369,2322551568,512
71370,2322583713,512
71371,2322618325,512
71372,2322652269,512
71373,2322686332,512
71374,2322718665,512
71375,2322750854,512
71376,2322782947,512
71377,2322815124,512
71378,2322847299,512
71379,2322879328,512
71380,2322911361,512
71381,2322946095,512
71382,2322978128,512
71383,2323010397,512
71384,2323042529,512
71385,2323074698,512
71386,2323106859,512
71387,2323139034,512
71388,2323173915,512
71389,2323206320,512
71390,2323238384,512
71391,2323271045,512
71392,2323305291,512
71393,2323337685,512
71394,2323370885,512
71395,2323402932,512
71396,2323434948,512
71397,2323471548,512
71398,2323505790,512
71399,2323537944,512
71400,2323570213,512
71401,2323602323,512
71402,2323634462,512
71403,2323666511,512
71404,2323698609,512
71405,2323730658,512
71406,2323762709,512
71407,2323797366,512
71408,2323829637,512
71409,2323861791,512
71410,2323893982,512
71411,2323926144,512
71412,2323958150,512
71413,2323990325,512
71414,2324022459,512
71415,2324054475,512
71416,2324087572,512
71417,2324121018,512
71418,2324153346,512
71419,2324185519,512
71420,2324217615,512
71421,2324249771,512
71422,2324281775,512
71423,2324313945,512
71424,2324345953,512
71425,2324378114,512
71426,2324413063,512
71427,2324445414,512
71428,2324477498,512
71429,2324509650,512
71430,2324541812,512
71431,2324574002,512
71432,2324608664,512
71433,2324640839,512
71434,2324673069,512
71435,2324705105,512
71436,2324737189,512
71437,2324769281,512
71438,2324802532,512
71439,2324836503,512
71440,2324868577,512
71441,2324900855,512
71442,2324932877,512
71443,2324964985,512
71444,2324997047,512
71445,2325029135,512
71446,2325061309,512
71447,2325093488,512
71448,2325128238,512
71449,2325160540,512
71450,2325192713,512
71451,2325224721,512
71452,2325256740,512
71453,2325288925,512
71454,2325321109,512
71455,2325353172,512
71456,2325385281,512
71457,2325418610,512
71458,2325451840,512
71459,2325484118,512
71460,2325516340,512
71461,2325548517,512
71462,2325580690,512
71463,2325612808,512
71464,2325644966,512
71465,2325677060,512
71466,2325711660,512
71467,2325744050,512
71468,2325776213,512
71469,2325808268,512
71470,2325840436,512
71471,2325872494,512
71472,2325904589,512
71473,2325936600,512
71474,2325968686,512
71475,2326003628,512
71476,2326036213,512
71477,2326068260,512
71478,2326100293,512
71479,2326133350,512
71480,2326167261,512
71481,2326199336,512
71482,2326231372,512
71483,2326263540,512
71484,2326295626,512
71485,2326327829,512
71486,2326359874,512
71487,2326391963,512
71488,2326424096,512
71489,2326456100,512
71490,2326488260,512
71491,2326522956,512
71492,2326555269,512
71493,2326587311,512
71494,2326619448,512
71495,2326651573,512
71496,2326683573,512
71497,2326715753,512
71498,2326748991,512
71499,2326782832,512
71500,2326815086,512
71501,2326847186,512
71502,2326879233,512
71503,2326911329,512
71504,2326943532,512
71505,2326975572,512
71506,2327007659,512
71507,2327039713,512
71508,2327071744,512
71509,2327103762,512
71510,2327138337,512
71511,2327170461,512
71512,2327202547,512
71513,2327234771,512
71514,2327266888,512
71515,2327298962,512
71516,2327331076,512
71517,2327364374,512
71518,2327398261,512
71519,2327430440,512
71520,2327462694,512
71521,2327494841,512
71522,2327527003,512
71523,2327559091,512
71524,2327591138,512
71525,2327623315,512
71526,2327655350,512
71527,2327689717,512
71528,2327721926,512
71529,2327754308,512
71530,2327786456,512
71531,2327818487,512
71532,2327850652,512
71533,2327882758,512
71534,2327914933,512
71535,2327946986,512
71536,2327979107,512
71537,2328013356,512
71538,2328045988,512
71539,2328079219,512
71540,2328113546,512
71541,2328145636,512
71542,2328177673,512
71543,2328209838,512
71544,2328242094,512
71545,2328274168,512
71546,2328306263,512
71547,2328338283,512
71548,2328370383,512
71549,2328402501,512
71550,2328434515,512
71551,2328469319,512
71552,2328501794,512
71553,2328533826,512
71554,2328565891,512
71555,2328598369,512
71556,2328630387,512
71557,2328662495,512
71558,2328695406,512
71559,2328729070,512
71560,2328761498,512
71561,2328793644,512
71562,2328825769,512
71563,2328857968,512
71564,2328890148,512
71565,2328922262,512
71566,2328956923,512
71567,2328989160,512
71568,2329021340,512
71569,2329053482,512
71570,2329085590,512
71571,2329117721,512
71572,2329149754,512
71573,2329181871,512
71574,2329214035,512
71575,2329248296,512
71576,2329280538,512
71577,2329313229,512
71578,2329345234,512
71579,2329377347,512
71580,2329410661,512
71581,2329444400,512
71582,2329476777,512
71583,2329508827,512
71584,2329540873,512
71585,2329572904,512
71586,2329604965,512
71587,2329637098,512
71588,2329669196,512
71589,2329701237,512
71590,2329733322,512
71591,2329765447,512
71592,2329800054,512
71593,2329832194,512
71594,2329864274,512
71595,2329896608,512
71596,2329928758,512
71597,2329960907,512
71598,2329993092,512
71599,2330026318,512
71600,2330059446,512
71601,2330091941,512
71602,2330123955,512
71603,2330156295,512
71604,2330188449,512
71605,2330220482,512
71606,2330252538,512
71607,2330284552,512
71608,2330316644,512
71609,2330348748,512
71610,2330380934,512
71611,2330412975,512
71612,2330447569,512
71613,2330479681,512
71614,2330512091,512
71615,2330544267,512
71616,2330576378,512
71617,2330608570,512
71618,2330641200,512
71619,2330675355,512
71620,2330707419,512
71621,2330741276,512
71622,2330775400,512
71623,2330807806,512
71624,2330839845,512
71625,2330871957,512
71626,2330904016,512
71627,2330936039,512
71628,2330968112,512
71629,2331000295,512
71630,2331034993,512
71631,2331067050,512
71632,2331099062,512
71633,2331131389,512
71634,2331163649,512
71635,2331195755,512
71636,2331227787,512
71637,2331259979,512
71638,2331292148,512
71639,2331326778,512
71640,2331360537,512
71641,2331394981,512
71642,2331427126,512
71643,2331460329,512
71644,2331494594,512
71645,2331527065,512
71646,2331560613,512
71647,2331594658,512
71648,2331626657,512
71649,2331658828,512
71650,2331691031,512
71651,2331723195,512
71652,2331755271,512
71653,2331787318,512
71654,2331819409,512
71655,2331851550,512
71656,2331886284,512
71657,2331918489,512
71658,2331950541,512
71659,2331982692,512
71660,2332014737,512
71661,2332046977,512
71662,2332079125,512
71663,2332111285,512
71664,2332143407,512
71665,2332176725,512
71666,2332210006,512
71667,2332242460,512
71668,2332274478,512
71669,2332306506,512
71670,2332338553,512
71671,2332370749,512
71672,2332402875,512
71673,2332434897,512
71674,2332466951,512
71675,2332498951,512
71676,2332530975,512
71677,2332563027,512
71678,2332595075,512
71679,2332629308,512
71680,2332661697,512
71681,2332693835,512
71682,2332725857,512
71683,2332757949,512
71684,2332791516,512
71685,2332825619,512
71686,2332857844,512
71687,2332891488,512
71688,2332925539,512
71689,2332957905,512
71690,2332989917,512
71691,2333022004,512
71692,2333054168,512
71693,2333086245,512
71694,2333118256,512
71695,2333150348,512
71696,2333182421,512
71697,2333217094,512
71698,2333249317,512
71699,2333281661,512
71700,2333313706,512
71701,2333345740,512
71702,2333377772,512
71703,2333409945,512
71704,2333442076,512
71705,2333474262,512
71706,2333506890,512
71707,2333540855,512
71708,2333572946,512
71709,2333604971,512
71710,2333637036,512
71711,2333669119,512
71712,2333701253,512
71713,2333733311,512
71714,2333765320,512
71715,2333797378,512
71716,2333829516,512
71717,2333861665,512
71718,2333893859,512
71719,2333925933,512
71720,2333960453,512
71721,2333992567,512
71722,2334024923,512
71723,2334057106,512
71724,2334089188,512
71725,2334122894,512
71726,2334156316,512
71727,2334188429,512
71728,2334220451,512
71729,2334252751,512
71730,2334284843,512
71731,2334316932,512
71732,2334348983,512
71733,2334381103,512
71734,2334413228,512
71735,2334445426,512
71736,2334480079,512
71737,2334512216,512
71738,2334544544,512
71739,2334576628,512
71740,2334608641,512
71741,2334640748,512
71742,2334672842,512
71743,2334704972,512
71744,2334737121,512
71745,2334771790,512
71746,2334803836,512
71747,2334837669,512
71748,2334871759,512
71749,2334903792,512
71750,2334935871,512
71751,2334968109,512
71752,2335000161,512
71753,2335032257,512
71754,2335064281,512
71755,2335096310,512
71756,2335128450,512
71757,2335160600,512
71758,2335192609,512
71759,2335224659,512
71760,2335256674,512
71761,2335291681,512
71762,2335323801,512
71763,2335356005,512
71764,2335388056,512
71765,2335420146,512
71766,2335453717,512
71767,2335487189,512
71768,2335519304,512
71769,2335551399,512
71770,2335583427,512
71771,2335615664,512
71772,2335647798,512
71773,2335679993,512
71774,2335712187,512
71775,2335744324,512
71776,2335778976,512
71777,2335811064,512
71778,2335843338,512
71779,2335875572,512
71780,2335907634,512
71781,2335939643,512
71782,2335971850,512
71783,2336003889,512
71784,2336036025,512
71785,2336068311,512
71786,2336102794,512
71787,2336135139,512
71788,2336168682,512
71789,2336202523,512
71790,2336234577,512
71791,2336266782,512
71792,2336298807,512
71793,2336330832,512
71794,2336362998,512
71795,2336395107,512
71796,2336427152,512
71797,2336459213,512
71798,2336491269,512
71799,2336523457,512
71800,2336555572,512
71801,2336590145,512
71802,2336622304,512
71803,2336654642,512
71804,2336687081,512
71805,2336719237,512
71806,2336751329,512
71807,2336784753,512
71808,2336818160,512
71809,2336850580,512
71810,2336882772,512
71811,2336914898,512
71812,2336947074,512
71813,2336979176,512
71814,2337011221,512
71815,2337045854,512
71816,2337078232,512
71817,2337110433,512
71818,2337142527,512
71819,2337174605,512
71820,2337206799,512
71821,2337238951,512
71822,2337273862,512
71823,2337306152,512
71824,2337338187,512
71825,2337370317,512
71826,2337402362,512
71827,2337434426,512
71828,2337466556,512
71829,2337498604,512
71830,2337530607,512
71831,2337562630,512
71832,2337597466,512
71833,2337629826,512
71834,2337661858,512
71835,2337694049,512
71836,2337726098,512
71837,2337758279,512
71838,2337790325,512
71839,2337822397,512
71840,2337854399,512
71841,2337886522,512
71842,2337921043,512
71843,2337953213,512
71844,2337985444,512
71845,2338017476,512
71846,2338049598,512
71847,2338081672,512
71848,2338114960,512
71849,2338149041,512
71850,2338181388,512
71851,2338213414,512
71852,2338245547,512
71853,2338277666,512
71854,2338309786,512
71855,2338341864,512
71856,2338373877,512
71857,2338405900,512
71858,2338437917,512
71859,2338469926,512
71860,2338504641,512
71861,2338537093,512
71862,2338569284,512
71863,2338601286,512
71864,2338633478,512
71865,2338665662,512
71866,2338697768,512
71867,2338732273,512
71868,2338764411,512
71869,2338796800,512
71870,2338829082,512
71871,2338861095,512
71872,2338893147,512
71873,2338925191,512
71874,2338957238,512
71875,2338989339,512
71876,2339021478,512
71877,2339053501,512
71878,2339088527,512
71879,2339120571,512
71880,2339152689,512
71881,2339184867,512
71882,2339217050,512
71883,2339252050,512
71884,2339284104,512
71885,2339316357,512
71886,2339348511,512
71887,2339380628,512
71888,2339412672,512
71889,2339445417,512
71890,2339479861,512
71891,2339512296,512
71892,2339544383,512
71893,2339576438,512
71894,2339608484,512
71895,2339640540,512
71896,2339672628,512
71897,2339704701,512
71898,2339736881,512
71899,2339771531,512
71900,2339803655,512
71901,2339836042,512
71902,2339868233,512
71903,2339900318,512
71904,2339932331,512
71905,2339964386,512
71906,2339996482,512
71907,2340028670,512
71908,2340061825,512
71909,2340095066,512
71910,2340127271,512
71911,2340159376,512
71912,2340191447,512
71913,2340223517,512
71914,2340255556,512
71915,2340287678,512
71916,2340319698,512
71917,2340351777,512
71918,2340383876,512
71919,2340416093,512
71920,2340448213,512
71921,2340482835,512
71922,2340514980,512
71923,2340547111,512
71924,2340579736,512
71925,2340611788,512
71926,2340643859,512
71927,2340676418,512
71928,2340710770,512
71929,2340743112,512
71930,2340776649,512
71931,2340810681,512
71932,2340843003,512
71933,2340875144,512
71934,2340907238,512
71935,2340939314,512
71936,2340971468,512
71937,2341003589,512
71938,2341035657,512
71939,2341067748,512
71940,2341102458,512
71941,2341134598,512
71942,2341166792,512
71943,2341198889,512
71944,2341230978,512
71945,2341263128,512
71946,2341295236,512
71947,2341327333,512
71948,2341359462,512
71949,2341392778,512
71950,2341426149,512
71951,2341458449,512
71952,2341490551,512
71953,2341522704,512
71954,2341554875,512
71955,2341586922,512
71956,2341618974,512
71957,2341651102,512
71958,2341683175,512
71959,2341717814,512
71960,2341750214,512
71961,2341782287,512
71962,2341814418,512
71963,2341846446,512
71964,2341878503,512
71965,2341910665,512
71966,2341942811,512
71967,2341974813,512
71968,2342007492,512
71969,2342041714,512
71970,2342074000,512
71971,2342107576,512
71972,2342141870,512
71973,2342173887,512
71974,2342205942,512
71975,2342238127,512
71976,2342270155,512
71977,2342302169,512
71978,2342334321,512
71979,2342366517,512
71980,2342398583,512
71981,2342430583,512
71982,2342465610,512
71983,2342497703,512
71984,2342529760,512
71985,2342561779,512
71986,2342593951,512
71987,2342625986,512
71988,2342658164,512
71989,2342690174,512
71990,2342723690,512
71991,2342757119,512
71992,2342789316,512
71993,2342821385,512
71994,2342853455,512
71995,2342885553,512
71996,2342917562,512
71997,2342949726,512
71998,2342981776,512
71999,2343013873,512
72000,2343045889,512
72001,2343077932,512
72002,2343112577,512
72003,2343145002,512
72004,2343177022,512
72005,2343209141,512
72006,2343241196,512
72007,2343273340,512
72008,2343305464,512
72009,2343338795,512
72010,2343372540,512
72011,2343405006,512
72012,2343437039,512
72013,2343469181,512
72014,2343501197,512
72015,2343533284,512
72016,2343565472,512
72017,2343597550,512
72018,2343632133,512
72019,2343664250,512
72020,2343696686,512
72021,2343728848,512
72022,2343760985,512
72023,2343793128,512
72024,2343825294,512
72025,2343857320,512
72026,2343891684,512
72027,2343924029,512
72028,2343956255,512
72029,2343988396,512
72030,2344020568,512
72031,2344053384,512
72032,2344087754,512
72033,2344119790,512
72034,2344151962,512
72035,2344184154,512
72036,2344216187,512
72037,2344248295,512
72038,2344280482,512
72039,2344312498,512
72040,2344344621,512
72041,2344376702,512
72042,2344408798,512
72043,2344440828,512
72044,2344472845,512
72045,2344507562,512
72046,2344539886,512
72047,2344572053,512
72048,2344604222,512
72049,2344636397,512
72050,2344668913,512
72051,2344703384,512
72052,2344735797,512
72053,2344767958,512
72054,2344799985,512
72055,2344832006,512
72056,2344864052,512
72057,2344896080,512
72058,2344928245,512
72059,2344960381,512
72060,2344995063,512
72061,2345027336,512
72062,2345059555,512
72063,2345091606,512
72064,2345123621,512
72065,2345155698,512
72066,2345187914,512
72067,2345220102,512
72068,2345254730,512
72069,2345287256,512
72070,2345319371,512
72071,2345351468,512
72072,2345384725,512
72073,2345418649,512
72074,2345450649,512
72075,2345482815,512
72076,2345514897,512
72077,2345547114,512
72078,2345579256,512
72079,2345611270,512
72080,2345643295,512
72081,2345675349,512
72082,2345707536,512
72083,2345739666,512
72084,2345771733,512
72085,2345806324,512
72086,2345838356,512
72087,2345870766,512
72088,2345902903,512
72089,2345934934,512
72090,2345967009,512
72091,2346000766,512
72092,2346034218,512
72093,2346066520,512
72094,2346098603,512
72095,2346130663,512
72096,2346162843,512
72097,2346194914,512
72098,2346227095,512
72099,2346259260,512
72100,2346293899,512
72101,2346326353,512
72102,2346358435,512
72103,2346390583,512
72104,2346422727,512
72105,2346454839,512
72106,2346486883,512
72107,2346518957,512
72108,2346551023,512
72109,2346583039,512
72110,2346615491,512
72111,2346649907,512
72112,2346681983,512
72113,2346715547,512
72114,2346749644,512
72115,2346781969,512
72116,2346814078,512
72117,2346846212,512
72118,2346878253,512
72119,2346910351,512
72120,2346942447,512
72121,2346974539,512
72122,2347006620,512
72123,2347038633,512
72124,2347073193,512
72125,2347105246,512
72126,2347137649,512
72127,2347169978,512
72128,2347202043,512
72129,2347234150,512
72130,2347266267,512
72131,2347298354,512
72132,2347331077,512
72133,2347365079,512
72134,2347397083,512
72135,2347429086,512
72136,2347461315,512
72137,2347493395,512
72138,2347525488,512
72139,2347557529,512
72140,2347589721,512
72141,2347621721,512
72142,2347653859,512
72143,2347685951,512
72144,2347720602,512
72145,2347752676,512
72146,2347784726,512
72147,2347816956,512
72148,2347849183,512
72149,2347881347,512
72150,2347913478,512
72151,2347946392,512
72152,2347980371,512
72153,2348012519,512
72154,2348044835,512
72155,2348076844,512
72156,2348108859,512
72157,2348140956,512
72158,2348173069,512
72159,2348205213,512
72160,2348237375,512
72161,2348269384,512
72162,2348301483,512
72163,2348336172,512
72164,2348368218,512
72165,2348400625,512
72166,2348432743,512
72167,2348465061,512
72168,2348497132,512
72169,2348529237,512
72170,2348561299,512
72171,2348595596,512
72172,2348627798,512
72173,2348661735,512
72174,2348695799,512
72175,2348727827,512
72176,2348759978,512
72177,2348792183,512
72178,2348824322,512
72179,2348856339,512
72180,2348888399,512
72181,2348920434,512
72182,2348952621,512
72183,2348984683,512
72184,2349016858,512
72185,2349051562,512
72186,2349083647,512
72187,2349115785,512
72188,2349147994,512
72189,2349180169,512
72190,2349212182,512
72191,2349244384,512
72192,2349277913,512
72193,2349311275,512
72194,2349343716,512
72195,2349375770,512
72196,2349407843,512
72197,2349439947,512
72198,2349472054,512
72199,2349504163,512
72200,2349536160,512
72201,2349568287,512
72202,2349600411,512
72203,2349635111,512
72204,2349667578,512
72205,2349699749,512
72206,2349731947,512
72207,2349764023,512
72208,2349796050,512
72209,2349830400,512
72210,2349862837,512
72211,2349895768,512
72212,2349927815,512
72213,2349959838,512
72214,2349992796,512
72215,2350026722,512
72216,2350059161,512
72217,2350091290,512
72218,2350123397,512
72219,2350155549,512
72220,2350187672,512
72221,2350219837,512
72222,2350254451,512
72223,2350286915,512
72224,2350318982,512
72225,2350351005,512
72226,2350383173,512
72227,2350415304,512
72228,2350447311,512
72229,2350479323,512
72230,2350511459,512
72231,2350543572,512
72232,2350578213,512
72233,2350611873,512
72234,2350645854,512
72235,2350678106,512
72236,2350711554,512
72237,2350745684,512
72238,2350778103,512
72239,2350811985,512
72240,2350845991,512
72241,2350878345,512
72242,2350910606,512
72243,2350942690,512
72244,2350974858,512
72245,2351006913,512
72246,2351038959,512
72247,2351071147,512
72248,2351105710,512
72249,2351137842,512
72250,2351170112,512
72251,2351202257,512
72252,2351234355,512
72253,2351266478,512
72254,2351298553,512
72255,2351330679,512
72256,2351362773,512
72257,2351394774,512
72258,2351428477,512
72259,2351461380,512
72260,2351493518,512
72261,2351525543,512
72262,2351557627,512
72263,2351589750,512
72264,2351621895,512
72265,2351654069,512
72266,2351686138,512
72267,2351718153,512
72268,2351750260,512
72269,2351782262,512
72270,2351814380,512
72271,2351846396,512
72272,2351880714,512
72273,2351912990,512
72274,2351945357,512
72275,2351977456,512
72276,2352009591,512
72277,2352043387,512
72278,2352076952,512
72279,2352109347,512
72280,2352142727,512
72281,2352177234,512
72282,2352209282,512
72283,2352241448,512
72284,2352273485,512
72285,2352305597,512
72286,2352337794,512
72287,2352369911,512
72288,2352404865,512
72289,2352436945,512
72290,2352469025,512
72291,2352501393,512
72292,2352533489,512
72293,2352565571,512
72294,2352597599,512
72295,2352629608,512
72296,2352661655,512
72297,2352693748,512
72298,2352728409,512
72299,2352761476,512
72300,2352793481,512
72301,2352825606,512
72302,2352861850,512
72303,2352896251,512
72304,2352928638,512
72305,2352960785,512
72306,2352992790,512
72307,2353024796,512
72308,2353056900,512
72309,2353088930,512
72310,2353121036,512
72311,2353153199,512
72312,2353185270,512
72313,2353217320,512
72314,2353251891,512
72315,2353284091,512
72316,2353316229,512
72317,2353348392,512
72318,2353380585,512
72319,2353412718,512
72320,2353444819,512
72321,2353477382,512
72322,2353511952,512
72323,2353544014,512
72324,2353578086,512
72325,2353611635,512
72326,2353643991,512
72327,2353676086,512
72328,2353708108,512
72329,2353740167,512
72330,2353772352,512
72331,2353804353,512
72332,2353836470,512
72333,2353868658,512
72334,2353900733,512
72335,2353935351,512
72336,2353967347,512
72337,2353999372,512
72338,2354031383,512
72339,2354063595,512
72340,2354095864,512
72341,2354127891,512
72342,2354159982,512
72343,2354193253,512
72344,2354227054,512
72345,2354259099,512
72346,2354293018,512
72347,2354327018,512
72348,2354359107,512
72349,2354391115,512
72350,2354423276,512
72351,2354455475,512
72352,2354487506,512
72353,2354519662,512
72354,2354551657,512
72355,2354583795,512
72356,2354615883,512
72357,2354648030,512
72358,2354682602,512
72359,2354714697,512
72360,2354746855,512
72361,2354778987,512
72362,2354811155,512
72363,2354843155,512
72364,2354875337,512
72365,2354908544,512
72366,2354942425,512
72367,2354974861,512
72368,2355007032,512
72369,2355039038,512
72370,2355071076,512
72371,2355103085,512
72372,2355135268,512
72373,2355167427,512
72374,2355199600,512
72375,2355234182,512
72376,2355266537,512
72377,2355298700,512
72378,2355330899,512
72379,2355362972,512
72380,2355395126,512
72381,2355427294,512
72382,2355461540,512
72383,2355494009,512
72384,2355527189,512
72385,2355561595,512
72386,2355594121,512
72387,2355626855,512
72388,2355658909,512
72389,2355690967,512
72390,2355723004,512
72391,2355755007,512
72392,2355787072,512
72393,2355821619,512
72394,2355853734,512
72395,2355885967,512
72396,2355918133,512
72397,2355950160,512
72398,2355982222,512
72399,2356014219,512
72400,2356046371,512
72401,2356078461,512
72402,2356110642,512
72403,2356142728,512
72404,2356174762,512
72405,2356209256,512
72406,2356242672,512
72407,2356276975,512
72408,2356309222,512
72409,2356343471,512
72410,2356376879,512
72411,2356409363,512
72412,2356441680,512
72413,2356473682,512
72414,2356505880,512
72415,2356538002,512
72416,2356570034,512
72417,2356602035,512
72418,2356634113,512
72419,2356666260,512
72420,2356700889,512
72421,2356732970,512
72422,2356765237,512
72423,2356797235,512
72424,2356829295,512
72425,2356861742,512
72426,2356893884,512
72427,2356925897,512
72428,2356958293,512
72429,2356992326,512
72430,2357024754,512
72431,2357059153,512
72432,2357092562,512
72433,2357124602,512
72434,2357156648,512
72435,2357189000,512
72436,2357221142,512
72437,2357253310,512
72438,2357285348,512
72439,2357317532,512
72440,2357349642,512
72441,2357384316,512
72442,2357416708,512
72443,2357448892,512
72444,2357481071,512
72445,2357513139,512
72446,2357545289,512
72447,2357577371,512
72448,2357609475,512
72449,2357641500,512
72450,2357674627,512
72451,2357708148,512
72452,2357740494,512
72453,2357772606,512
72454,2357804675,512
72455,2357836755,512
72456,2357868898,512
72457,2357901032,512
72458,2357933140,512
72459,2357965147,512
72460,2357999793,512
72461,2358031868,512
72462,2358064282,512
72463,2358096356,512
72464,2358128473,512
72465,2358160637,512
72466,2358192827,512
72467,2358224999,512
72468,2358259527,512
72469,2358291987,512
72470,2358324133,512
72471,2358356282,512
72472,2358389534,512
72473,2358423539,512
72474,2358455964,512
72475,2358488031,512
72476,2358520217,512
72477,2358552324,512
72478,2358584489,512
72479,2358616562,512
72480,2358648578,512
72481,2358683293,512
72482,2358715681,512
72483,2358747722,512
72484,2358779754,512
72485,2358811795,512
72486,2358843887,512
72487,2358876094,512
72488,2358908116,512
72489,2358940125,512
72490,2358972314,512
72491,2359005609,512
72492,2359038935,512
72493,2359071333,512
72494,2359103520,512
72495,2359135569,512
72496,2359167683,512
72497,2359199715,512
72498,2359231867,512
72499,2359264067,512
72500,2359298667,512
72501,2359330762,512
72502,2359363218,512
72503,2359395212,512
72504,2359427524,512
72505,2359459640,512
72506,2359491738,512
72507,2359523772,512
72508,2359555775,512
72509,2359590433,512
72510,2359623391,512
72511,2359655460,512
72512,2359687491,512
72513,2359720288,512
72514,2359754282,512
72515,2359786295,512
72516,2359818415,512
72517,2359850673,512
72518,2359882759,512
72519,2359914949,512
72520,2359947084,512
72521,2359979165,512
72522,2360011255,512
72523,2360043287,512
72524,2360075414,512
72525,2360110115,512
72526,2360142216,512
72527,2360174368,512
72528,2360206494,512
72529,2360238598,512
72530,2360270642,512
72531,2360302748,512
72532,2360336643,512
72533,2360369689,512
72534,2360401791,512
72535,2360433839,512
72536,2360465857,512
72537,2360497918,512
72538,2360530273,512
72539,2360562456,512
72540,2360594557,512
72541,2360626596,512
72542,2360658657,512
72543,2360690750,512
72544,2360722795,512
72545,2360757427,512
72546,2360789535,512
72547,2360821805,512
72548,2360854141,512
72549,2360886213,512
72550,2360918379,512
72551,2360951338,512
72552,2360985249,512
72553,2361017632,512
72554,2361051219,512
72555,2361085269,512
72556,2361117723,512
72557,2361149731,512
72558,2361181848,512
72559,2361214041,512
72560,2361246235,512
72561,2361278301,512
72562,2361310322,512
72563,2361345005,512
72564,2361377398,512
72565,2361409520,512
72566,2361441583,512
72567,2361473747,512
72568,2361505834,512
72569,2361537942,512
72570,2361570040,512
72571,2361604906,512
72572,2361637186,512
72573,2361669965,512
72574,2361704689,512
72575,2361736721,512
72576,2361770690,512
72577,2361804631,512
72578,2361836983,512
72579,2361870661,512
72580,2361904474,512
72581,2361936486,512
72582,2361968583,512
72583,2362000911,512
72584,2362033104,512
72585,2362065154,512
72586,2362097371,512
72587,2362129365,512
72588,2362161487,512
72589,2362193495,512
72590,2362228084,512
72591,2362260180,512
72592,2362292641,512
72593,2362324638,512
72594,2362356792,512
72595,2362388927,512
72596,2362421027,512
72597,2362453190,512
72598,2362485796,512
72599,2362519972,512
72600,2362552401,512
72601,2362584421,512
72602,2362616619,512
72603,2362648788,512
72604,2362680911,512
72605,2362713018,512
72606,2362745081,512
72607,2362779706,512
72608,2362812184,512
72609,2362844393,512
72610,2362876573,512
72611,2362908584,512
72612,2362940610,512
72613,2362972633,512
72614,2363004761,512
72615,2363036793,512
72616,2363068834,512
72617,2363101725,512
72618,2363135435,512
72619,2363167838,512
72620,2363199912,512
72621,2363232079,512
72622,2363264273,512
72623,2363296349,512
72624,2363328484,512
72625,2363363164,512
72626,2363395214,512
72627,2363428106,512
72628,2363460199,512
72629,2363492293,512
72630,2363524315,512
72631,2363559018,512
72632,2363591091,512
72633,2363623116,512
72634,2363655190,512
72635,2363687317,512
72636,2363719336,512
72637,2363751399,512
72638,2363783491,512
72639,2363816750,512
72640,2363850734,512
72641,2363882857,512
72642,2363915198,512
72643,2363947400,512
72644,2363979409,512
72645,2364011535,512
72646,2364043732,512
72647,2364075822,512
72648,2364107858,512
72649,2364142475,512
72650,2364174940,512
72651,2364207138,512
72652,2364239297,512
72653,2364271388,512
72654,2364303422,512
72655,2364335617,512
72656,2364367661,512
72657,2364399665,512
72658,2364432856,512
72659,2364466480,512
72660,2364498699,512
72661,2364530879,512
72662,2364562884,512
72663,2364594896,512
72664,2364626904,512
72665,2364659077,512
72666,2364691079,512
72667,2364723217,512
72668,2364755276,512
72669,2364789546,512
72670,2364821936,512
72671,2364854381,512
72672,2364886384,512
72673,2364918639,512
72674,2364951012,512
72675,2364983194,512
72676,2365017845,512
72677,2365050404,512
72678,2365082498,512
72679,2365114599,512
72680,2365147596,512
72681,2365181662,512
72682,2365213940,512
72683,2365246192,512
72684,2365278326,512
72685,2365310385,512
72686,2365342460,512
72687,2365374470,512
72688,2365406472,512
72689,2365438584,512
72690,2365473365,512
72691,2365505629,512
72692,2365537796,512
72693,2365569967,512
72695,2365634299,512
72696,2365666497,512
72697,2365701182,512
72698,2365733673,512
72699,2365766915,512
72700,2365801149,512
72701,2365833441,512
72702,2365866567,512
72703,2365901006,512
72704,2365933474,512
72705,2365966945,512
72706,2366000956,512
72707,2366033053,512
72708,2366065421,512
72709,2366097442,512
72710,2366129513,512
72711,2366161633,512
72712,2366193656,512
72713,2366225751,512
72714,2366257790,512
72715,2366289961,512
72716,2366324549,512
72717,2366356673,512
72718,2366388913,512
72719,2366421076,512
72720,2366453106,512
72721,2366485167,512
72722,2366517291,512
72723,2366549352,512
72724,2366582986,512
72725,2366616461,512
72726,2366648836,512
72727,2366680967,512
72728,2366713001,512
72729,2366745110,512
72730,2366777294,512
72731,2366809460,512
72732,2366844125,512
72733,2366876276,512
72734,2366908600,512
72735,2366940744,512
72736,2366972782,512
72737,2367004926,512
72738,2367037125,512
72739,2367069179,512
72740,2367101300,512
72741,2367136135,512
72742,2367168269,512
72743,2367200943,512
72744,2367233085,512
72745,2367265176,512
72746,2367297986,512
72747,2367331827,512
72748,2367363852,512
72749,2367395951,512
72750,2367428074,512
72751,2367460331,512
72752,2367492532,512
72753,2367524597,512
72754,2367556763,512
72755,2367588859,512
72756,2367620881,512
72757,2367655304,512
72758,2367687636,512
72759,2367719932,512
72760,2367751964,512
72761,2367784101,512
72762,2367816217,512
72763,2367848399,512
72764,2367880447,512
72765,2367913487,512
72766,2367947393,512
72767,2367979808,512
72768,2368011975,512
72769,2368044033,512
72770,2368076053,512
72771,2368108217,512
72772,2368140284,512
72773,2368172397,512
72774,2368207033,512
72775,2368239128,512
72776,2368271245,512
72777,2368303490,512
72778,2368335620,512
72779,2368367754,512
72780,2368399883,512
72781,2368431942,512
72782,2368463957,512
72783,2368495985,512
72784,2368528967,512
72785,2368562781,512
72786,2368595054,512
72787,2368627176,512
72788,2368659260,512
72789,2368691437,512
72790,2368723488,512
72791,2368755571,512
72792,2368787666,512
72793,2368819736,512
72794,2368851786,512
72795,2368886485,512
72796,2368918506,512
72797,2368950635,512
72798,2368982832,512
72799,2369014987,512
72800,2369047188,512
72801,2369079286,512
72802,2369111311,512
72803,2369143433,512
72804,2369175448,512
72805,2369210176,512
72806,2369244190,512
72807,2369278106,512
72808,2369311989,512
72809,2369349123,512
72810,2369381984,512
72811,2369414063,512
72812,2369446504,512
72813,2369478505,512
72814,2369510513,512
72815,2369542595,512
72816,2369574758,512
72817,2369606865,512
72818,2369638970,512
72819,2369671097,512
72820,2369705480,512
72821,2369737790,512
72822,2369770140,512
72823,2369802180,512
72824,2369834371,512
72825,2369866734,512
72826,2369898790,512
72827,2369930823,512
72828,2369963149,512
72829,2369997136,512
72830,2370029411,512
72831,2370063336,512
72832,2370097333,512
72833,2370129480,512
72834,2370161494,512
72835,2370193627,512
72836,2370225637,512
72837,2370257678,512
72838,2370289791,512
72839,2370321791,512
72840,2370353890,512
72841,2370385958,512
72842,2370417979,512
72843,2370450036,512
72844,2370482144,512
72845,2370514345,512
72846,2370546374,512
72847,2370578812,512
72848,2370612548,512
72849,2370645006,512
72850,2370679313,512
72851,2370712977,512
72852,2370745422,512
72853,2370777556,512
72854,2370809733,512
72855,2370841926,512
72856,2370876939,512
72857,2370909112,512
72858,2370941173,512
72859,2370973365,512
72860,2371005408,512
72861,2371037461,512
72862,2371069634,512
72863,2371101752,512
72864,2371133758,512
72865,2371165837,512
72866,2371200498,512
72867,2371232657,512
72868,2371264883,512
72869,2371297162,512
72870,2371329199,512
72871,2371361260,512
72872,2371393662,512
72873,2371428320,512
72874,2371460650,512
72875,2371492745,512
72876,2371524764,512
72877,2371556927,512
72878,2371589016,512
72879,2371621108,512
72880,2371653157,512
72881,2371685248,512
72882,2371717329,512
72883,2371751996,512
72884,2371783991,512
72885,2371815998,512
72886,2371848161,512
72887,2371880334,512
72888,2371912367,512
72889,2371944372,512
72890,2371976535,512
72891,2372010421,512
72892,2372043794,512
72893,2372076155,512
72894,2372108326,512
72895,2372140321,512
72896,2372172398,512
72897,2372204572,512
72898,2372236632,512
72899,2372268775,512
72900,2372300787,512
72901,2372332822,512
72902,2372367409,512
72903,2372399784,512
72904,2372431874,512
72905,2372463948,512
72906,2372496130,512
72907,2372528768,512
72908,2372563257,512
72909,2372595422,512
72910,2372628132,512
72911,2372660140,512
72912,2372692243,512
72913,2372725276,512
72914,2372758999,512
72915,2372791071,512
72916,2372823188,512
72917,2372855471,512
72918,2372887477,512
72919,2372919510,512
72920,2372951557,512
72921,2372983621,512
72922,2373015637,512
72923,2373047759,512
72924,2373079837,512
72925,2373111979,512
72926,2373144139,512
72927,2373178796,512
72928,2373211139,512
72929,2373243322,512
72930,2373275414,512
72931,2373307447,512
72932,2373341333,512
72933,2373374681,512
72934,2373407155,512
72935,2373439196,512
72936,2373471274,512
72937,2373503424,512
72938,2373535547,512
72939,2373567620,512
72940,2373599729,512
72941,2373634267,512
72942,2373666634,512
72943,2373698797,512
72944,2373730804,512
72945,2373762975,512
72946,2373795053,512
72947,2373827142,512
72948,2373859313,512
72949,2373891500,512
72950,2373926108,512
72951,2373959103,512
72952,2373991248,512
72953,2374026014,512
72954,2374059757,512
72955,2374093685,512
72956,2374125903,512
72957,2374160701,512
72958,2374193968,512
72959,2374226354,512
72960,2374258443,512
72961,2374290592,512
72962,2374322690,512
72963,2374354744,512
72964,2374386800,512
72965,2374418969,512
72966,2374450995,512
72967,2374485578,512
72968,2374517615,512
72969,2374550043,512
72970,2374582187,512
72971,2374614263,512
72972,2374646460,512
72973,2374678574,512
72974,2374710614,512
72975,2374742665,512
72976,2374775220,512
72977,2374809355,512
72978,2374841377,512
72979,2374875220,512
72980,2374909283,512
72981,2374941727,512
72982,2374973922,512
72983,2375006034,512
72984,2375038122,512
72985,2375070260,512
72986,2375102314,512
72987,2375134324,512
72988,2375168961,512
72989,2375201025,512
72990,2375233146,512
72991,2375265387,512
72992,2375297458,512
72993,2375329599,512
72994,2375361641,512
72995,2375393721,512
72996,2375425841,512
72997,2375457981,512
72998,2375490767,512
72999,2375524881,512
73000,2375557092,512
73001,2375589288,512
73002,2375621447,512
73003,2375653546,512
73004,2375685664,512
73005,2375717839,512
73006,2375752474,512
73007,2375784540,512
73008,2375816944,512
73009,2375849019,512
73010,2375881221,512
73011,2375913255,512
73012,2375945429,512
73013,2375977604,512
73014,2376009681,512
73015,2376044410,512
73016,2376076781,512
73017,2376109361,512
73018,2376141469,512
73019,2376173470,512
73020,2376205487,512
73021,2376240172,512
73022,2376272465,512
73023,2376304839,512
73024,2376336880,512
73025,2376369008,512
73026,2376401001,512
73027,2376433127,512
73028,2376465245,512
73029,2376500336,512
73030,2376532417,512
73031,2376564465,512
73032,2376596487,512
73033,2376628563,512
73034,2376660696,512
73035,2376692828,512
73036,2376724978,512
73037,2376759571,512
73038,2376791610,512
73039,2376825344,512
73040,2376859371,512
73041,2376891458,512
73042,2376925485,512
73043,2376959549,512
73044,2376992033,512
73045,2377024242,512
73046,2377056399,512
73047,2377088501,512
73048,2377120545,512
73049,2377155402,512
73050,2377187685,512
73051,2377219723,512
73052,2377251878,512
73053,2377283925,512
73054,2377316073,512
73055,2377348243,512
73056,2377380248,512
73057,2377412313,512
73058,2377444437,512
73059,2377478861,512
73060,2377511026,512
73061,2377543408,512
73062,2377575432,512
73063,2377607500,512
73064,2377640949,512
73065,2377674947,512
73066,2377707266,512
73067,2377739466,512
73068,2377771651,512
73069,2377803658,512
73070,2377835702,512
73071,2377867831,512
73072,2377899874,512
73073,2377932042,512
73074,2377966550,512
73075,2377998557,512
73076,2378030581,512
73077,2378062677,512
73078,2378094772,512
73079,2378126988,512
73080,2378159103,512
73081,2378191230,512
73082,2378223373,512
73083,2378256525,512
73084,2378290281,512
73085,2378322677,512
73086,2378354778,512
73087,2378386865,512
73088,2378419038,512
73089,2378451212,512
73090,2378483230,512
73091,2378515387,512
73092,2378547414,512
73093,2378579467,512
73094,2378613968,512
73095,2378646035,512
73096,2378678091,512
73097,2378710133,512
73098,2378742385,512
73099,2378774423,512
73100,2378806562,512
73101,2378838598,512
73102,2378870786,512
73103,2378902875,512
73104,2378934965,512
73105,2378967086,512
73106,2378999107,512
73107,2379033771,512
73108,2379066176,512
73109,2379098353,512
73110,2379130520,512
73111,2379162717,512
73112,2379194843,512
73113,2379229227,512
73114,2379261619,512
73115,2379294015,512
73116,2379326083,512
73117,2379358142,512
73118,2379390337,512
73119,2379422536,512
73120,2379454578,512
73121,2379486979,512
73122,2379521079,512
73123,2379553327,512
73124,2379587826,512
73125,2379621361,512
73126,2379653695,512
73127,2379685864,512
73128,2379717917,512
73129,2379750011,512
73130,2379782033,512
73131,2379814198,512
73132,2379846239,512
73133,2379878280,512
73134,2379912694,512
73135,2379945218,512
73136,2379977426,512
73137,2380009518,512
73138,2380041690,512
73139,2380073744,512
73140,2380105945,512
73141,2380137956,512
73142,2380172666,512
73143,2380205660,512
73144,2380237711,512
73145,2380269749,512
73146,2380302767,512
73147,2380336738,512
73148,2380368944,512
73149,2380401213,512
73150,2380433399,512
73151,2380465575,512
73152,2380497611,512
73153,2380529622,512
73154,2380564304,512
73155,2380596369,512
73156,2380628429,512
73157,2380660775,512
73158,2380692839,512
73159,2380724842,512
73160,2380756952,512
73161,2380789023,512
73162,2380821181,512
73163,2380853258,512
73164,2380885279,512
73165,2380918249,512
73166,2380952030,512
73167,2380984430,512
73168,2381016529,512
73169,2381048707,512
73170,2381080741,512
73171,2381112843,512
73172,2381144922,512
73173,2381176987,512
73174,2381208995,512
73175,2381241187,512
73176,2381275951,512
73177,2381308293,512
73178,2381340385,512
73179,2381372462,512
73180,2381404584,512
73181,2381436669,512
73182,2381468765,512
73183,2381500881,512
73184,2381533521,512
73185,2381567584,512
73186,2381600013,512
73187,2381632214,512
73188,2381664374,512
73189,2381696491,512
73190,2381728609,512
73191,2381760623,512
73192,2381795275,512
73193,2381827287,512
73194,2381859694,512
73195,2381891708,512
73196,2381923726,512
73197,2381955730,512
73198,2381987825,512
73199,2382019972,512
73200,2382052019,512
73201,2382084095,512
73202,2382116281,512
73203,2382148386,512
73204,2382182776,512
73205,2382215035,512
73206,2382249063,512
73207,2382282915,512
73208,2382314988,512
73209,2382347000,512
73210,2382379250,512
73211,2382411376,512
73212,2382443532,512
73213,2382475599,512
73214,2382507764,512
73215,2382539839,512
73216,2382572007,512
73217,2382606331,512
73218,2382638668,512
73219,2382671012,512
73220,2382703058,512
73221,2382735214,512
73222,2382767595,512
73223,2382799775,512
73224,2382834413,512
73225,2382867734,512
73226,2382902024,512
73227,2382934417,512
73228,2382967218,512
73229,2382999378,512
73230,2383031399,512
73231,2383063547,512
73232,2383098153,512
73233,2383130165,512
73234,2383162611,512
73235,2383194635,512
73236,2383226800,512
73237,2383258816,512
73238,2383290988,512
73239,2383323044,512
73240,2383355165,512
73241,2383387321,512
73242,2383421907,512
73243,2383454374,512
73244,2383486487,512
73245,2383518502,512
73246,2383550694,512
73247,2383583527,512
73248,2383617548,512
73249,2383649895,512
73250,2383683885,512
73251,2383717638,512
73252,2383749654,512
73253,2383781717,512
73254,2383814041,512
73255,2383846157,512
73256,2383878256,512
73257,2383910362,512
73258,2383942461,512
73259,2383974573,512
73260,2384006641,512
73261,2384038748,512
73262,2384073318,512
73263,2384105388,512
73264,2384137660,512
73265,2384169696,512
73266,2384201822,512
73267,2384233836,512
73268,2384265972,512
73269,2384298495,512
73270,2384333328,512
73271,2384365687,512
73272,2384398920,512
73273,2384433108,512
73274,2384465504,512
73275,2384497746,512
73276,2384529805,512
73277,2384561892,512
73278,2384593951,512
73279,2384626113,512
73280,2384658127,512
73281,2384690191,512
73282,2384724729,512
73283,2384756855,512
73284,2384789114,512
73285,2384821478,512
73286,2384853547,512
73287,2384885632,512
73288,2384917693,512
73289,2384949798,512
73290,2384981839,512
73291,2385014939,512
73292,2385048433,512
73293,2385080619,512
73294,2385112639,512
73295,2385144842,512
73296,2385176943,512
73297,2385209035,512
73298,2385241243,512
73299,2385273356,512
73300,2385305460,512
73301,2385337503,512
73302,2385369496,512
73303,2385401557,512
73304,2385436194,512
73305,2385468364,512
73306,2385500458,512
73307,2385532664,512
73308,2385564683,512
73309,2385596700,512
73310,2385629649,512
73311,2385663790,512
73312,2385695879,512
73313,2385729980,512
73314,2385764026,512
73315,2385796332,512
73316,2385828390,512
73317,2385860507,512
73318,2385892650,512
73319,2385924704,512
73320,2385956743,512
73321,2385988897,512
73322,2386020897,512
73323,2386055627,512
73324,2386088050,512
73325,2386120083,512
73326,2386152237,512
73327,2386184300,512
73328,2386216310,512
73329,2386248492,512
73330,2386280621,512
73331,2386312674,512
73332,2386346238,512
73333,2386379355,512
73334,2386411395,512
73335,2386443768,512
73336,2386475779,512
73337,2386507942,512
73338,2386540005,512
73339,2386572090,512
73340,2386604243,512
73341,2386636248,512
73342,2386668405,512
73343,2386700408,512
73344,2386732417,512
73345,2386767069,512
73346,2386799081,512
73347,2386831567,512
73348,2386863706,512
73349,2386895884,512
73350,2386928103,512
73351,2386960806,512
73352,2386994984,512
73353,2387027355,512
73354,2387060811,512
73355,2387094786,512
73356,2387127131,512
73357,2387159431,512
73358,2387191465,512
73359,2387223659,512
73360,2387255721,512
73361,2387287754,512
73362,2387319788,512
73363,2387351925,512
73364,2387386570,512
73365,2387418659,512
73366,2387451152,512
73367,2387483260,512
73368,2387515426,512
73369,2387547516,512
73370,2387579658,512
73371,2387611658,512
73372,2387646241,512
73373,2387679471,512
73374,2387711522,512
73375,2387743547,512
73376,2387779849,512
73377,2387814095,512
73378,2387846158,512
73379,2387880030,512
73380,2387914179,512
73381,2387946501,512
73382,2387978524,512
73383,2388010627,512
73384,2388042713,512
73385,2388074861,512
73386,2388106889,512
73387,2388138957,512
73388,2388171133,512
73389,2388205766,512
73390,2388237795,512
73391,2388269819,512
73392,2388301886,512
73393,2388334247,512
73394,2388366323,512
73395,2388398335,512
73396,2388430519,512
73397,2388462548,512
73398,2388495776,512
73399,2388529451,512
73400,2388561452,512
73401,2388593657,512
73402,2388625899,512
73403,2388658029,512
73404,2388690169,512
73405,2388722215,512
73406,2388754231,512
73407,2388786264,512
73408,2388818407,512
73409,2388850574,512
73410,2388885151,512
73411,2388917521,512
73412,2388949665,512
73413,2388981808,512
73414,2389013984,512
73415,2389046024,512
73416,2389078147,512
73417,2389111064,512
73418,2389144780,512
73419,2389176887,512
73420,2389210816,512
73421,2389244866,512
73422,2389276898,512
73423,2389309171,512
73424,2389341448,512
73425,2389373631,512
73426,2389405777,512
73427,2389437897,512
73428,2389469932,512
73429,2389501997,512
73430,2389534007,512
73431,2389569014,512
73432,2389601092,512
73433,2389633179,512
73434,2389665238,512
73435,2389697389,512
73436,2389729475,512
73437,2389761659,512
73438,2389793710,512
73439,2389829400,512
73440,2389861435,512
73441,2389893538,512
73442,2389925619,512
73443,2389957684,512
73444,2389992301,512
73445,2390024811,512
73446,2390056860,512
73448,2390121092,512
73449,2390153266,512
73450,2390185337,512
73451,2390217460,512
73452,2390251997,512
73453,2390284364,512
73454,2390316513,512
73455,2390348624,512
73456,2390380719,512
73457,2390412768,512
73458,2390445195,512
73459,2390479794,512
73460,2390511947,512
73461,2390545614,512
73462,2390579871,512
73463,2390612272,512
73464,2390645617,512
73465,2390679660,512
73466,2390712131,512
73467,2390744221,512
73468,2390776269,512
73469,2390808328,512
73470,2390840481,512
73471,2390872630,512
73472,2390904822,512
73473,2390936844,512
73474,2390971349,512
73475,2391003349,512
73476,2391035450,512
73477,2391067811,512
73478,2391099883,512
73479,2391131900,512
73480,2391164288,512
73481,2391196380,512
73482,2391228461,512
73483,2391261439,512
73484,2391295211,512
73485,2391327518,512
73486,2391359638,512
73487,2391391808,512
73488,2391423871,512
73489,2391455892,512
73490,2391488007,512
73491,2391520117,512
73492,2391552310,512
73493,2391587317,512
73494,2391619396,512
73495,2391651609,512
73496,2391683696,512
73497,2391715758,512
73498,2391747841,512
73499,2391779962,512
73500,2391812025,512
73501,2391846922,512
73502,2391879255,512
73503,2391911322,512
73504,2391943350,512
73505,2391976358,512
73506,2392010550,512
73507,2392042938,512
73508,2392075115,512
73509,2392107260,512
73510,2392139310,512
73511,2392171431,512
73512,2392203470,512
73513,2392235582,512
73514,2392267696,512
73515,2392302299,512
73516,2392334305,512
73517,2392366788,512
73518,2392398844,512
73519,2392430859,512
73520,2392462999,512
73521,2392495170,512
73522,2392527240,512
73523,2392559315,512
73524,2392592354,512
73525,2392626021,512
73526,2392658168,512
73527,2392690520,512
73528,2392722626,512
73529,2392754684,512
73530,2392786775,512
73531,2392818932,512
73532,2392851135,512
73533,2392883177,512
73534,2392917804,512
73535,2392950274,512
73536,2392982301,512
73537,2393014477,512
73538,2393046671,512
73539,2393078691,512
73540,2393110899,512
73541,2393145576,512
73542,2393177623,512
73543,2393209991,512
73544,2393242178,512
73545,2393274381,512
73546,2393307412,512
73547,2393341506,512
73548,2393373914,512
73549,2393405959,512
73550,2393438135,512
73551,2393470172,512
73552,2393502265,512
73553,2393534381,512
73554,2393566498,512
73555,2393601129,512
73556,2393633213,512
73557,2393665288,512
73558,2393697467,512
73559,2393729517,512
73560,2393761584,512
73561,2393793713,512
73562,2393825822,512
73563,2393857842,512
73564,2393889868,512
73565,2393923101,512
73566,2393956964,512
73567,2393989061,512
73568,2394021297,512
73569,2394053339,512
73570,2394085397,512
73571,2394117518,512
73572,2394149711,512
73573,2394181712,512
73574,2394213754,512
73575,2394245950,512
73576,2394280714,512
73577,2394312918,512
73578,2394345047,512
73579,2394377141,512
73580,2394409199,512
73581,2394441360,512
73582,2394473552,512
73583,2394505744,512
73584,2394538356,512
73585,2394572498,512
73586,2394604861,512
73587,2394638318,512
73588,2394672453,512
73589,2394704517,512
73590,2394736802,512
73591,2394768879,512
73592,2394801069,512
73593,2394833240,512
73594,2394865400,512
73595,2394900215,512
73596,2394932476,512
73597,2394964538,512
73598,2394996547,512
73599,2395028622,512
73600,2395060630,512
73601,2395092642,512
73602,2395124670,512
73603,2395156810,512
73604,2395188897,512
73605,2395220948,512
73606,2395253909,512
73607,2395287850,512
73608,2395320191,512
73609,2395352263,512
73610,2395384405,512
73611,2395416420,512
73612,2395448481,512
73613,2395480610,512
73614,2395512739,512
73615,2395547406,512
73616,2395579470,512
73617,2395611764,512
73618,2395643841,512
73619,2395676029,512
73620,2395708230,512
73621,2395740397,512
73622,2395772525,512
73623,2395804573,512
73624,2395839380,512
73625,2395872593,512
73626,2395907389,512
73627,2395939533,512
73628,2395972117,512
73629,2396004229,512
73630,2396036294,512
73631,2396073040,512
73632,2396106992,512
73633,2396139107,512
73634,2396171183,512
73635,2396203399,512
73636,2396235528,512
73637,2396267542,512
73638,2396299596,512
73639,2396331768,512
73640,2396363842,512
73641,2396395980,512
73642,2396430737,512
73643,2396462773,512
73644,2396495111,512
73645,2396527155,512
73646,2396559298,512
73647,2396591380,512
73648,2396623480,512
73649,2396655560,512
73650,2396688850,512
73651,2396722486,512
73652,2396754943,512
73653,2396787054,512
73654,2396819245,512
73655,2396851249,512
73656,2396883457,512
73657,2396915550,512
73658,2396947572,512
73659,2396979622,512
73660,2397014233,512
73661,2397046511,512
73662,2397078685,512
73663,2397110872,512
73664,2397142911,512
73665,2397175103,512
73666,2397207190,512
73667,2397239240,512
73668,2397271276,512
73669,2397306144,512
73670,2397338334,512
73671,2397370392,512
73672,2397403745,512
73673,2397437902,512
73674,2397470385,512
73675,2397502395,512
73676,2397534532,512
73677,2397566657,512
73678,2397598687,512
73679,2397630690,512
73680,2397662731,512
73681,2397694733,512
73682,2397726881,512
73683,2397758897,512
73684,2397793486,512
73685,2397825606,512
73686,2397857747,512
73687,2397890017,512
73688,2397922429,512
73689,2397954554,512
73690,2397986656,512
73691,2398019789,512
73692,2398052977,512
73693,2398085218,512
73694,2398117426,512
73695,2398149620,512
73696,2398181719,512
73697,2398213825,512
73698,2398246018,512
73699,2398278180,512
73700,2398310195,512
73701,2398342284,512
73702,2398374399,512
73703,2398409158,512
73704,2398441419,512
73705,2398473461,512
73706,2398505552,512
73707,2398537929,512
73708,2398569935,512
73709,2398602072,512
73710,2398634217,512
73711,2398668854,512
73712,2398701199,512
73713,2398734768,512
73714,2398768671,512
73715,2398800806,512
73716,2398832922,512
73717,2398865163,512
73718,2398897425,512
73719,2398929485,512
73720,2398961551,512
73721,2398993590,512
73722,2399025659,512
73723,2399057709,512
73724,2399089775,512
73725,2399124488,512
73726,2399156869,512
73727,2399188902,512
73728,2399220966,512
73729,2399253379,512
73730,2399285385,512
73731,2399317547,512
73732,2399350830,512
73733,2399384174,512
73734,2399416257,512
73735,2399448544,512
73736,2399480555,512
73737,2399512637,512
73738,2399544782,512
73739,2399576967,512
73740,2399609032,512
73741,2399641074,512
73742,2399673158,512
73743,2399705165,512
73744,2399740383,512
73745,2399772431,512
73746,2399804547,512
73747,2399836751,512
73748,2399868902,512
73749,2399900996,512
73750,2399933025,512
73751,2399965459,512
73752,2399999873,512
73753,2400032078,512
73754,2400065802,512
73755,2400099511,512
73756,2400131540,512
73757,2400163591,512
73758,2400196052,512
73759,2400228091,512
73760,2400260120,512
73761,2400292191,512
73762,2400324238,512
73763,2400356413,512
73764,2400388512,512
73765,2400420538,512
73766,2400455241,512
73767,2400487273,512
73768,2400519436,512
73769,2400551621,512
73770,2400583730,512
73771,2400615809,512
73772,2400647879,512
73773,2400681043,512
73774,2400715111,512
73775,2400747123,512
73776,2400779502,512
73777,2400811636,512
73778,2400843661,512
73779,2400875743,512
73780,2400907803,512
73781,2400939840,512
73782,2400972011,512
73783,2401004112,512
73784,2401038988,512
73785,2401071272,512
73786,2401103338,512
73787,2401135473,512
73788,2401167563,512
73789,2401199714,512
73790,2401231747,512
73791,2401263877,512
73792,2401296676,512
73793,2401330435,512
73794,2401362864,512
73795,2401396512,512
73796,2401430380,512
73797,2401462456,512
73798,2401494660,512
73799,2401526732,512
73800,2401558753,512
73801,2401590884,512
73802,2401622952,512
73803,2401655085,512
73804,2401687218,512
73805,2401719216,512
73806,2401751382,512
73807,2401783516,512
73808,2401818394,512
73809,2401850585,512
73810,2401882652,512
73811,2401914746,512
73812,2401946816,512
73813,2401978878,512
73814,2402011909,512
73815,2402046001,512
73816,2402078336,512
73817,2402110490,512
73818,2402142691,512
73819,2402174735,512
73820,2402206872,512
73821,2402238923,512
73822,2402270954,512
73823,2402303034,512
73824,2402337714,512
73825,2402370170,512
73826,2402402219,512
73827,2402434387,512
73828,2402466563,512
73829,2402498749,512
73830,2402530878,512
73831,2402565061,512
73832,2402597341,512
73833,2402630606,512
73834,2402662658,512
73835,2402694658,512
73836,2402730266,512
73837,2402762266,512
73838,2402794372,512
73839,2402826377,512
73840,2402858498,512
73841,2402890516,512
73842,2402922532,512
73843,2402956890,512
73844,2402988894,512
73845,2403021149,512
73846,2403053490,512
73847,2403085546,512
73848,2403117591,512
73849,2403149602,512
73850,2403181715,512
73851,2403213938,512
73852,2403246005,512
73853,2403278100,512
73854,2403312771,512
73855,2403346309,512
73856,2403380538,512
73857,2403412865,512
73858,2403446927,512
73859,2403480776,512
73860,2403513050,512
73861,2403545050,512
73862,2403577221,512
73863,2403609274,512
73864,2403641353,512
73865,2403673411,512
73866,2403705540,512
73867,2403737666,512
73868,2403772341,512
73869,2403804538,512
73870,2403836873,512
73871,2403869019,512
73872,2403901026,512
73873,2403933103,512
73874,2403965261,512
73875,2403997398,512
73876,2404029469,512
73877,2404064351,512
73878,2404096547,512
73879,2404128586,512
73880,2404161259,512
73881,2404193319,512
73882,2404227689,512
73883,2404260151,512
73884,2404292516,512
73885,2404324746,512
73886,2404356843,512
73887,2404388935,512
73888,2404420975,512
73890,2404485135,512
73892,2404552332,512
73893,2404584353,512
73894,2404616375,512
73895,2404648461,512
73896,2404680689,512
73897,2404712831,512
73898,2404744922,512
73899,2404778261,512
73900,2404811633,512
73901,2404843937,512
73902,2404875998,512
73903,2404908190,512
73904,2404940275,512
73905,2404972351,512
73906,2405004418,512
73907,2405036516,512
73908,2405068547,512
73909,2405100623,512
73910,2405135498,512
73911,2405167794,512
73912,2405199906,512
73913,2405232076,512
73914,2405264108,512
73915,2405296252,512
73916,2405328260,512
73917,2405360298,512
73918,2405393550,512
73919,2405427051,512
73920,2405459372,512
73921,2405492835,512
73922,2405527087,512
73923,2405559383,512
73924,2405591548,512
73925,2405623593,512
73926,2405655600,512
73927,2405687716,512
73928,2405719745,512
73929,2405751910,512
73930,2405783989,512
73931,2405818693,512
73932,2405851009,512
73933,2405883227,512
73934,2405915229,512
73935,2405947335,512
73936,2405979469,512
73937,2406011801,512
73938,2406046041,512
73939,2406078373,512
73940,2406112112,512
73941,2406146164,512
73942,2406178359,512
73943,2406211304,512
73944,2406243358,512
73945,2406275466,512
73946,2406307532,512
73947,2406339584,512
73948,2406374186,512
73949,2406406215,512
73950,2406438722,512
73951,2406470887,512
73952,2406502897,512
73953,2406535047,512
73954,2406567113,512
73955,2406599180,512
73956,2406631222,512
73957,2406665543,512
73958,2406698046,512
73959,2406730347,512
73960,2406762418,512
73961,2406794606,512
73962,2406827158,512
73963,2406861437,512
73964,2406893682,512
73965,2406928331,512
73966,2406961722,512
73967,2406994042,512
73968,2407026245,512
73969,2407058331,512
73970,2407090417,512
73971,2407122416,512
73972,2407154489,512
73973,2407186599,512
73974,2407218774,512
73975,2407253412,512
73976,2407285437,512
73977,2407317798,512
73978,2407349963,512
73979,2407382165,512
73980,2407414201,512
73981,2407446222,512
73982,2407478398,512
73983,2407510562,512
73984,2407542967,512
73985,2407577046,512
73986,2407609140,512
73987,2407641141,512
73988,2407673470,512
73989,2407705494,512
73990,2407737592,512
73991,2407769753,512
73992,2407801846,512
73993,2407833862,512
73994,2407865926,512
73995,2407898026,512
73996,2407930183,512
73997,2407964892,512
73998,2407996921,512
73999,2408029262,512
74000,2408061451,512
74001,2408093516,512
74002,2408125576,512
74003,2408157616,512
74004,2408189732,512
74005,2408221766,512
74006,2408253773,512
74007,2408285864,512
74008,2408320576,512
74009,2408352944,512
74010,2408385049,512
74011,2408417217,512
74012,2408449377,512
74013,2408481694,512
74014,2408516292,512
74015,2408548305,512
74016,2408580418,512
74017,2408613055,512
74018,2408645070,512
74019,2408677122,512
74020,2408709230,512
74021,2408741230,512
74022,2408773499,512
74023,2408807849,512
74024,2408840172,512
74025,2408874073,512
74026,2408908504,512
74027,2408940641,512
74028,2408975095,512
74029,2409007919,512
74030,2409040324,512
74031,2409072346,512
74032,2409104628,512
74033,2409136691,512
74034,2409168799,512
74035,2409200825,512
74036,2409232897,512
74037,2409264916,512
74038,2409299614,512
74039,2409331742,512
74040,2409364159,512
74041,2409397798,512
74042,2409431702,512
74043,2409463969,512
74044,2409496033,512
74045,2409528113,512
74046,2409560260,512
74047,2409593167,512
74048,2409627299,512
74049,2409659456,512
74050,2409693459,512
74051,2409727238,512
74052,2409759632,512
74053,2409793232,512
74054,2409827190,512
74055,2409859286,512
74056,2409891297,512
74057,2409923637,512
74058,2409955695,512
74059,2409987881,512
74060,2410019945,512
74061,2410051982,512
74062,2410084140,512
74063,2410116184,512
74064,2410150804,512
74065,2410182949,512
74066,2410215391,512
74067,2410247575,512
74068,2410279689,512
74069,2410311804,512
74070,2410343820,512
74071,2410375889,512
74072,2410408700,512
74073,2410442641,512
74074,2410475056,512
74075,2410507292,512
74076,2410539334,512
74077,2410571511,512
74078,2410603702,512
74079,2410635758,512
74080,2410667798,512
74081,2410702371,512
74082,2410734442,512
74083,2410766545,512
74084,2410798960,512
74085,2410830967,512
74086,2410862978,512
74087,2410895173,512
74088,2410927217,512
74089,2410959298,512
74090,2410991417,512
74091,2411024302,512
74092,2411057943,512
74093,2411089972,512
74094,2411122318,512
74095,2411154605,512
74096,2411186676,512
74097,2411218831,512
74098,2411250982,512
74099,2411283064,512
74100,2411315164,512
74101,2411347189,512
74102,2411381873,512
74103,2411414293,512
74104,2411446326,512
74105,2411478372,512
74106,2411510532,512
74107,2411542769,512
74108,2411575004,512
74109,2411609673,512
74110,2411641925,512
74111,2411674063,512
74112,2411706194,512
74113,2411739569,512
74114,2411773521,512
74115,2411805848,512
74116,2411838082,512
74117,2411870237,512
74118,2411902250,512
74119,2411934260,512
74120,2411966359,512
74121,2411998488,512
74122,2412030547,512
74123,2412062657,512
74124,2412094657,512
74125,2412129376,512
74126,2412161541,512
74127,2412193676,512
74128,2412225730,512
74129,2412258199,512
74130,2412290196,512
74131,2412322254,512
74132,2412355455,512
74133,2412389054,512
74134,2412421180,512
74135,2412453511,512
74136,2412485587,512
74137,2412517747,512
74138,2412549828,512
74139,2412581897,512
74140,2412613904,512
74141,2412645981,512
74142,2412678162,512
74143,2412712895,512
74144,2412745298,512
74145,2412777419,512
74146,2412809436,512
74147,2412841628,512
74148,2412874077,512
74149,2412908688,512
74150,2412941126,512
74151,2412973617,512
74152,2413005750,512
74153,2413040425,512
74154,2413074065,512
74155,2413108382,512
74156,2413140393,512
74157,2413174867,512
74158,2413208345,512
74159,2413240741,512
74160,2413272766,512
74161,2413304854,512
74162,2413336915,512
74163,2413369012,512
74164,2413401079,512
74165,2413433104,512
74166,2413465148,512
74167,2413497237,512
74168,2413529300,512
74169,2413561359,512
74170,2413595730,512
74171,2413627931,512
74172,2413660225,512
74173,2413692718,512
74174,2413724732,512
74175,2413756733,512
74176,2413789216,512
74177,2413823854,512
74178,2413856189,512
74179,2413889749,512
74180,2413923781,512
74181,2413956165,512
74182,2413988159,512
74183,2414020180,512
74184,2414052360,512
74185,2414084400,512
74186,2414116584,512
74187,2414148613,512
74188,2414180799,512
74189,2414215406,512
74190,2414247469,512
74191,2414279929,512
74192,2414312129,512
74193,2414344193,512
74194,2414376385,512
74195,2414408531,512
74196,2414442879,512
74197,2414475307,512
74198,2414508781,512
74199,2414543390,512
74200,2414576537,512
74201,2414608602,512
74202,2414643135,512
74203,2414675135,512
74204,2414709096,512
74205,2414743119,512
74206,2414775405,512
74207,2414807550,512
74208,2414839632,512
74209,2414871675,512
74210,2414903690,512
74211,2414935795,512
74212,2414967954,512
74213,2415000139,512
74214,2415034722,512
74215,2415067254,512
74216,2415099321,512
74217,2415131381,512
74218,2415163438,512
74219,2415195622,512
74220,2415227793,512
74221,2415259862,512
74222,2415291910,512
74223,2415324697,512
74224,2415358411,512
74225,2415390706,512
74226,2415422880,512
74227,2415455031,512
74228,2415487217,512
74229,2415519403,512
74230,2415551456,512
74231,2415583548,512
74232,2415615642,512
74233,2415650566,512
74234,2415682702,512
74235,2415714725,512
74236,2415746780,512
74237,2415778821,512
74238,2415810924,512
74239,2415843636,512
74240,2415877762,512
74241,2415910107,512
74242,2415942575,512
74243,2415974584,512
74244,2416006639,512
74245,2416039851,512
74246,2416073915,512
74247,2416106178,512
74248,2416138384,512
74249,2416170486,512
74250,2416202623,512
74251,2416234740,512
74252,2416266873,512
74253,2416298933,512
74254,2416333708,512
74255,2416366043,512
74256,2416398136,512
74257,2416430287,512
74258,2416462465,512
74259,2416494482,512
74260,2416526613,512
74261,2416558656,512
74262,2416590716,512
74263,2416625379,512
74264,2416659217,512
74265,2416693324,512
74266,2416725406,512
74267,2416758776,512
74268,2416793004,512
74269,2416825213,512
74270,2416859160,512
74271,2416893197,512
74272,2416925600,512
74273,2416957781,512
74274,2416989922,512
74275,2417022055,512
74276,2417054170,512
74277,2417086235,512
74278,2417120910,512
74279,2417153437,512
74280,2417185509,512
74281,2417217702,512
74282,2417249709,512
74283,2417281832,512
74284,2417313926,512
74285,2417346037,512
74286,2417380730,512
74287,2417412926,512
74288,2417445126,512
74289,2417478373,512
74290,2417512400,512
74291,2417544662,512
74292,2417578957,512
74293,2417612359,512
74294,2417644425,512
74295,2417678465,512
74296,2417712518,512
74297,2417744526,512
74298,2417776892,512
74299,2417809042,512
74300,2417841225,512
74301,2417873311,512
74302,2417905329,512
74303,2417937375,512
74304,2417969489,512
74305,2418001511,512
74306,2418036255,512
74307,2418068682,512
74308,2418100832,512
74309,2418132837,512
74310,2418164897,512
74311,2418197027,512
74312,2418229228,512
74313,2418261334,512
74314,2418294403,512
74315,2418328021,512
74316,2418360249,512
74317,2418392405,512
74318,2418424462,512
74319,2418456482,512
74320,2418488551,512
74321,2418520614,512
74322,2418552686,512
74323,2418584751,512
74324,2418616791,512
74325,2418648843,512
74326,2418680876,512
74327,2418712905,512
74328,2418744949,512
74329,2418779733,512
74330,2418812061,512
74331,2418844233,512
74332,2418876261,512
74333,2418909366,512
74334,2418943431,512
74335,2418975766,512
74336,2419009395,512
74337,2419043403,512
74338,2419075819,512
74339,2419107886,512
74340,2419140074,512
74341,2419172091,512
74342,2419204178,512
74343,2419236331,512
74344,2419268399,512
74345,2419300465,512
74346,2419335067,512
74347,2419367521,512
74348,2419399700,512
74349,2419431705,512
74350,2419463773,512
74351,2419495811,512
74352,2419527980,512
74353,2419560075,512
74354,2419592194,512
74355,2419624853,512
74356,2419658794,512
74357,2419690828,512
74358,2419722882,512
74359,2419755098,512
74360,2419787181,512
74361,2419819277,512
74362,2419851368,512
74363,2419883405,512
74364,2419915479,512
74365,2419947634,512
74366,2419979781,512
74367,2420011871,512
74368,2420046511,512
74369,2420078526,512
74370,2420110791,512
74371,2420143079,512
74372,2420175174,512
74373,2420207362,512
74374,2420240750,512
74375,2420274377,512
74376,2420306726,512
74377,2420338746,512
74378,2420370892,512
74379,2420402924,512
74380,2420434957,512
74381,2420466966,512
74382,2420499154,512
74383,2420531240,512
74384,2420563272,512
74385,2420595363,512
74386,2420629977,512
74387,2420661989,512
74388,2420694049,512
74389,2420726312,512
74390,2420758568,512
74391,2420790619,512
74392,2420822794,512
74393,2420854934,512
74394,2420889742,512
74395,2420922197,512
74396,2420955677,512
74397,2420989709,512
74398,2421022090,512
74399,2421054161,512
74400,2421086335,512
74401,2421118431,512
74402,2421150461,512
74403,2421182541,512
74404,2421214591,512
74405,2421246750,512
74406,2421281364,512
74407,2421313560,512
74408,2421345890,512
74409,2421378082,512
74410,2421410221,512
74411,2421442258,512
74412,2421474331,512
74413,2421506455,512
74414,2421538461,512
74415,2421571507,512
74416,2421605005,512
74417,2421637214,512
74418,2421669250,512
74419,2421701476,512
74420,2421733621,512
74421,2421765696,512
74422,2421797883,512
74423,2421829904,512
74424,2421862101,512
74425,2421894168,512
74426,2421926215,512
74427,2421960734,512
74428,2421992841,512
74429,2422025177,512
74430,2422057308,512
74431,2422089769,512
74432,2422121871,512
74433,2422153993,512
74434,2422186873,512
74435,2422220502,512
74436,2422252579,512
74437,2422286472,512
74438,2422320541,512
74439,2422352718,512
74440,2422385068,512
74441,2422417116,512
74442,2422449125,512
74443,2422481135,512
74444,2422513312,512
74445,2422545355,512
74446,2422577400,512
74447,2422609422,512
74448,2422641551,512
74449,2422673586,512
74450,2422708110,512
74451,2422740245,512
74452,2422772601,512
74453,2422804784,512
74454,2422836898,512
74455,2422868943,512
74456,2422902647,512
74457,2422935952,512
74458,2422968039,512
74459,2423000040,512
74460,2423032303,512
74461,2423064396,512
74462,2423096594,512
74463,2423128663,512
74464,2423160840,512
74465,2423192964,512
74466,2423225009,512
74467,2423257065,512
74468,2423291609,512
74469,2423323998,512
74470,2423356126,512
74471,2423388248,512
74472,2423420279,512
74473,2423452462,512
74474,2423484639,512
74475,2423517422,512
74476,2423551427,512
74477,2423583507,512
74478,2423617239,512
74479,2423651455,512
74480,2423683778,512
74481,2423715965,512
74482,2423748060,512
74483,2423780122,512
74484,2423812315,512
74485,2423844431,512
74486,2423876549,512
74487,2423911119,512
74488,2423943566,512
